﻿<?xml version="1.0" encoding="UTF-8"?>
<devices>
  <device xmlns:xsi="http://www.w3.org/2001/XMLSchema-instance" xmlns="http://www.fda.gov/cdrh/gudid">
    <publicDeviceRecordKey>c46d5210-db81-4de9-b4ed-11b2f865ae9d</publicDeviceRecordKey>
    <publicVersionStatus>Update</publicVersionStatus>
    <deviceRecordStatus>Published</deviceRecordStatus>
    <!--Note: publicVersionNumber is system generated and assigned to all device records to track public release updates to a device record-->
    <publicVersionNumber>4</publicVersionNumber>
    <publicVersionDate>2024-05-29</publicVersionDate>
    <devicePublishDate>2016-05-01</devicePublishDate>
    <deviceCommDistributionEndDate>2023-12-06</deviceCommDistributionEndDate>
    <deviceCommDistributionStatus>Not in Commercial Distribution</deviceCommDistributionStatus>
    <identifiers>
      <identifier>
        <deviceId>00643169523272</deviceId>
        <deviceIdType>Primary</deviceIdType>
        <deviceIdIssuingAgency>GS1</deviceIdIssuingAgency>
        <containsDINumber xsi:nil="true" />
        <pkgQuantity xsi:nil="true" />
        <pkgDiscontinueDate xsi:nil="true" />
        <pkgStatus xsi:nil="true" />
        <pkgType xsi:nil="true" />
      </identifier>
    </identifiers>
    <brandName>AIRvance®</brandName>
    <versionModelNumber>76310200M</versionModelNumber>
    <catalogNumber xsi:nil="true" />
    <dunsNumber>835465063</dunsNumber>
    <companyName>MEDTRONIC XOMED, INC.</companyName>
    <deviceCount>1</deviceCount>
    <deviceDescription>BONE SCREW 76310200M AIRVANCE</deviceDescription>
    <DMExempt>false</DMExempt>
    <premarketExempt>false</premarketExempt>
    <deviceHCTP>false</deviceHCTP>
    <deviceKit>false</deviceKit>
    <deviceCombinationProduct>false</deviceCombinationProduct>
    <singleUse>true</singleUse>
    <lotBatch>true</lotBatch>
    <serialNumber>false</serialNumber>
    <manufacturingDate>false</manufacturingDate>
    <expirationDate>false</expirationDate>
    <donationIdNumber>false</donationIdNumber>
    <labeledContainsNRL>false</labeledContainsNRL>
    <labeledNoNRL>false</labeledNoNRL>
    <MRISafetyStatus>Labeling does not contain MRI Safety Information</MRISafetyStatus>
    <rx>true</rx>
    <otc>false</otc>
    <contacts>
      <customerContact>
        <phone>+1(800)633-8766</phone>
        <phoneExtension xsi:nil="true" />
        <email>Corporate.UDI@medtronic.com</email>
      </customerContact>
    </contacts>
    <premarketSubmissions>
      <premarketSubmission>
        <submissionNumber>K122391</submissionNumber>
        <supplementNumber>000</supplementNumber>
      </premarketSubmission>
    </premarketSubmissions>
    <gmdnTerms>
      <gmdn>
        <gmdnCode>61483</gmdnCode>
        <gmdnPTName>Sleep apnoea tongue implant, non-bioabsorbable</gmdnPTName>
        <gmdnPTDefinition>A sterile device intended to be implanted into the tongue to help increase airway patency by anterior advancement and physical stabilization of the tongue in the management of obstructive sleep apnoea (OSA). It is in the form of a non-bioabsorbable looped thread implanted in the base of the tongue, attached anteriorly to the mandible with a bone anchor. Disposable devices associated with implantation may be included.</gmdnPTDefinition>
        <implantable>true</implantable>
        <gmdnCodeStatus>Active</gmdnCodeStatus>
      </gmdn>
    </gmdnTerms>
    <productCodes>
      <fdaProductCode>
        <productCode>LRK</productCode>
        <productCodeName>Device, anti-snoring</productCodeName>
      </fdaProductCode>
    </productCodes>
    <deviceSizes />
    <environmentalConditions />
    <sterilization>
      <deviceSterile>true</deviceSterile>
      <sterilizationPriorToUse>false</sterilizationPriorToUse>
      <methodTypes />
    </sterilization>
  </device>
  <device xmlns:xsi="http://www.w3.org/2001/XMLSchema-instance" xmlns="http://www.fda.gov/cdrh/gudid">
    <publicDeviceRecordKey>49ba8aaf-30f3-4329-be0f-c94f67826a76</publicDeviceRecordKey>
    <publicVersionStatus>Update</publicVersionStatus>
    <deviceRecordStatus>Published</deviceRecordStatus>
    <!--Note: publicVersionNumber is system generated and assigned to all device records to track public release updates to a device record-->
    <publicVersionNumber>4</publicVersionNumber>
    <publicVersionDate>2024-05-22</publicVersionDate>
    <devicePublishDate>2016-05-01</devicePublishDate>
    <deviceCommDistributionEndDate>2023-12-06</deviceCommDistributionEndDate>
    <deviceCommDistributionStatus>Not in Commercial Distribution</deviceCommDistributionStatus>
    <identifiers>
      <identifier>
        <deviceId>00643169523265</deviceId>
        <deviceIdType>Primary</deviceIdType>
        <deviceIdIssuingAgency>GS1</deviceIdIssuingAgency>
        <containsDINumber xsi:nil="true" />
        <pkgQuantity xsi:nil="true" />
        <pkgDiscontinueDate xsi:nil="true" />
        <pkgStatus xsi:nil="true" />
        <pkgType xsi:nil="true" />
      </identifier>
    </identifiers>
    <brandName>AIRvance®</brandName>
    <versionModelNumber>76353200M</versionModelNumber>
    <catalogNumber xsi:nil="true" />
    <dunsNumber>835465063</dunsNumber>
    <companyName>MEDTRONIC XOMED, INC.</companyName>
    <deviceCount>1</deviceCount>
    <deviceDescription>BONE SCREW 76353200M AIRVANCE SYS ROHS</deviceDescription>
    <DMExempt>false</DMExempt>
    <premarketExempt>false</premarketExempt>
    <deviceHCTP>false</deviceHCTP>
    <deviceKit>false</deviceKit>
    <deviceCombinationProduct>false</deviceCombinationProduct>
    <singleUse>true</singleUse>
    <lotBatch>true</lotBatch>
    <serialNumber>false</serialNumber>
    <manufacturingDate>false</manufacturingDate>
    <expirationDate>false</expirationDate>
    <donationIdNumber>false</donationIdNumber>
    <labeledContainsNRL>false</labeledContainsNRL>
    <labeledNoNRL>false</labeledNoNRL>
    <MRISafetyStatus>Labeling does not contain MRI Safety Information</MRISafetyStatus>
    <rx>true</rx>
    <otc>false</otc>
    <contacts>
      <customerContact>
        <phone>+1(800)633-8766</phone>
        <phoneExtension xsi:nil="true" />
        <email>Corporate.UDI@medtronic.com</email>
      </customerContact>
    </contacts>
    <premarketSubmissions>
      <premarketSubmission>
        <submissionNumber>K122391</submissionNumber>
        <supplementNumber>000</supplementNumber>
      </premarketSubmission>
    </premarketSubmissions>
    <gmdnTerms>
      <gmdn>
        <gmdnCode>61483</gmdnCode>
        <gmdnPTName>Sleep apnoea tongue implant, non-bioabsorbable</gmdnPTName>
        <gmdnPTDefinition>A sterile device intended to be implanted into the tongue to help increase airway patency by anterior advancement and physical stabilization of the tongue in the management of obstructive sleep apnoea (OSA). It is in the form of a non-bioabsorbable looped thread implanted in the base of the tongue, attached anteriorly to the mandible with a bone anchor. Disposable devices associated with implantation may be included.</gmdnPTDefinition>
        <implantable>true</implantable>
        <gmdnCodeStatus>Active</gmdnCodeStatus>
      </gmdn>
    </gmdnTerms>
    <productCodes>
      <fdaProductCode>
        <productCode>LRK</productCode>
        <productCodeName>Device, anti-snoring</productCodeName>
      </fdaProductCode>
    </productCodes>
    <deviceSizes />
    <environmentalConditions />
    <sterilization>
      <deviceSterile>true</deviceSterile>
      <sterilizationPriorToUse>false</sterilizationPriorToUse>
      <methodTypes />
    </sterilization>
  </device>
  <device xmlns:xsi="http://www.w3.org/2001/XMLSchema-instance" xmlns="http://www.fda.gov/cdrh/gudid">
    <publicDeviceRecordKey>2b9667d4-d5d1-4421-aa3a-970df8776652</publicDeviceRecordKey>
    <publicVersionStatus>Update</publicVersionStatus>
    <deviceRecordStatus>Published</deviceRecordStatus>
    <!--Note: publicVersionNumber is system generated and assigned to all device records to track public release updates to a device record-->
    <publicVersionNumber>3</publicVersionNumber>
    <publicVersionDate>2018-07-06</publicVersionDate>
    <devicePublishDate>2016-04-03</devicePublishDate>
    <deviceCommDistributionEndDate xsi:nil="true" />
    <deviceCommDistributionStatus>In Commercial Distribution</deviceCommDistributionStatus>
    <identifiers>
      <identifier>
        <deviceId>00643169134577</deviceId>
        <deviceIdType>Primary</deviceIdType>
        <deviceIdIssuingAgency>GS1</deviceIdIssuingAgency>
        <containsDINumber xsi:nil="true" />
        <pkgQuantity xsi:nil="true" />
        <pkgDiscontinueDate xsi:nil="true" />
        <pkgStatus xsi:nil="true" />
        <pkgType xsi:nil="true" />
      </identifier>
    </identifiers>
    <brandName>GRAFTON® DBM</brandName>
    <versionModelNumber>T43105INT</versionModelNumber>
    <catalogNumber xsi:nil="true" />
    <dunsNumber>830350380</dunsNumber>
    <companyName>MEDTRONIC SOFAMOR DANEK, INC.</companyName>
    <deviceCount>1</deviceCount>
    <deviceDescription>DBM T43105INT 5CC GRAFTON PUTTY</deviceDescription>
    <DMExempt>false</DMExempt>
    <premarketExempt>false</premarketExempt>
    <deviceHCTP>true</deviceHCTP>
    <deviceKit>false</deviceKit>
    <deviceCombinationProduct>false</deviceCombinationProduct>
    <singleUse>true</singleUse>
    <lotBatch>false</lotBatch>
    <serialNumber>true</serialNumber>
    <manufacturingDate>false</manufacturingDate>
    <expirationDate>false</expirationDate>
    <donationIdNumber>true</donationIdNumber>
    <labeledContainsNRL>false</labeledContainsNRL>
    <labeledNoNRL>false</labeledNoNRL>
    <MRISafetyStatus>MR Safe</MRISafetyStatus>
    <rx>true</rx>
    <otc>false</otc>
    <contacts>
      <customerContact>
        <phone>+1(800)633-8766</phone>
        <phoneExtension xsi:nil="true" />
        <email>Corporate.UDI@medtronic.com</email>
      </customerContact>
    </contacts>
    <premarketSubmissions>
      <premarketSubmission>
        <submissionNumber>K051188</submissionNumber>
        <supplementNumber>000</supplementNumber>
      </premarketSubmission>
    </premarketSubmissions>
    <gmdnTerms>
      <gmdn>
        <gmdnCode>47257</gmdnCode>
        <gmdnPTName>Bone matrix implant, human-derived</gmdnPTName>
        <gmdnPTDefinition>An sterile implantable device made primarily of human demineralized bone matrix (DBM) (acid extraction of allogeneic bone resulting in loss of most of the mineralized component but retention of proteins) intended to fill bony voids or gaps caused by trauma or surgery, including use in the maxillofacial and/or mandibular bone. The device is bioabsorbable, osteoconductive, and has demonstrated at least potential osteoinductivity for the stimulation of new bone growth. The DBM may be combined with various carrier compounds (e.g., gelatin, hydrogel, starch) or other materials. It is available in the form of powder, crushed granules, putty, chips, or a gel that can be injected through a syringe.</gmdnPTDefinition>
        <implantable>true</implantable>
        <gmdnCodeStatus>Active</gmdnCodeStatus>
      </gmdn>
    </gmdnTerms>
    <productCodes>
      <fdaProductCode>
        <productCode>NUN</productCode>
        <productCodeName>BONE GRAFTING MATERIAL, HUMAN SOURCE</productCodeName>
      </fdaProductCode>
    </productCodes>
    <deviceSizes>
      <deviceSize>
        <sizeType>Device Size Text, specify</sizeType>
        <size value="" unit="" />
        <sizeText>5cc</sizeText>
      </deviceSize>
    </deviceSizes>
    <environmentalConditions />
    <sterilization>
      <deviceSterile>true</deviceSterile>
      <sterilizationPriorToUse>false</sterilizationPriorToUse>
      <methodTypes />
    </sterilization>
  </device>
  <device xmlns:xsi="http://www.w3.org/2001/XMLSchema-instance" xmlns="http://www.fda.gov/cdrh/gudid">
    <publicDeviceRecordKey>4b44e4b5-475b-4238-85fd-a57e45065ec0</publicDeviceRecordKey>
    <publicVersionStatus>Update</publicVersionStatus>
    <deviceRecordStatus>Published</deviceRecordStatus>
    <!--Note: publicVersionNumber is system generated and assigned to all device records to track public release updates to a device record-->
    <publicVersionNumber>3</publicVersionNumber>
    <publicVersionDate>2018-07-06</publicVersionDate>
    <devicePublishDate>2016-04-03</devicePublishDate>
    <deviceCommDistributionEndDate xsi:nil="true" />
    <deviceCommDistributionStatus>In Commercial Distribution</deviceCommDistributionStatus>
    <identifiers>
      <identifier>
        <deviceId>00643169134560</deviceId>
        <deviceIdType>Primary</deviceIdType>
        <deviceIdIssuingAgency>GS1</deviceIdIssuingAgency>
        <containsDINumber xsi:nil="true" />
        <pkgQuantity xsi:nil="true" />
        <pkgDiscontinueDate xsi:nil="true" />
        <pkgStatus xsi:nil="true" />
        <pkgType xsi:nil="true" />
      </identifier>
    </identifiers>
    <brandName>GRAFTON® DBM</brandName>
    <versionModelNumber>T43103INT</versionModelNumber>
    <catalogNumber xsi:nil="true" />
    <dunsNumber>830350380</dunsNumber>
    <companyName>MEDTRONIC SOFAMOR DANEK, INC.</companyName>
    <deviceCount>1</deviceCount>
    <deviceDescription>DBM T43103INT 2.5CC GRAFTON PUTTY</deviceDescription>
    <DMExempt>false</DMExempt>
    <premarketExempt>false</premarketExempt>
    <deviceHCTP>true</deviceHCTP>
    <deviceKit>false</deviceKit>
    <deviceCombinationProduct>false</deviceCombinationProduct>
    <singleUse>true</singleUse>
    <lotBatch>false</lotBatch>
    <serialNumber>true</serialNumber>
    <manufacturingDate>false</manufacturingDate>
    <expirationDate>false</expirationDate>
    <donationIdNumber>true</donationIdNumber>
    <labeledContainsNRL>false</labeledContainsNRL>
    <labeledNoNRL>false</labeledNoNRL>
    <MRISafetyStatus>MR Safe</MRISafetyStatus>
    <rx>true</rx>
    <otc>false</otc>
    <contacts>
      <customerContact>
        <phone>+1(800)633-8766</phone>
        <phoneExtension xsi:nil="true" />
        <email>Corporate.UDI@medtronic.com</email>
      </customerContact>
    </contacts>
    <premarketSubmissions>
      <premarketSubmission>
        <submissionNumber>K051188</submissionNumber>
        <supplementNumber>000</supplementNumber>
      </premarketSubmission>
    </premarketSubmissions>
    <gmdnTerms>
      <gmdn>
        <gmdnCode>47257</gmdnCode>
        <gmdnPTName>Bone matrix implant, human-derived</gmdnPTName>
        <gmdnPTDefinition>An sterile implantable device made primarily of human demineralized bone matrix (DBM) (acid extraction of allogeneic bone resulting in loss of most of the mineralized component but retention of proteins) intended to fill bony voids or gaps caused by trauma or surgery, including use in the maxillofacial and/or mandibular bone. The device is bioabsorbable, osteoconductive, and has demonstrated at least potential osteoinductivity for the stimulation of new bone growth. The DBM may be combined with various carrier compounds (e.g., gelatin, hydrogel, starch) or other materials. It is available in the form of powder, crushed granules, putty, chips, or a gel that can be injected through a syringe.</gmdnPTDefinition>
        <implantable>true</implantable>
        <gmdnCodeStatus>Active</gmdnCodeStatus>
      </gmdn>
    </gmdnTerms>
    <productCodes>
      <fdaProductCode>
        <productCode>NUN</productCode>
        <productCodeName>BONE GRAFTING MATERIAL, HUMAN SOURCE</productCodeName>
      </fdaProductCode>
    </productCodes>
    <deviceSizes>
      <deviceSize>
        <sizeType>Device Size Text, specify</sizeType>
        <size value="" unit="" />
        <sizeText>2.5cc</sizeText>
      </deviceSize>
    </deviceSizes>
    <environmentalConditions />
    <sterilization>
      <deviceSterile>true</deviceSterile>
      <sterilizationPriorToUse>false</sterilizationPriorToUse>
      <methodTypes />
    </sterilization>
  </device>
  <device xmlns:xsi="http://www.w3.org/2001/XMLSchema-instance" xmlns="http://www.fda.gov/cdrh/gudid">
    <publicDeviceRecordKey>6be27c62-124c-4632-9930-aa8bc917d92e</publicDeviceRecordKey>
    <publicVersionStatus>Update</publicVersionStatus>
    <deviceRecordStatus>Published</deviceRecordStatus>
    <!--Note: publicVersionNumber is system generated and assigned to all device records to track public release updates to a device record-->
    <publicVersionNumber>3</publicVersionNumber>
    <publicVersionDate>2018-07-06</publicVersionDate>
    <devicePublishDate>2016-04-03</devicePublishDate>
    <deviceCommDistributionEndDate xsi:nil="true" />
    <deviceCommDistributionStatus>In Commercial Distribution</deviceCommDistributionStatus>
    <identifiers>
      <identifier>
        <deviceId>00643169134553</deviceId>
        <deviceIdType>Primary</deviceIdType>
        <deviceIdIssuingAgency>GS1</deviceIdIssuingAgency>
        <containsDINumber xsi:nil="true" />
        <pkgQuantity xsi:nil="true" />
        <pkgDiscontinueDate xsi:nil="true" />
        <pkgStatus xsi:nil="true" />
        <pkgType xsi:nil="true" />
      </identifier>
    </identifiers>
    <brandName>GRAFTON® DBM</brandName>
    <versionModelNumber>T43102INT</versionModelNumber>
    <catalogNumber xsi:nil="true" />
    <dunsNumber>830350380</dunsNumber>
    <companyName>MEDTRONIC SOFAMOR DANEK, INC.</companyName>
    <deviceCount>1</deviceCount>
    <deviceDescription>DBM T43102INT 1CC GRAFTON PUTTY</deviceDescription>
    <DMExempt>false</DMExempt>
    <premarketExempt>false</premarketExempt>
    <deviceHCTP>true</deviceHCTP>
    <deviceKit>false</deviceKit>
    <deviceCombinationProduct>false</deviceCombinationProduct>
    <singleUse>true</singleUse>
    <lotBatch>false</lotBatch>
    <serialNumber>true</serialNumber>
    <manufacturingDate>false</manufacturingDate>
    <expirationDate>false</expirationDate>
    <donationIdNumber>true</donationIdNumber>
    <labeledContainsNRL>false</labeledContainsNRL>
    <labeledNoNRL>false</labeledNoNRL>
    <MRISafetyStatus>MR Safe</MRISafetyStatus>
    <rx>true</rx>
    <otc>false</otc>
    <contacts>
      <customerContact>
        <phone>+1(800)633-8766</phone>
        <phoneExtension xsi:nil="true" />
        <email>Corporate.UDI@medtronic.com</email>
      </customerContact>
    </contacts>
    <premarketSubmissions>
      <premarketSubmission>
        <submissionNumber>K051188</submissionNumber>
        <supplementNumber>000</supplementNumber>
      </premarketSubmission>
    </premarketSubmissions>
    <gmdnTerms>
      <gmdn>
        <gmdnCode>47257</gmdnCode>
        <gmdnPTName>Bone matrix implant, human-derived</gmdnPTName>
        <gmdnPTDefinition>An sterile implantable device made primarily of human demineralized bone matrix (DBM) (acid extraction of allogeneic bone resulting in loss of most of the mineralized component but retention of proteins) intended to fill bony voids or gaps caused by trauma or surgery, including use in the maxillofacial and/or mandibular bone. The device is bioabsorbable, osteoconductive, and has demonstrated at least potential osteoinductivity for the stimulation of new bone growth. The DBM may be combined with various carrier compounds (e.g., gelatin, hydrogel, starch) or other materials. It is available in the form of powder, crushed granules, putty, chips, or a gel that can be injected through a syringe.</gmdnPTDefinition>
        <implantable>true</implantable>
        <gmdnCodeStatus>Active</gmdnCodeStatus>
      </gmdn>
    </gmdnTerms>
    <productCodes>
      <fdaProductCode>
        <productCode>NUN</productCode>
        <productCodeName>BONE GRAFTING MATERIAL, HUMAN SOURCE</productCodeName>
      </fdaProductCode>
    </productCodes>
    <deviceSizes>
      <deviceSize>
        <sizeType>Device Size Text, specify</sizeType>
        <size value="" unit="" />
        <sizeText>1cc</sizeText>
      </deviceSize>
    </deviceSizes>
    <environmentalConditions />
    <sterilization>
      <deviceSterile>true</deviceSterile>
      <sterilizationPriorToUse>false</sterilizationPriorToUse>
      <methodTypes />
    </sterilization>
  </device>
  <device xmlns:xsi="http://www.w3.org/2001/XMLSchema-instance" xmlns="http://www.fda.gov/cdrh/gudid">
    <publicDeviceRecordKey>5e3ca138-07ae-4fe3-bbb0-5c4958c5bf6b</publicDeviceRecordKey>
    <publicVersionStatus>Update</publicVersionStatus>
    <deviceRecordStatus>Published</deviceRecordStatus>
    <!--Note: publicVersionNumber is system generated and assigned to all device records to track public release updates to a device record-->
    <publicVersionNumber>3</publicVersionNumber>
    <publicVersionDate>2018-07-06</publicVersionDate>
    <devicePublishDate>2016-04-03</devicePublishDate>
    <deviceCommDistributionEndDate xsi:nil="true" />
    <deviceCommDistributionStatus>In Commercial Distribution</deviceCommDistributionStatus>
    <identifiers>
      <identifier>
        <deviceId>00643169134546</deviceId>
        <deviceIdType>Primary</deviceIdType>
        <deviceIdIssuingAgency>GS1</deviceIdIssuingAgency>
        <containsDINumber xsi:nil="true" />
        <pkgQuantity xsi:nil="true" />
        <pkgDiscontinueDate xsi:nil="true" />
        <pkgStatus xsi:nil="true" />
        <pkgType xsi:nil="true" />
      </identifier>
    </identifiers>
    <brandName>GRAFTON® DBM</brandName>
    <versionModelNumber>T43101INT</versionModelNumber>
    <catalogNumber xsi:nil="true" />
    <dunsNumber>830350380</dunsNumber>
    <companyName>MEDTRONIC SOFAMOR DANEK, INC.</companyName>
    <deviceCount>1</deviceCount>
    <deviceDescription>DBM T43101INT 0.5CC GRAFTON PUTTY</deviceDescription>
    <DMExempt>false</DMExempt>
    <premarketExempt>false</premarketExempt>
    <deviceHCTP>true</deviceHCTP>
    <deviceKit>false</deviceKit>
    <deviceCombinationProduct>false</deviceCombinationProduct>
    <singleUse>true</singleUse>
    <lotBatch>false</lotBatch>
    <serialNumber>true</serialNumber>
    <manufacturingDate>false</manufacturingDate>
    <expirationDate>false</expirationDate>
    <donationIdNumber>true</donationIdNumber>
    <labeledContainsNRL>false</labeledContainsNRL>
    <labeledNoNRL>false</labeledNoNRL>
    <MRISafetyStatus>MR Safe</MRISafetyStatus>
    <rx>true</rx>
    <otc>false</otc>
    <contacts>
      <customerContact>
        <phone>+1(800)633-8766</phone>
        <phoneExtension xsi:nil="true" />
        <email>Corporate.UDI@medtronic.com</email>
      </customerContact>
    </contacts>
    <premarketSubmissions>
      <premarketSubmission>
        <submissionNumber>K051188</submissionNumber>
        <supplementNumber>000</supplementNumber>
      </premarketSubmission>
    </premarketSubmissions>
    <gmdnTerms>
      <gmdn>
        <gmdnCode>47257</gmdnCode>
        <gmdnPTName>Bone matrix implant, human-derived</gmdnPTName>
        <gmdnPTDefinition>An sterile implantable device made primarily of human demineralized bone matrix (DBM) (acid extraction of allogeneic bone resulting in loss of most of the mineralized component but retention of proteins) intended to fill bony voids or gaps caused by trauma or surgery, including use in the maxillofacial and/or mandibular bone. The device is bioabsorbable, osteoconductive, and has demonstrated at least potential osteoinductivity for the stimulation of new bone growth. The DBM may be combined with various carrier compounds (e.g., gelatin, hydrogel, starch) or other materials. It is available in the form of powder, crushed granules, putty, chips, or a gel that can be injected through a syringe.</gmdnPTDefinition>
        <implantable>true</implantable>
        <gmdnCodeStatus>Active</gmdnCodeStatus>
      </gmdn>
    </gmdnTerms>
    <productCodes>
      <fdaProductCode>
        <productCode>NUN</productCode>
        <productCodeName>BONE GRAFTING MATERIAL, HUMAN SOURCE</productCodeName>
      </fdaProductCode>
    </productCodes>
    <deviceSizes>
      <deviceSize>
        <sizeType>Device Size Text, specify</sizeType>
        <size value="" unit="" />
        <sizeText>0.5cc</sizeText>
      </deviceSize>
    </deviceSizes>
    <environmentalConditions />
    <sterilization>
      <deviceSterile>true</deviceSterile>
      <sterilizationPriorToUse>false</sterilizationPriorToUse>
      <methodTypes />
    </sterilization>
  </device>
  <device xmlns:xsi="http://www.w3.org/2001/XMLSchema-instance" xmlns="http://www.fda.gov/cdrh/gudid">
    <publicDeviceRecordKey>b80ba135-e578-405e-8255-4048c3122476</publicDeviceRecordKey>
    <publicVersionStatus>Update</publicVersionStatus>
    <deviceRecordStatus>Published</deviceRecordStatus>
    <!--Note: publicVersionNumber is system generated and assigned to all device records to track public release updates to a device record-->
    <publicVersionNumber>3</publicVersionNumber>
    <publicVersionDate>2018-07-06</publicVersionDate>
    <devicePublishDate>2016-04-03</devicePublishDate>
    <deviceCommDistributionEndDate xsi:nil="true" />
    <deviceCommDistributionStatus>In Commercial Distribution</deviceCommDistributionStatus>
    <identifiers>
      <identifier>
        <deviceId>00643169134539</deviceId>
        <deviceIdType>Primary</deviceIdType>
        <deviceIdIssuingAgency>GS1</deviceIdIssuingAgency>
        <containsDINumber xsi:nil="true" />
        <pkgQuantity xsi:nil="true" />
        <pkgDiscontinueDate xsi:nil="true" />
        <pkgStatus xsi:nil="true" />
        <pkgType xsi:nil="true" />
      </identifier>
    </identifiers>
    <brandName>GRAFTON® DBM</brandName>
    <versionModelNumber>T42308INT</versionModelNumber>
    <catalogNumber xsi:nil="true" />
    <dunsNumber>830350380</dunsNumber>
    <companyName>MEDTRONIC SOFAMOR DANEK, INC.</companyName>
    <deviceCount>1</deviceCount>
    <deviceDescription>DBM T42308INT GRAFTON M PLUGS 8MMX10MM</deviceDescription>
    <DMExempt>false</DMExempt>
    <premarketExempt>false</premarketExempt>
    <deviceHCTP>true</deviceHCTP>
    <deviceKit>false</deviceKit>
    <deviceCombinationProduct>false</deviceCombinationProduct>
    <singleUse>true</singleUse>
    <lotBatch>false</lotBatch>
    <serialNumber>true</serialNumber>
    <manufacturingDate>false</manufacturingDate>
    <expirationDate>false</expirationDate>
    <donationIdNumber>true</donationIdNumber>
    <labeledContainsNRL>false</labeledContainsNRL>
    <labeledNoNRL>false</labeledNoNRL>
    <MRISafetyStatus>MR Safe</MRISafetyStatus>
    <rx>true</rx>
    <otc>false</otc>
    <contacts>
      <customerContact>
        <phone>+1(800)633-8766</phone>
        <phoneExtension xsi:nil="true" />
        <email>Corporate.UDI@medtronic.com</email>
      </customerContact>
    </contacts>
    <premarketSubmissions>
      <premarketSubmission>
        <submissionNumber>K051188</submissionNumber>
        <supplementNumber>000</supplementNumber>
      </premarketSubmission>
    </premarketSubmissions>
    <gmdnTerms>
      <gmdn>
        <gmdnCode>47257</gmdnCode>
        <gmdnPTName>Bone matrix implant, human-derived</gmdnPTName>
        <gmdnPTDefinition>An sterile implantable device made primarily of human demineralized bone matrix (DBM) (acid extraction of allogeneic bone resulting in loss of most of the mineralized component but retention of proteins) intended to fill bony voids or gaps caused by trauma or surgery, including use in the maxillofacial and/or mandibular bone. The device is bioabsorbable, osteoconductive, and has demonstrated at least potential osteoinductivity for the stimulation of new bone growth. The DBM may be combined with various carrier compounds (e.g., gelatin, hydrogel, starch) or other materials. It is available in the form of powder, crushed granules, putty, chips, or a gel that can be injected through a syringe.</gmdnPTDefinition>
        <implantable>true</implantable>
        <gmdnCodeStatus>Active</gmdnCodeStatus>
      </gmdn>
    </gmdnTerms>
    <productCodes>
      <fdaProductCode>
        <productCode>NUN</productCode>
        <productCodeName>BONE GRAFTING MATERIAL, HUMAN SOURCE</productCodeName>
      </fdaProductCode>
    </productCodes>
    <deviceSizes>
      <deviceSize>
        <sizeType>Device Size Text, specify</sizeType>
        <size value="" unit="" />
        <sizeText>8mm x 10mm</sizeText>
      </deviceSize>
    </deviceSizes>
    <environmentalConditions />
    <sterilization>
      <deviceSterile>true</deviceSterile>
      <sterilizationPriorToUse>false</sterilizationPriorToUse>
      <methodTypes />
    </sterilization>
  </device>
  <device xmlns:xsi="http://www.w3.org/2001/XMLSchema-instance" xmlns="http://www.fda.gov/cdrh/gudid">
    <publicDeviceRecordKey>68f3c60f-19ca-4d77-b500-1a1b9a410d6d</publicDeviceRecordKey>
    <publicVersionStatus>Update</publicVersionStatus>
    <deviceRecordStatus>Published</deviceRecordStatus>
    <!--Note: publicVersionNumber is system generated and assigned to all device records to track public release updates to a device record-->
    <publicVersionNumber>3</publicVersionNumber>
    <publicVersionDate>2018-07-06</publicVersionDate>
    <devicePublishDate>2016-04-03</devicePublishDate>
    <deviceCommDistributionEndDate xsi:nil="true" />
    <deviceCommDistributionStatus>In Commercial Distribution</deviceCommDistributionStatus>
    <identifiers>
      <identifier>
        <deviceId>00643169134508</deviceId>
        <deviceIdType>Primary</deviceIdType>
        <deviceIdIssuingAgency>GS1</deviceIdIssuingAgency>
        <containsDINumber xsi:nil="true" />
        <pkgQuantity xsi:nil="true" />
        <pkgDiscontinueDate xsi:nil="true" />
        <pkgStatus xsi:nil="true" />
        <pkgType xsi:nil="true" />
      </identifier>
    </identifiers>
    <brandName>GRAFTON® DBM</brandName>
    <versionModelNumber>T42150INT</versionModelNumber>
    <catalogNumber xsi:nil="true" />
    <dunsNumber>830350380</dunsNumber>
    <companyName>MEDTRONIC SOFAMOR DANEK, INC.</companyName>
    <deviceCount>1</deviceCount>
    <deviceDescription>DBM T42150INT 5CM X 5CM FLEX GRAFTON</deviceDescription>
    <DMExempt>false</DMExempt>
    <premarketExempt>false</premarketExempt>
    <deviceHCTP>true</deviceHCTP>
    <deviceKit>false</deviceKit>
    <deviceCombinationProduct>false</deviceCombinationProduct>
    <singleUse>true</singleUse>
    <lotBatch>false</lotBatch>
    <serialNumber>true</serialNumber>
    <manufacturingDate>false</manufacturingDate>
    <expirationDate>false</expirationDate>
    <donationIdNumber>true</donationIdNumber>
    <labeledContainsNRL>false</labeledContainsNRL>
    <labeledNoNRL>false</labeledNoNRL>
    <MRISafetyStatus>MR Safe</MRISafetyStatus>
    <rx>true</rx>
    <otc>false</otc>
    <contacts>
      <customerContact>
        <phone>+1(800)633-8766</phone>
        <phoneExtension xsi:nil="true" />
        <email>Corporate.UDI@medtronic.com</email>
      </customerContact>
    </contacts>
    <premarketSubmissions>
      <premarketSubmission>
        <submissionNumber>K051188</submissionNumber>
        <supplementNumber>000</supplementNumber>
      </premarketSubmission>
    </premarketSubmissions>
    <gmdnTerms>
      <gmdn>
        <gmdnCode>47257</gmdnCode>
        <gmdnPTName>Bone matrix implant, human-derived</gmdnPTName>
        <gmdnPTDefinition>An sterile implantable device made primarily of human demineralized bone matrix (DBM) (acid extraction of allogeneic bone resulting in loss of most of the mineralized component but retention of proteins) intended to fill bony voids or gaps caused by trauma or surgery, including use in the maxillofacial and/or mandibular bone. The device is bioabsorbable, osteoconductive, and has demonstrated at least potential osteoinductivity for the stimulation of new bone growth. The DBM may be combined with various carrier compounds (e.g., gelatin, hydrogel, starch) or other materials. It is available in the form of powder, crushed granules, putty, chips, or a gel that can be injected through a syringe.</gmdnPTDefinition>
        <implantable>true</implantable>
        <gmdnCodeStatus>Active</gmdnCodeStatus>
      </gmdn>
    </gmdnTerms>
    <productCodes>
      <fdaProductCode>
        <productCode>NUN</productCode>
        <productCodeName>BONE GRAFTING MATERIAL, HUMAN SOURCE</productCodeName>
      </fdaProductCode>
    </productCodes>
    <deviceSizes>
      <deviceSize>
        <sizeType>Device Size Text, specify</sizeType>
        <size value="" unit="" />
        <sizeText>5cm x 5cm</sizeText>
      </deviceSize>
    </deviceSizes>
    <environmentalConditions />
    <sterilization>
      <deviceSterile>true</deviceSterile>
      <sterilizationPriorToUse>false</sterilizationPriorToUse>
      <methodTypes />
    </sterilization>
  </device>
  <device xmlns:xsi="http://www.w3.org/2001/XMLSchema-instance" xmlns="http://www.fda.gov/cdrh/gudid">
    <publicDeviceRecordKey>8bd8a806-159b-4493-9e4c-f16d5337e171</publicDeviceRecordKey>
    <publicVersionStatus>Update</publicVersionStatus>
    <deviceRecordStatus>Published</deviceRecordStatus>
    <!--Note: publicVersionNumber is system generated and assigned to all device records to track public release updates to a device record-->
    <publicVersionNumber>3</publicVersionNumber>
    <publicVersionDate>2018-07-06</publicVersionDate>
    <devicePublishDate>2016-04-03</devicePublishDate>
    <deviceCommDistributionEndDate xsi:nil="true" />
    <deviceCommDistributionStatus>In Commercial Distribution</deviceCommDistributionStatus>
    <identifiers>
      <identifier>
        <deviceId>00643169134492</deviceId>
        <deviceIdType>Primary</deviceIdType>
        <deviceIdIssuingAgency>GS1</deviceIdIssuingAgency>
        <containsDINumber xsi:nil="true" />
        <pkgQuantity xsi:nil="true" />
        <pkgDiscontinueDate xsi:nil="true" />
        <pkgStatus xsi:nil="true" />
        <pkgType xsi:nil="true" />
      </identifier>
    </identifiers>
    <brandName>GRAFTON® DBM</brandName>
    <versionModelNumber>T42110INT</versionModelNumber>
    <catalogNumber xsi:nil="true" />
    <dunsNumber>830350380</dunsNumber>
    <companyName>MEDTRONIC SOFAMOR DANEK, INC.</companyName>
    <deviceCount>1</deviceCount>
    <deviceDescription>DBM T42110INT 2.5CMX5CM FLEXGRAFTON</deviceDescription>
    <DMExempt>false</DMExempt>
    <premarketExempt>false</premarketExempt>
    <deviceHCTP>true</deviceHCTP>
    <deviceKit>false</deviceKit>
    <deviceCombinationProduct>false</deviceCombinationProduct>
    <singleUse>true</singleUse>
    <lotBatch>false</lotBatch>
    <serialNumber>true</serialNumber>
    <manufacturingDate>false</manufacturingDate>
    <expirationDate>false</expirationDate>
    <donationIdNumber>true</donationIdNumber>
    <labeledContainsNRL>false</labeledContainsNRL>
    <labeledNoNRL>false</labeledNoNRL>
    <MRISafetyStatus>MR Safe</MRISafetyStatus>
    <rx>true</rx>
    <otc>false</otc>
    <contacts>
      <customerContact>
        <phone>+1(800)633-8766</phone>
        <phoneExtension xsi:nil="true" />
        <email>Corporate.UDI@medtronic.com</email>
      </customerContact>
    </contacts>
    <premarketSubmissions>
      <premarketSubmission>
        <submissionNumber>K051188</submissionNumber>
        <supplementNumber>000</supplementNumber>
      </premarketSubmission>
    </premarketSubmissions>
    <gmdnTerms>
      <gmdn>
        <gmdnCode>47257</gmdnCode>
        <gmdnPTName>Bone matrix implant, human-derived</gmdnPTName>
        <gmdnPTDefinition>An sterile implantable device made primarily of human demineralized bone matrix (DBM) (acid extraction of allogeneic bone resulting in loss of most of the mineralized component but retention of proteins) intended to fill bony voids or gaps caused by trauma or surgery, including use in the maxillofacial and/or mandibular bone. The device is bioabsorbable, osteoconductive, and has demonstrated at least potential osteoinductivity for the stimulation of new bone growth. The DBM may be combined with various carrier compounds (e.g., gelatin, hydrogel, starch) or other materials. It is available in the form of powder, crushed granules, putty, chips, or a gel that can be injected through a syringe.</gmdnPTDefinition>
        <implantable>true</implantable>
        <gmdnCodeStatus>Active</gmdnCodeStatus>
      </gmdn>
    </gmdnTerms>
    <productCodes>
      <fdaProductCode>
        <productCode>NUN</productCode>
        <productCodeName>BONE GRAFTING MATERIAL, HUMAN SOURCE</productCodeName>
      </fdaProductCode>
    </productCodes>
    <deviceSizes>
      <deviceSize>
        <sizeType>Device Size Text, specify</sizeType>
        <size value="" unit="" />
        <sizeText>2.5cm x 5cm</sizeText>
      </deviceSize>
    </deviceSizes>
    <environmentalConditions />
    <sterilization>
      <deviceSterile>true</deviceSterile>
      <sterilizationPriorToUse>false</sterilizationPriorToUse>
      <methodTypes />
    </sterilization>
  </device>
  <device xmlns:xsi="http://www.w3.org/2001/XMLSchema-instance" xmlns="http://www.fda.gov/cdrh/gudid">
    <publicDeviceRecordKey>6378fa5e-bb86-4509-a246-4b15efd99415</publicDeviceRecordKey>
    <publicVersionStatus>Update</publicVersionStatus>
    <deviceRecordStatus>Published</deviceRecordStatus>
    <!--Note: publicVersionNumber is system generated and assigned to all device records to track public release updates to a device record-->
    <publicVersionNumber>3</publicVersionNumber>
    <publicVersionDate>2018-07-06</publicVersionDate>
    <devicePublishDate>2016-04-03</devicePublishDate>
    <deviceCommDistributionEndDate xsi:nil="true" />
    <deviceCommDistributionStatus>In Commercial Distribution</deviceCommDistributionStatus>
    <identifiers>
      <identifier>
        <deviceId>00643169134485</deviceId>
        <deviceIdType>Primary</deviceIdType>
        <deviceIdIssuingAgency>GS1</deviceIdIssuingAgency>
        <containsDINumber xsi:nil="true" />
        <pkgQuantity xsi:nil="true" />
        <pkgDiscontinueDate xsi:nil="true" />
        <pkgStatus xsi:nil="true" />
        <pkgType xsi:nil="true" />
      </identifier>
    </identifiers>
    <brandName>GRAFTON® DBM</brandName>
    <versionModelNumber>T42100INT</versionModelNumber>
    <catalogNumber xsi:nil="true" />
    <dunsNumber>830350380</dunsNumber>
    <companyName>MEDTRONIC SOFAMOR DANEK, INC.</companyName>
    <deviceCount>1</deviceCount>
    <deviceDescription>DBM T42100INT 2.5CMX10CM FLEX GRAFTON</deviceDescription>
    <DMExempt>false</DMExempt>
    <premarketExempt>false</premarketExempt>
    <deviceHCTP>true</deviceHCTP>
    <deviceKit>false</deviceKit>
    <deviceCombinationProduct>false</deviceCombinationProduct>
    <singleUse>true</singleUse>
    <lotBatch>false</lotBatch>
    <serialNumber>true</serialNumber>
    <manufacturingDate>false</manufacturingDate>
    <expirationDate>false</expirationDate>
    <donationIdNumber>true</donationIdNumber>
    <labeledContainsNRL>false</labeledContainsNRL>
    <labeledNoNRL>false</labeledNoNRL>
    <MRISafetyStatus>MR Safe</MRISafetyStatus>
    <rx>true</rx>
    <otc>false</otc>
    <contacts>
      <customerContact>
        <phone>+1(800)633-8766</phone>
        <phoneExtension xsi:nil="true" />
        <email>Corporate.UDI@medtronic.com</email>
      </customerContact>
    </contacts>
    <premarketSubmissions>
      <premarketSubmission>
        <submissionNumber>K051188</submissionNumber>
        <supplementNumber>000</supplementNumber>
      </premarketSubmission>
    </premarketSubmissions>
    <gmdnTerms>
      <gmdn>
        <gmdnCode>47257</gmdnCode>
        <gmdnPTName>Bone matrix implant, human-derived</gmdnPTName>
        <gmdnPTDefinition>An sterile implantable device made primarily of human demineralized bone matrix (DBM) (acid extraction of allogeneic bone resulting in loss of most of the mineralized component but retention of proteins) intended to fill bony voids or gaps caused by trauma or surgery, including use in the maxillofacial and/or mandibular bone. The device is bioabsorbable, osteoconductive, and has demonstrated at least potential osteoinductivity for the stimulation of new bone growth. The DBM may be combined with various carrier compounds (e.g., gelatin, hydrogel, starch) or other materials. It is available in the form of powder, crushed granules, putty, chips, or a gel that can be injected through a syringe.</gmdnPTDefinition>
        <implantable>true</implantable>
        <gmdnCodeStatus>Active</gmdnCodeStatus>
      </gmdn>
    </gmdnTerms>
    <productCodes>
      <fdaProductCode>
        <productCode>NUN</productCode>
        <productCodeName>BONE GRAFTING MATERIAL, HUMAN SOURCE</productCodeName>
      </fdaProductCode>
    </productCodes>
    <deviceSizes>
      <deviceSize>
        <sizeType>Device Size Text, specify</sizeType>
        <size value="" unit="" />
        <sizeText>2.5cm x 10cm</sizeText>
      </deviceSize>
    </deviceSizes>
    <environmentalConditions />
    <sterilization>
      <deviceSterile>true</deviceSterile>
      <sterilizationPriorToUse>false</sterilizationPriorToUse>
      <methodTypes />
    </sterilization>
  </device>
  <device xmlns:xsi="http://www.w3.org/2001/XMLSchema-instance" xmlns="http://www.fda.gov/cdrh/gudid">
    <publicDeviceRecordKey>6cd5715a-6978-4488-baef-042521bc87a4</publicDeviceRecordKey>
    <publicVersionStatus>Update</publicVersionStatus>
    <deviceRecordStatus>Published</deviceRecordStatus>
    <!--Note: publicVersionNumber is system generated and assigned to all device records to track public release updates to a device record-->
    <publicVersionNumber>3</publicVersionNumber>
    <publicVersionDate>2018-07-06</publicVersionDate>
    <devicePublishDate>2016-04-03</devicePublishDate>
    <deviceCommDistributionEndDate xsi:nil="true" />
    <deviceCommDistributionStatus>In Commercial Distribution</deviceCommDistributionStatus>
    <identifiers>
      <identifier>
        <deviceId>00643169134478</deviceId>
        <deviceIdType>Primary</deviceIdType>
        <deviceIdIssuingAgency>GS1</deviceIdIssuingAgency>
        <containsDINumber xsi:nil="true" />
        <pkgQuantity xsi:nil="true" />
        <pkgDiscontinueDate xsi:nil="true" />
        <pkgStatus xsi:nil="true" />
        <pkgType xsi:nil="true" />
      </identifier>
    </identifiers>
    <brandName>GRAFTON® DBM</brandName>
    <versionModelNumber>T42090INT</versionModelNumber>
    <catalogNumber xsi:nil="true" />
    <dunsNumber>830350380</dunsNumber>
    <companyName>MEDTRONIC SOFAMOR DANEK, INC.</companyName>
    <deviceCount>1</deviceCount>
    <deviceDescription>DBM T42090INT 1.5CMX1.5CM FLEX GRAFTON</deviceDescription>
    <DMExempt>false</DMExempt>
    <premarketExempt>false</premarketExempt>
    <deviceHCTP>true</deviceHCTP>
    <deviceKit>false</deviceKit>
    <deviceCombinationProduct>false</deviceCombinationProduct>
    <singleUse>true</singleUse>
    <lotBatch>false</lotBatch>
    <serialNumber>true</serialNumber>
    <manufacturingDate>false</manufacturingDate>
    <expirationDate>false</expirationDate>
    <donationIdNumber>true</donationIdNumber>
    <labeledContainsNRL>false</labeledContainsNRL>
    <labeledNoNRL>false</labeledNoNRL>
    <MRISafetyStatus>MR Safe</MRISafetyStatus>
    <rx>true</rx>
    <otc>false</otc>
    <contacts>
      <customerContact>
        <phone>+1(800)633-8766</phone>
        <phoneExtension xsi:nil="true" />
        <email>Corporate.UDI@medtronic.com</email>
      </customerContact>
    </contacts>
    <premarketSubmissions>
      <premarketSubmission>
        <submissionNumber>K051188</submissionNumber>
        <supplementNumber>000</supplementNumber>
      </premarketSubmission>
    </premarketSubmissions>
    <gmdnTerms>
      <gmdn>
        <gmdnCode>47257</gmdnCode>
        <gmdnPTName>Bone matrix implant, human-derived</gmdnPTName>
        <gmdnPTDefinition>An sterile implantable device made primarily of human demineralized bone matrix (DBM) (acid extraction of allogeneic bone resulting in loss of most of the mineralized component but retention of proteins) intended to fill bony voids or gaps caused by trauma or surgery, including use in the maxillofacial and/or mandibular bone. The device is bioabsorbable, osteoconductive, and has demonstrated at least potential osteoinductivity for the stimulation of new bone growth. The DBM may be combined with various carrier compounds (e.g., gelatin, hydrogel, starch) or other materials. It is available in the form of powder, crushed granules, putty, chips, or a gel that can be injected through a syringe.</gmdnPTDefinition>
        <implantable>true</implantable>
        <gmdnCodeStatus>Active</gmdnCodeStatus>
      </gmdn>
    </gmdnTerms>
    <productCodes>
      <fdaProductCode>
        <productCode>NUN</productCode>
        <productCodeName>BONE GRAFTING MATERIAL, HUMAN SOURCE</productCodeName>
      </fdaProductCode>
    </productCodes>
    <deviceSizes>
      <deviceSize>
        <sizeType>Device Size Text, specify</sizeType>
        <size value="" unit="" />
        <sizeText>1.5cm x 1.5cm</sizeText>
      </deviceSize>
    </deviceSizes>
    <environmentalConditions />
    <sterilization>
      <deviceSterile>true</deviceSterile>
      <sterilizationPriorToUse>false</sterilizationPriorToUse>
      <methodTypes />
    </sterilization>
  </device>
  <device xmlns:xsi="http://www.w3.org/2001/XMLSchema-instance" xmlns="http://www.fda.gov/cdrh/gudid">
    <publicDeviceRecordKey>029fbc82-a265-4bf7-8623-272ebd42657c</publicDeviceRecordKey>
    <publicVersionStatus>Update</publicVersionStatus>
    <deviceRecordStatus>Published</deviceRecordStatus>
    <!--Note: publicVersionNumber is system generated and assigned to all device records to track public release updates to a device record-->
    <publicVersionNumber>3</publicVersionNumber>
    <publicVersionDate>2018-07-06</publicVersionDate>
    <devicePublishDate>2016-04-03</devicePublishDate>
    <deviceCommDistributionEndDate xsi:nil="true" />
    <deviceCommDistributionStatus>In Commercial Distribution</deviceCommDistributionStatus>
    <identifiers>
      <identifier>
        <deviceId>00643169134300</deviceId>
        <deviceIdType>Primary</deviceIdType>
        <deviceIdIssuingAgency>GS1</deviceIdIssuingAgency>
        <containsDINumber xsi:nil="true" />
        <pkgQuantity xsi:nil="true" />
        <pkgDiscontinueDate xsi:nil="true" />
        <pkgStatus xsi:nil="true" />
        <pkgType xsi:nil="true" />
      </identifier>
    </identifiers>
    <brandName>GRAFTON® DBM</brandName>
    <versionModelNumber>T43205INT</versionModelNumber>
    <catalogNumber xsi:nil="true" />
    <dunsNumber>830350380</dunsNumber>
    <companyName>MEDTRONIC SOFAMOR DANEK, INC.</companyName>
    <deviceCount>1</deviceCount>
    <deviceDescription>DBM T43205INT  0.5CC GRAFTON PUTTY SYRNG</deviceDescription>
    <DMExempt>false</DMExempt>
    <premarketExempt>false</premarketExempt>
    <deviceHCTP>true</deviceHCTP>
    <deviceKit>false</deviceKit>
    <deviceCombinationProduct>false</deviceCombinationProduct>
    <singleUse>true</singleUse>
    <lotBatch>false</lotBatch>
    <serialNumber>true</serialNumber>
    <manufacturingDate>false</manufacturingDate>
    <expirationDate>false</expirationDate>
    <donationIdNumber>true</donationIdNumber>
    <labeledContainsNRL>false</labeledContainsNRL>
    <labeledNoNRL>false</labeledNoNRL>
    <MRISafetyStatus>MR Safe</MRISafetyStatus>
    <rx>true</rx>
    <otc>false</otc>
    <contacts>
      <customerContact>
        <phone>+1(800)633-8766</phone>
        <phoneExtension xsi:nil="true" />
        <email>Corporate.UDI@medtronic.com</email>
      </customerContact>
    </contacts>
    <premarketSubmissions>
      <premarketSubmission>
        <submissionNumber>K051188</submissionNumber>
        <supplementNumber>000</supplementNumber>
      </premarketSubmission>
    </premarketSubmissions>
    <gmdnTerms>
      <gmdn>
        <gmdnCode>47257</gmdnCode>
        <gmdnPTName>Bone matrix implant, human-derived</gmdnPTName>
        <gmdnPTDefinition>An sterile implantable device made primarily of human demineralized bone matrix (DBM) (acid extraction of allogeneic bone resulting in loss of most of the mineralized component but retention of proteins) intended to fill bony voids or gaps caused by trauma or surgery, including use in the maxillofacial and/or mandibular bone. The device is bioabsorbable, osteoconductive, and has demonstrated at least potential osteoinductivity for the stimulation of new bone growth. The DBM may be combined with various carrier compounds (e.g., gelatin, hydrogel, starch) or other materials. It is available in the form of powder, crushed granules, putty, chips, or a gel that can be injected through a syringe.</gmdnPTDefinition>
        <implantable>true</implantable>
        <gmdnCodeStatus>Active</gmdnCodeStatus>
      </gmdn>
    </gmdnTerms>
    <productCodes>
      <fdaProductCode>
        <productCode>NUN</productCode>
        <productCodeName>BONE GRAFTING MATERIAL, HUMAN SOURCE</productCodeName>
      </fdaProductCode>
    </productCodes>
    <deviceSizes>
      <deviceSize>
        <sizeType>Device Size Text, specify</sizeType>
        <size value="" unit="" />
        <sizeText>0.5cc</sizeText>
      </deviceSize>
    </deviceSizes>
    <environmentalConditions />
    <sterilization>
      <deviceSterile>true</deviceSterile>
      <sterilizationPriorToUse>false</sterilizationPriorToUse>
      <methodTypes />
    </sterilization>
  </device>
  <device xmlns:xsi="http://www.w3.org/2001/XMLSchema-instance" xmlns="http://www.fda.gov/cdrh/gudid">
    <publicDeviceRecordKey>1b6787cf-7472-4c2e-b6fe-e3eb17d096c7</publicDeviceRecordKey>
    <publicVersionStatus>Update</publicVersionStatus>
    <deviceRecordStatus>Published</deviceRecordStatus>
    <!--Note: publicVersionNumber is system generated and assigned to all device records to track public release updates to a device record-->
    <publicVersionNumber>3</publicVersionNumber>
    <publicVersionDate>2018-07-06</publicVersionDate>
    <devicePublishDate>2016-04-03</devicePublishDate>
    <deviceCommDistributionEndDate xsi:nil="true" />
    <deviceCommDistributionStatus>In Commercial Distribution</deviceCommDistributionStatus>
    <identifiers>
      <identifier>
        <deviceId>00643169134294</deviceId>
        <deviceIdType>Primary</deviceIdType>
        <deviceIdIssuingAgency>GS1</deviceIdIssuingAgency>
        <containsDINumber xsi:nil="true" />
        <pkgQuantity xsi:nil="true" />
        <pkgDiscontinueDate xsi:nil="true" />
        <pkgStatus xsi:nil="true" />
        <pkgType xsi:nil="true" />
      </identifier>
    </identifiers>
    <brandName>GRAFTON® DBM</brandName>
    <versionModelNumber>T43204INT</versionModelNumber>
    <catalogNumber xsi:nil="true" />
    <dunsNumber>830350380</dunsNumber>
    <companyName>MEDTRONIC SOFAMOR DANEK, INC.</companyName>
    <deviceCount>1</deviceCount>
    <deviceDescription>DBM T43204INT 0.25CC GRAFTON PUTTY SYRNG</deviceDescription>
    <DMExempt>false</DMExempt>
    <premarketExempt>false</premarketExempt>
    <deviceHCTP>true</deviceHCTP>
    <deviceKit>false</deviceKit>
    <deviceCombinationProduct>false</deviceCombinationProduct>
    <singleUse>true</singleUse>
    <lotBatch>false</lotBatch>
    <serialNumber>true</serialNumber>
    <manufacturingDate>false</manufacturingDate>
    <expirationDate>false</expirationDate>
    <donationIdNumber>true</donationIdNumber>
    <labeledContainsNRL>false</labeledContainsNRL>
    <labeledNoNRL>false</labeledNoNRL>
    <MRISafetyStatus>MR Safe</MRISafetyStatus>
    <rx>true</rx>
    <otc>false</otc>
    <contacts>
      <customerContact>
        <phone>+1(800)633-8766</phone>
        <phoneExtension xsi:nil="true" />
        <email>Corporate.UDI@medtronic.com</email>
      </customerContact>
    </contacts>
    <premarketSubmissions>
      <premarketSubmission>
        <submissionNumber>K051188</submissionNumber>
        <supplementNumber>000</supplementNumber>
      </premarketSubmission>
    </premarketSubmissions>
    <gmdnTerms>
      <gmdn>
        <gmdnCode>47257</gmdnCode>
        <gmdnPTName>Bone matrix implant, human-derived</gmdnPTName>
        <gmdnPTDefinition>An sterile implantable device made primarily of human demineralized bone matrix (DBM) (acid extraction of allogeneic bone resulting in loss of most of the mineralized component but retention of proteins) intended to fill bony voids or gaps caused by trauma or surgery, including use in the maxillofacial and/or mandibular bone. The device is bioabsorbable, osteoconductive, and has demonstrated at least potential osteoinductivity for the stimulation of new bone growth. The DBM may be combined with various carrier compounds (e.g., gelatin, hydrogel, starch) or other materials. It is available in the form of powder, crushed granules, putty, chips, or a gel that can be injected through a syringe.</gmdnPTDefinition>
        <implantable>true</implantable>
        <gmdnCodeStatus>Active</gmdnCodeStatus>
      </gmdn>
    </gmdnTerms>
    <productCodes>
      <fdaProductCode>
        <productCode>NUN</productCode>
        <productCodeName>BONE GRAFTING MATERIAL, HUMAN SOURCE</productCodeName>
      </fdaProductCode>
    </productCodes>
    <deviceSizes>
      <deviceSize>
        <sizeType>Device Size Text, specify</sizeType>
        <size value="" unit="" />
        <sizeText>0.25cc</sizeText>
      </deviceSize>
    </deviceSizes>
    <environmentalConditions />
    <sterilization>
      <deviceSterile>true</deviceSterile>
      <sterilizationPriorToUse>false</sterilizationPriorToUse>
      <methodTypes />
    </sterilization>
  </device>
  <device xmlns:xsi="http://www.w3.org/2001/XMLSchema-instance" xmlns="http://www.fda.gov/cdrh/gudid">
    <publicDeviceRecordKey>f439f112-a790-4209-ba0c-3cfc617e43b7</publicDeviceRecordKey>
    <publicVersionStatus>Update</publicVersionStatus>
    <deviceRecordStatus>Published</deviceRecordStatus>
    <!--Note: publicVersionNumber is system generated and assigned to all device records to track public release updates to a device record-->
    <publicVersionNumber>3</publicVersionNumber>
    <publicVersionDate>2018-07-06</publicVersionDate>
    <devicePublishDate>2016-04-03</devicePublishDate>
    <deviceCommDistributionEndDate xsi:nil="true" />
    <deviceCommDistributionStatus>In Commercial Distribution</deviceCommDistributionStatus>
    <identifiers>
      <identifier>
        <deviceId>00643169134287</deviceId>
        <deviceIdType>Primary</deviceIdType>
        <deviceIdIssuingAgency>GS1</deviceIdIssuingAgency>
        <containsDINumber xsi:nil="true" />
        <pkgQuantity xsi:nil="true" />
        <pkgDiscontinueDate xsi:nil="true" />
        <pkgStatus xsi:nil="true" />
        <pkgType xsi:nil="true" />
      </identifier>
    </identifiers>
    <brandName>GRAFTON® DBM</brandName>
    <versionModelNumber>T43110INT</versionModelNumber>
    <catalogNumber xsi:nil="true" />
    <dunsNumber>830350380</dunsNumber>
    <companyName>MEDTRONIC SOFAMOR DANEK, INC.</companyName>
    <deviceCount>1</deviceCount>
    <deviceDescription>DBM T43110INT 10CC GRAFTON PUTTY</deviceDescription>
    <DMExempt>false</DMExempt>
    <premarketExempt>false</premarketExempt>
    <deviceHCTP>true</deviceHCTP>
    <deviceKit>false</deviceKit>
    <deviceCombinationProduct>false</deviceCombinationProduct>
    <singleUse>true</singleUse>
    <lotBatch>false</lotBatch>
    <serialNumber>true</serialNumber>
    <manufacturingDate>false</manufacturingDate>
    <expirationDate>false</expirationDate>
    <donationIdNumber>true</donationIdNumber>
    <labeledContainsNRL>false</labeledContainsNRL>
    <labeledNoNRL>false</labeledNoNRL>
    <MRISafetyStatus>MR Safe</MRISafetyStatus>
    <rx>true</rx>
    <otc>false</otc>
    <contacts>
      <customerContact>
        <phone>+1(800)633-8766</phone>
        <phoneExtension xsi:nil="true" />
        <email>Corporate.UDI@medtronic.com</email>
      </customerContact>
    </contacts>
    <premarketSubmissions>
      <premarketSubmission>
        <submissionNumber>K051188</submissionNumber>
        <supplementNumber>000</supplementNumber>
      </premarketSubmission>
    </premarketSubmissions>
    <gmdnTerms>
      <gmdn>
        <gmdnCode>47257</gmdnCode>
        <gmdnPTName>Bone matrix implant, human-derived</gmdnPTName>
        <gmdnPTDefinition>An sterile implantable device made primarily of human demineralized bone matrix (DBM) (acid extraction of allogeneic bone resulting in loss of most of the mineralized component but retention of proteins) intended to fill bony voids or gaps caused by trauma or surgery, including use in the maxillofacial and/or mandibular bone. The device is bioabsorbable, osteoconductive, and has demonstrated at least potential osteoinductivity for the stimulation of new bone growth. The DBM may be combined with various carrier compounds (e.g., gelatin, hydrogel, starch) or other materials. It is available in the form of powder, crushed granules, putty, chips, or a gel that can be injected through a syringe.</gmdnPTDefinition>
        <implantable>true</implantable>
        <gmdnCodeStatus>Active</gmdnCodeStatus>
      </gmdn>
    </gmdnTerms>
    <productCodes>
      <fdaProductCode>
        <productCode>NUN</productCode>
        <productCodeName>BONE GRAFTING MATERIAL, HUMAN SOURCE</productCodeName>
      </fdaProductCode>
    </productCodes>
    <deviceSizes>
      <deviceSize>
        <sizeType>Device Size Text, specify</sizeType>
        <size value="" unit="" />
        <sizeText>10cc</sizeText>
      </deviceSize>
    </deviceSizes>
    <environmentalConditions />
    <sterilization>
      <deviceSterile>true</deviceSterile>
      <sterilizationPriorToUse>false</sterilizationPriorToUse>
      <methodTypes />
    </sterilization>
  </device>
  <device xmlns:xsi="http://www.w3.org/2001/XMLSchema-instance" xmlns="http://www.fda.gov/cdrh/gudid">
    <publicDeviceRecordKey>325a9e2a-f645-419c-ae22-3690a10735fc</publicDeviceRecordKey>
    <publicVersionStatus>Update</publicVersionStatus>
    <deviceRecordStatus>Published</deviceRecordStatus>
    <!--Note: publicVersionNumber is system generated and assigned to all device records to track public release updates to a device record-->
    <publicVersionNumber>3</publicVersionNumber>
    <publicVersionDate>2018-07-06</publicVersionDate>
    <devicePublishDate>2015-07-20</devicePublishDate>
    <deviceCommDistributionEndDate xsi:nil="true" />
    <deviceCommDistributionStatus>In Commercial Distribution</deviceCommDistributionStatus>
    <identifiers>
      <identifier>
        <deviceId>00643169123090</deviceId>
        <deviceIdType>Primary</deviceIdType>
        <deviceIdIssuingAgency>GS1</deviceIdIssuingAgency>
        <containsDINumber xsi:nil="true" />
        <pkgQuantity xsi:nil="true" />
        <pkgDiscontinueDate xsi:nil="true" />
        <pkgStatus xsi:nil="true" />
        <pkgType xsi:nil="true" />
      </identifier>
    </identifiers>
    <brandName>GRAFTON®and GRAFTON PLUS®Demineralized Bone Matrix (DBM)</brandName>
    <versionModelNumber>T42308</versionModelNumber>
    <catalogNumber xsi:nil="true" />
    <dunsNumber>830350380</dunsNumber>
    <companyName>MEDTRONIC SOFAMOR DANEK, INC.</companyName>
    <deviceCount>1</deviceCount>
    <deviceDescription>DBM T42308 GRAFTON MATRIX PLUGS 8MMX10MM</deviceDescription>
    <DMExempt>false</DMExempt>
    <premarketExempt>false</premarketExempt>
    <deviceHCTP>true</deviceHCTP>
    <deviceKit>false</deviceKit>
    <deviceCombinationProduct>false</deviceCombinationProduct>
    <singleUse>true</singleUse>
    <lotBatch>false</lotBatch>
    <serialNumber>true</serialNumber>
    <manufacturingDate>false</manufacturingDate>
    <expirationDate>false</expirationDate>
    <donationIdNumber>true</donationIdNumber>
    <labeledContainsNRL>false</labeledContainsNRL>
    <labeledNoNRL>false</labeledNoNRL>
    <MRISafetyStatus>MR Safe</MRISafetyStatus>
    <rx>true</rx>
    <otc>false</otc>
    <contacts>
      <customerContact>
        <phone>+1(800)633-8766</phone>
        <phoneExtension xsi:nil="true" />
        <email>Corporate.UDI@medtronic.com</email>
      </customerContact>
    </contacts>
    <premarketSubmissions>
      <premarketSubmission>
        <submissionNumber>K051188</submissionNumber>
        <supplementNumber>000</supplementNumber>
      </premarketSubmission>
    </premarketSubmissions>
    <gmdnTerms>
      <gmdn>
        <gmdnCode>47257</gmdnCode>
        <gmdnPTName>Bone matrix implant, human-derived</gmdnPTName>
        <gmdnPTDefinition>An sterile implantable device made primarily of human demineralized bone matrix (DBM) (acid extraction of allogeneic bone resulting in loss of most of the mineralized component but retention of proteins) intended to fill bony voids or gaps caused by trauma or surgery, including use in the maxillofacial and/or mandibular bone. The device is bioabsorbable, osteoconductive, and has demonstrated at least potential osteoinductivity for the stimulation of new bone growth. The DBM may be combined with various carrier compounds (e.g., gelatin, hydrogel, starch) or other materials. It is available in the form of powder, crushed granules, putty, chips, or a gel that can be injected through a syringe.</gmdnPTDefinition>
        <implantable>true</implantable>
        <gmdnCodeStatus>Active</gmdnCodeStatus>
      </gmdn>
    </gmdnTerms>
    <productCodes>
      <fdaProductCode>
        <productCode>NUN</productCode>
        <productCodeName>BONE GRAFTING MATERIAL, HUMAN SOURCE</productCodeName>
      </fdaProductCode>
    </productCodes>
    <deviceSizes>
      <deviceSize>
        <sizeType>Width</sizeType>
        <size value="10.0" unit="Millimeter" />
        <sizeText xsi:nil="true" />
      </deviceSize>
      <deviceSize>
        <sizeType>Length</sizeType>
        <size value="8.0" unit="Millimeter" />
        <sizeText xsi:nil="true" />
      </deviceSize>
    </deviceSizes>
    <environmentalConditions />
    <sterilization>
      <deviceSterile>true</deviceSterile>
      <sterilizationPriorToUse>false</sterilizationPriorToUse>
      <methodTypes />
    </sterilization>
  </device>
  <device xmlns:xsi="http://www.w3.org/2001/XMLSchema-instance" xmlns="http://www.fda.gov/cdrh/gudid">
    <publicDeviceRecordKey>c9b0ce25-f9fa-44c9-b904-cb576cc35f38</publicDeviceRecordKey>
    <publicVersionStatus>Update</publicVersionStatus>
    <deviceRecordStatus>Published</deviceRecordStatus>
    <!--Note: publicVersionNumber is system generated and assigned to all device records to track public release updates to a device record-->
    <publicVersionNumber>3</publicVersionNumber>
    <publicVersionDate>2018-07-06</publicVersionDate>
    <devicePublishDate>2016-04-22</devicePublishDate>
    <deviceCommDistributionEndDate xsi:nil="true" />
    <deviceCommDistributionStatus>In Commercial Distribution</deviceCommDistributionStatus>
    <identifiers>
      <identifier>
        <deviceId>00643169107779</deviceId>
        <deviceIdType>Primary</deviceIdType>
        <deviceIdIssuingAgency>GS1</deviceIdIssuingAgency>
        <containsDINumber xsi:nil="true" />
        <pkgQuantity xsi:nil="true" />
        <pkgDiscontinueDate xsi:nil="true" />
        <pkgStatus xsi:nil="true" />
        <pkgType xsi:nil="true" />
      </identifier>
    </identifiers>
    <brandName>AIRvance™</brandName>
    <versionModelNumber>76310200M</versionModelNumber>
    <catalogNumber xsi:nil="true" />
    <dunsNumber>835465063</dunsNumber>
    <companyName>MEDTRONIC XOMED, INC.</companyName>
    <deviceCount>1</deviceCount>
    <deviceDescription>BONE SCREW 76310200M AIRVANCE</deviceDescription>
    <DMExempt>false</DMExempt>
    <premarketExempt>false</premarketExempt>
    <deviceHCTP>false</deviceHCTP>
    <deviceKit>false</deviceKit>
    <deviceCombinationProduct>false</deviceCombinationProduct>
    <singleUse>true</singleUse>
    <lotBatch>true</lotBatch>
    <serialNumber>false</serialNumber>
    <manufacturingDate>false</manufacturingDate>
    <expirationDate>false</expirationDate>
    <donationIdNumber>false</donationIdNumber>
    <labeledContainsNRL>false</labeledContainsNRL>
    <labeledNoNRL>false</labeledNoNRL>
    <MRISafetyStatus>Labeling does not contain MRI Safety Information</MRISafetyStatus>
    <rx>true</rx>
    <otc>false</otc>
    <contacts>
      <customerContact>
        <phone>+1(800)633-8766</phone>
        <phoneExtension xsi:nil="true" />
        <email>Corporate.UDI@medtronic.com</email>
      </customerContact>
    </contacts>
    <premarketSubmissions>
      <premarketSubmission>
        <submissionNumber>K981677</submissionNumber>
        <supplementNumber>000</supplementNumber>
      </premarketSubmission>
    </premarketSubmissions>
    <gmdnTerms>
      <gmdn>
        <gmdnCode>61483</gmdnCode>
        <gmdnPTName>Sleep apnoea tongue implant, non-bioabsorbable</gmdnPTName>
        <gmdnPTDefinition>A sterile device intended to be implanted into the tongue to help increase airway patency by anterior advancement and physical stabilization of the tongue in the management of obstructive sleep apnoea (OSA). It is in the form of a non-bioabsorbable looped thread implanted in the base of the tongue, attached anteriorly to the mandible with a bone anchor. Disposable devices associated with implantation may be included.</gmdnPTDefinition>
        <implantable>true</implantable>
        <gmdnCodeStatus>Active</gmdnCodeStatus>
      </gmdn>
    </gmdnTerms>
    <productCodes>
      <fdaProductCode>
        <productCode>LRK</productCode>
        <productCodeName>Device, anti-snoring</productCodeName>
      </fdaProductCode>
    </productCodes>
    <deviceSizes />
    <environmentalConditions />
    <sterilization>
      <deviceSterile>true</deviceSterile>
      <sterilizationPriorToUse>false</sterilizationPriorToUse>
      <methodTypes />
    </sterilization>
  </device>
  <device xmlns:xsi="http://www.w3.org/2001/XMLSchema-instance" xmlns="http://www.fda.gov/cdrh/gudid">
    <publicDeviceRecordKey>d3fccca4-70f8-470f-8ff5-0f5fee027ff1</publicDeviceRecordKey>
    <publicVersionStatus>Update</publicVersionStatus>
    <deviceRecordStatus>Published</deviceRecordStatus>
    <!--Note: publicVersionNumber is system generated and assigned to all device records to track public release updates to a device record-->
    <publicVersionNumber>3</publicVersionNumber>
    <publicVersionDate>2018-07-06</publicVersionDate>
    <devicePublishDate>2016-04-23</devicePublishDate>
    <deviceCommDistributionEndDate xsi:nil="true" />
    <deviceCommDistributionStatus>In Commercial Distribution</deviceCommDistributionStatus>
    <identifiers>
      <identifier>
        <deviceId>00643169062979</deviceId>
        <deviceIdType>Primary</deviceIdType>
        <deviceIdIssuingAgency>GS1</deviceIdIssuingAgency>
        <containsDINumber xsi:nil="true" />
        <pkgQuantity xsi:nil="true" />
        <pkgDiscontinueDate xsi:nil="true" />
        <pkgStatus xsi:nil="true" />
        <pkgType xsi:nil="true" />
      </identifier>
    </identifiers>
    <brandName>AIRvance™</brandName>
    <versionModelNumber>76353200M</versionModelNumber>
    <catalogNumber xsi:nil="true" />
    <dunsNumber>835465063</dunsNumber>
    <companyName>MEDTRONIC XOMED, INC.</companyName>
    <deviceCount>1</deviceCount>
    <deviceDescription>BONE SCREW 76353200M AIRVANCE SYSTEM</deviceDescription>
    <DMExempt>false</DMExempt>
    <premarketExempt>false</premarketExempt>
    <deviceHCTP>false</deviceHCTP>
    <deviceKit>false</deviceKit>
    <deviceCombinationProduct>false</deviceCombinationProduct>
    <singleUse>true</singleUse>
    <lotBatch>true</lotBatch>
    <serialNumber>false</serialNumber>
    <manufacturingDate>false</manufacturingDate>
    <expirationDate>false</expirationDate>
    <donationIdNumber>false</donationIdNumber>
    <labeledContainsNRL>false</labeledContainsNRL>
    <labeledNoNRL>false</labeledNoNRL>
    <MRISafetyStatus>Labeling does not contain MRI Safety Information</MRISafetyStatus>
    <rx>true</rx>
    <otc>false</otc>
    <contacts>
      <customerContact>
        <phone>+1(800)633-8766</phone>
        <phoneExtension xsi:nil="true" />
        <email>Corporate.UDI@medtronic.com</email>
      </customerContact>
    </contacts>
    <premarketSubmissions>
      <premarketSubmission>
        <submissionNumber>K981677</submissionNumber>
        <supplementNumber>000</supplementNumber>
      </premarketSubmission>
    </premarketSubmissions>
    <gmdnTerms>
      <gmdn>
        <gmdnCode>61483</gmdnCode>
        <gmdnPTName>Sleep apnoea tongue implant, non-bioabsorbable</gmdnPTName>
        <gmdnPTDefinition>A sterile device intended to be implanted into the tongue to help increase airway patency by anterior advancement and physical stabilization of the tongue in the management of obstructive sleep apnoea (OSA). It is in the form of a non-bioabsorbable looped thread implanted in the base of the tongue, attached anteriorly to the mandible with a bone anchor. Disposable devices associated with implantation may be included.</gmdnPTDefinition>
        <implantable>true</implantable>
        <gmdnCodeStatus>Active</gmdnCodeStatus>
      </gmdn>
    </gmdnTerms>
    <productCodes>
      <fdaProductCode>
        <productCode>LRK</productCode>
        <productCodeName>Device, anti-snoring</productCodeName>
      </fdaProductCode>
    </productCodes>
    <deviceSizes />
    <environmentalConditions />
    <sterilization>
      <deviceSterile>true</deviceSterile>
      <sterilizationPriorToUse>false</sterilizationPriorToUse>
      <methodTypes />
    </sterilization>
  </device>
</devices>