﻿<?xml version="1.0" encoding="UTF-8"?>
<devices>
  <device xmlns:xsi="http://www.w3.org/2001/XMLSchema-instance" xmlns="http://www.fda.gov/cdrh/gudid">
    <publicDeviceRecordKey>d7d6780c-1f57-4b41-97e5-6cca51d92d54</publicDeviceRecordKey>
    <publicVersionStatus>New</publicVersionStatus>
    <deviceRecordStatus>Published</deviceRecordStatus>
    <!--Note: publicVersionNumber is system generated and assigned to all device records to track public release updates to a device record-->
    <publicVersionNumber>1</publicVersionNumber>
    <publicVersionDate>2021-07-20</publicVersionDate>
    <devicePublishDate>2021-07-12</devicePublishDate>
    <deviceCommDistributionEndDate xsi:nil="true" />
    <deviceCommDistributionStatus>In Commercial Distribution</deviceCommDistributionStatus>
    <identifiers>
      <identifier>
        <deviceId>50749756267095</deviceId>
        <deviceIdType>Package</deviceIdType>
        <deviceIdIssuingAgency>GS1</deviceIdIssuingAgency>
        <containsDINumber>00749756267090</containsDINumber>
        <pkgQuantity>20</pkgQuantity>
        <pkgDiscontinueDate xsi:nil="true" />
        <pkgStatus>In Commercial Distribution</pkgStatus>
        <pkgType>Case</pkgType>
      </identifier>
      <identifier>
        <deviceId>00749756267090</deviceId>
        <deviceIdType>Primary</deviceIdType>
        <deviceIdIssuingAgency>GS1</deviceIdIssuingAgency>
        <containsDINumber xsi:nil="true" />
        <pkgQuantity xsi:nil="true" />
        <pkgDiscontinueDate xsi:nil="true" />
        <pkgStatus xsi:nil="true" />
        <pkgType xsi:nil="true" />
      </identifier>
    </identifiers>
    <brandName>DeRoyal</brandName>
    <versionModelNumber>32-891</versionModelNumber>
    <catalogNumber>32-891</catalogNumber>
    <dunsNumber>096372255</dunsNumber>
    <companyName>DEROYAL INDUSTRIES, INC.</companyName>
    <deviceCount>1</deviceCount>
    <deviceDescription>Dental Rolls</deviceDescription>
    <DMExempt>true</DMExempt>
    <premarketExempt>true</premarketExempt>
    <deviceHCTP>false</deviceHCTP>
    <deviceKit>false</deviceKit>
    <deviceCombinationProduct>false</deviceCombinationProduct>
    <singleUse>true</singleUse>
    <lotBatch>true</lotBatch>
    <serialNumber>false</serialNumber>
    <manufacturingDate>false</manufacturingDate>
    <expirationDate>true</expirationDate>
    <donationIdNumber>false</donationIdNumber>
    <labeledContainsNRL>false</labeledContainsNRL>
    <labeledNoNRL>true</labeledNoNRL>
    <MRISafetyStatus>Labeling does not contain MRI Safety Information</MRISafetyStatus>
    <rx>true</rx>
    <otc>false</otc>
    <contacts>
      <customerContact>
        <phone>+1(888)938-7828</phone>
        <phoneExtension xsi:nil="true" />
        <email>udisupport@deroyal.com</email>
      </customerContact>
    </contacts>
    <gmdnTerms>
      <gmdn>
        <gmdnCode>44971</gmdnCode>
        <gmdnPTName>General-purpose surgical sponge</gmdnPTName>
        <gmdnPTDefinition>A non-medicated cushion-like mass made of absorbent materials (e.g., woven gauze, cotton, cellulose) primarily intended to be used inside the body, on a surgical incision or applied to internal organs or structures to control bleeding, absorb fluid, or protect organs or structures from abrasion, drying, or contamination during a procedure; also referred to as a laparotomy sponge or cottonoid pad/pattie, it may also be used for prepping the patient. It does not contain special features to help detect gossypiboma (sponge left inside patient) [i.e., it is not radiopaque]. This is a single-use device.</gmdnPTDefinition>
        <implantable>false</implantable>
        <gmdnCodeStatus>Active</gmdnCodeStatus>
      </gmdn>
    </gmdnTerms>
    <productCodes>
      <fdaProductCode>
        <productCode>EFN</productCode>
        <productCodeName>COTTON, ROLL</productCodeName>
      </fdaProductCode>
    </productCodes>
    <deviceSizes />
    <environmentalConditions />
    <sterilization>
      <deviceSterile>true</deviceSterile>
      <sterilizationPriorToUse>false</sterilizationPriorToUse>
      <methodTypes />
    </sterilization>
  </device>
  <device xmlns:xsi="http://www.w3.org/2001/XMLSchema-instance" xmlns="http://www.fda.gov/cdrh/gudid">
    <publicDeviceRecordKey>893c1b05-52b6-495b-8d87-0e81a5395034</publicDeviceRecordKey>
    <publicVersionStatus>New</publicVersionStatus>
    <deviceRecordStatus>Published</deviceRecordStatus>
    <!--Note: publicVersionNumber is system generated and assigned to all device records to track public release updates to a device record-->
    <publicVersionNumber>1</publicVersionNumber>
    <publicVersionDate>2021-07-20</publicVersionDate>
    <devicePublishDate>2021-07-12</devicePublishDate>
    <deviceCommDistributionEndDate xsi:nil="true" />
    <deviceCommDistributionStatus>In Commercial Distribution</deviceCommDistributionStatus>
    <identifiers>
      <identifier>
        <deviceId>50749756173310</deviceId>
        <deviceIdType>Package</deviceIdType>
        <deviceIdIssuingAgency>GS1</deviceIdIssuingAgency>
        <containsDINumber>00749756173315</containsDINumber>
        <pkgQuantity>100</pkgQuantity>
        <pkgDiscontinueDate xsi:nil="true" />
        <pkgStatus>In Commercial Distribution</pkgStatus>
        <pkgType>Case</pkgType>
      </identifier>
      <identifier>
        <deviceId>00749756173315</deviceId>
        <deviceIdType>Primary</deviceIdType>
        <deviceIdIssuingAgency>GS1</deviceIdIssuingAgency>
        <containsDINumber xsi:nil="true" />
        <pkgQuantity xsi:nil="true" />
        <pkgDiscontinueDate xsi:nil="true" />
        <pkgStatus xsi:nil="true" />
        <pkgType xsi:nil="true" />
      </identifier>
    </identifiers>
    <brandName>DeRoyal</brandName>
    <versionModelNumber>32-641</versionModelNumber>
    <catalogNumber>32-641</catalogNumber>
    <dunsNumber>096372255</dunsNumber>
    <companyName>DEROYAL INDUSTRIES, INC.</companyName>
    <deviceCount>1</deviceCount>
    <deviceDescription>FLAT COTTON</deviceDescription>
    <DMExempt>true</DMExempt>
    <premarketExempt>true</premarketExempt>
    <deviceHCTP>false</deviceHCTP>
    <deviceKit>false</deviceKit>
    <deviceCombinationProduct>false</deviceCombinationProduct>
    <singleUse>true</singleUse>
    <lotBatch>true</lotBatch>
    <serialNumber>false</serialNumber>
    <manufacturingDate>false</manufacturingDate>
    <expirationDate>true</expirationDate>
    <donationIdNumber>false</donationIdNumber>
    <labeledContainsNRL>false</labeledContainsNRL>
    <labeledNoNRL>true</labeledNoNRL>
    <MRISafetyStatus>Labeling does not contain MRI Safety Information</MRISafetyStatus>
    <rx>true</rx>
    <otc>false</otc>
    <contacts>
      <customerContact>
        <phone>+1(888)938-7828</phone>
        <phoneExtension xsi:nil="true" />
        <email>udisupport@deroyal.com</email>
      </customerContact>
    </contacts>
    <gmdnTerms>
      <gmdn>
        <gmdnCode>44971</gmdnCode>
        <gmdnPTName>General-purpose surgical sponge</gmdnPTName>
        <gmdnPTDefinition>A non-medicated cushion-like mass made of absorbent materials (e.g., woven gauze, cotton, cellulose) primarily intended to be used inside the body, on a surgical incision or applied to internal organs or structures to control bleeding, absorb fluid, or protect organs or structures from abrasion, drying, or contamination during a procedure; also referred to as a laparotomy sponge or cottonoid pad/pattie, it may also be used for prepping the patient. It does not contain special features to help detect gossypiboma (sponge left inside patient) [i.e., it is not radiopaque]. This is a single-use device.</gmdnPTDefinition>
        <implantable>false</implantable>
        <gmdnCodeStatus>Active</gmdnCodeStatus>
      </gmdn>
    </gmdnTerms>
    <productCodes>
      <fdaProductCode>
        <productCode>EFN</productCode>
        <productCodeName>COTTON, ROLL</productCodeName>
      </fdaProductCode>
    </productCodes>
    <deviceSizes />
    <environmentalConditions />
    <sterilization>
      <deviceSterile>true</deviceSterile>
      <sterilizationPriorToUse>false</sterilizationPriorToUse>
      <methodTypes />
    </sterilization>
  </device>
  <device xmlns:xsi="http://www.w3.org/2001/XMLSchema-instance" xmlns="http://www.fda.gov/cdrh/gudid">
    <publicDeviceRecordKey>20a37ba4-0b26-411d-87e9-3b82c143a81f</publicDeviceRecordKey>
    <publicVersionStatus>New</publicVersionStatus>
    <deviceRecordStatus>Published</deviceRecordStatus>
    <!--Note: publicVersionNumber is system generated and assigned to all device records to track public release updates to a device record-->
    <publicVersionNumber>1</publicVersionNumber>
    <publicVersionDate>2021-07-20</publicVersionDate>
    <devicePublishDate>2021-07-12</devicePublishDate>
    <deviceCommDistributionEndDate xsi:nil="true" />
    <deviceCommDistributionStatus>In Commercial Distribution</deviceCommDistributionStatus>
    <identifiers>
      <identifier>
        <deviceId>50749756162826</deviceId>
        <deviceIdType>Package</deviceIdType>
        <deviceIdIssuingAgency>GS1</deviceIdIssuingAgency>
        <containsDINumber>00749756162821</containsDINumber>
        <pkgQuantity>50</pkgQuantity>
        <pkgDiscontinueDate xsi:nil="true" />
        <pkgStatus>In Commercial Distribution</pkgStatus>
        <pkgType>Case</pkgType>
      </identifier>
      <identifier>
        <deviceId>00749756162821</deviceId>
        <deviceIdType>Primary</deviceIdType>
        <deviceIdIssuingAgency>GS1</deviceIdIssuingAgency>
        <containsDINumber xsi:nil="true" />
        <pkgQuantity xsi:nil="true" />
        <pkgDiscontinueDate xsi:nil="true" />
        <pkgStatus xsi:nil="true" />
        <pkgType xsi:nil="true" />
      </identifier>
    </identifiers>
    <brandName>DeRoyal</brandName>
    <versionModelNumber>32-886</versionModelNumber>
    <catalogNumber>32-886</catalogNumber>
    <dunsNumber>096372255</dunsNumber>
    <companyName>DEROYAL INDUSTRIES, INC.</companyName>
    <deviceCount>1</deviceCount>
    <deviceDescription>CUSTOM E.N.T. COTTON</deviceDescription>
    <DMExempt>true</DMExempt>
    <premarketExempt>true</premarketExempt>
    <deviceHCTP>false</deviceHCTP>
    <deviceKit>false</deviceKit>
    <deviceCombinationProduct>false</deviceCombinationProduct>
    <singleUse>true</singleUse>
    <lotBatch>true</lotBatch>
    <serialNumber>false</serialNumber>
    <manufacturingDate>false</manufacturingDate>
    <expirationDate>true</expirationDate>
    <donationIdNumber>false</donationIdNumber>
    <labeledContainsNRL>false</labeledContainsNRL>
    <labeledNoNRL>true</labeledNoNRL>
    <MRISafetyStatus>Labeling does not contain MRI Safety Information</MRISafetyStatus>
    <rx>true</rx>
    <otc>false</otc>
    <contacts>
      <customerContact>
        <phone>+1(888)938-7828</phone>
        <phoneExtension xsi:nil="true" />
        <email>udisupport@deroyal.com</email>
      </customerContact>
    </contacts>
    <gmdnTerms>
      <gmdn>
        <gmdnCode>44971</gmdnCode>
        <gmdnPTName>General-purpose surgical sponge</gmdnPTName>
        <gmdnPTDefinition>A non-medicated cushion-like mass made of absorbent materials (e.g., woven gauze, cotton, cellulose) primarily intended to be used inside the body, on a surgical incision or applied to internal organs or structures to control bleeding, absorb fluid, or protect organs or structures from abrasion, drying, or contamination during a procedure; also referred to as a laparotomy sponge or cottonoid pad/pattie, it may also be used for prepping the patient. It does not contain special features to help detect gossypiboma (sponge left inside patient) [i.e., it is not radiopaque]. This is a single-use device.</gmdnPTDefinition>
        <implantable>false</implantable>
        <gmdnCodeStatus>Active</gmdnCodeStatus>
      </gmdn>
    </gmdnTerms>
    <productCodes>
      <fdaProductCode>
        <productCode>EFN</productCode>
        <productCodeName>COTTON, ROLL</productCodeName>
      </fdaProductCode>
    </productCodes>
    <deviceSizes />
    <environmentalConditions />
    <sterilization>
      <deviceSterile>true</deviceSterile>
      <sterilizationPriorToUse>false</sterilizationPriorToUse>
      <methodTypes />
    </sterilization>
  </device>
  <device xmlns:xsi="http://www.w3.org/2001/XMLSchema-instance" xmlns="http://www.fda.gov/cdrh/gudid">
    <publicDeviceRecordKey>57e14a14-de12-49f7-ad39-d7184a5f8edf</publicDeviceRecordKey>
    <publicVersionStatus>New</publicVersionStatus>
    <deviceRecordStatus>Published</deviceRecordStatus>
    <!--Note: publicVersionNumber is system generated and assigned to all device records to track public release updates to a device record-->
    <publicVersionNumber>1</publicVersionNumber>
    <publicVersionDate>2021-09-22</publicVersionDate>
    <devicePublishDate>2021-09-14</devicePublishDate>
    <deviceCommDistributionEndDate xsi:nil="true" />
    <deviceCommDistributionStatus>In Commercial Distribution</deviceCommDistributionStatus>
    <identifiers>
      <identifier>
        <deviceId>50749756159826</deviceId>
        <deviceIdType>Package</deviceIdType>
        <deviceIdIssuingAgency>GS1</deviceIdIssuingAgency>
        <containsDINumber>00749756159821</containsDINumber>
        <pkgQuantity>100</pkgQuantity>
        <pkgDiscontinueDate xsi:nil="true" />
        <pkgStatus>In Commercial Distribution</pkgStatus>
        <pkgType>Case</pkgType>
      </identifier>
      <identifier>
        <deviceId>00749756159821</deviceId>
        <deviceIdType>Primary</deviceIdType>
        <deviceIdIssuingAgency>GS1</deviceIdIssuingAgency>
        <containsDINumber xsi:nil="true" />
        <pkgQuantity xsi:nil="true" />
        <pkgDiscontinueDate xsi:nil="true" />
        <pkgStatus xsi:nil="true" />
        <pkgType xsi:nil="true" />
      </identifier>
    </identifiers>
    <brandName>DeRoyal</brandName>
    <versionModelNumber>32-1071</versionModelNumber>
    <catalogNumber>32-1071</catalogNumber>
    <dunsNumber>096372255</dunsNumber>
    <companyName>DEROYAL INDUSTRIES, INC.</companyName>
    <deviceCount>1</deviceCount>
    <deviceDescription>Dental Roll</deviceDescription>
    <DMExempt>true</DMExempt>
    <premarketExempt>true</premarketExempt>
    <deviceHCTP>false</deviceHCTP>
    <deviceKit>false</deviceKit>
    <deviceCombinationProduct>false</deviceCombinationProduct>
    <singleUse>true</singleUse>
    <lotBatch>true</lotBatch>
    <serialNumber>false</serialNumber>
    <manufacturingDate>false</manufacturingDate>
    <expirationDate>true</expirationDate>
    <donationIdNumber>false</donationIdNumber>
    <labeledContainsNRL>false</labeledContainsNRL>
    <labeledNoNRL>true</labeledNoNRL>
    <MRISafetyStatus>Labeling does not contain MRI Safety Information</MRISafetyStatus>
    <rx>true</rx>
    <otc>false</otc>
    <contacts>
      <customerContact>
        <phone>+1(888)938-7828</phone>
        <phoneExtension xsi:nil="true" />
        <email>udisupport@deroyal.com</email>
      </customerContact>
    </contacts>
    <gmdnTerms>
      <gmdn>
        <gmdnCode>44971</gmdnCode>
        <gmdnPTName>General-purpose surgical sponge</gmdnPTName>
        <gmdnPTDefinition>A non-medicated cushion-like mass made of absorbent materials (e.g., woven gauze, cotton, cellulose) primarily intended to be used inside the body, on a surgical incision or applied to internal organs or structures to control bleeding, absorb fluid, or protect organs or structures from abrasion, drying, or contamination during a procedure; also referred to as a laparotomy sponge or cottonoid pad/pattie, it may also be used for prepping the patient. It does not contain special features to help detect gossypiboma (sponge left inside patient) [i.e., it is not radiopaque]. This is a single-use device.</gmdnPTDefinition>
        <implantable>false</implantable>
        <gmdnCodeStatus>Active</gmdnCodeStatus>
      </gmdn>
    </gmdnTerms>
    <productCodes>
      <fdaProductCode>
        <productCode>EFN</productCode>
        <productCodeName>COTTON, ROLL</productCodeName>
      </fdaProductCode>
    </productCodes>
    <deviceSizes />
    <environmentalConditions />
    <sterilization>
      <deviceSterile>true</deviceSterile>
      <sterilizationPriorToUse>false</sterilizationPriorToUse>
      <methodTypes />
    </sterilization>
  </device>
  <device xmlns:xsi="http://www.w3.org/2001/XMLSchema-instance" xmlns="http://www.fda.gov/cdrh/gudid">
    <publicDeviceRecordKey>42d15cb1-c359-4116-ac4a-6a0c13769cc0</publicDeviceRecordKey>
    <publicVersionStatus>New</publicVersionStatus>
    <deviceRecordStatus>Published</deviceRecordStatus>
    <!--Note: publicVersionNumber is system generated and assigned to all device records to track public release updates to a device record-->
    <publicVersionNumber>1</publicVersionNumber>
    <publicVersionDate>2021-07-20</publicVersionDate>
    <devicePublishDate>2021-07-12</devicePublishDate>
    <deviceCommDistributionEndDate xsi:nil="true" />
    <deviceCommDistributionStatus>In Commercial Distribution</deviceCommDistributionStatus>
    <identifiers>
      <identifier>
        <deviceId>50749756159512</deviceId>
        <deviceIdType>Package</deviceIdType>
        <deviceIdIssuingAgency>GS1</deviceIdIssuingAgency>
        <containsDINumber>00749756159517</containsDINumber>
        <pkgQuantity>40</pkgQuantity>
        <pkgDiscontinueDate xsi:nil="true" />
        <pkgStatus>In Commercial Distribution</pkgStatus>
        <pkgType>Case</pkgType>
      </identifier>
      <identifier>
        <deviceId>00749756159517</deviceId>
        <deviceIdType>Primary</deviceIdType>
        <deviceIdIssuingAgency>GS1</deviceIdIssuingAgency>
        <containsDINumber xsi:nil="true" />
        <pkgQuantity xsi:nil="true" />
        <pkgDiscontinueDate xsi:nil="true" />
        <pkgStatus xsi:nil="true" />
        <pkgType xsi:nil="true" />
      </identifier>
    </identifiers>
    <brandName>DeRoyal</brandName>
    <versionModelNumber>32-890</versionModelNumber>
    <catalogNumber>32-890</catalogNumber>
    <dunsNumber>096372255</dunsNumber>
    <companyName>DEROYAL INDUSTRIES, INC.</companyName>
    <deviceCount>1</deviceCount>
    <deviceDescription>Dental Rolls</deviceDescription>
    <DMExempt>true</DMExempt>
    <premarketExempt>true</premarketExempt>
    <deviceHCTP>false</deviceHCTP>
    <deviceKit>false</deviceKit>
    <deviceCombinationProduct>false</deviceCombinationProduct>
    <singleUse>true</singleUse>
    <lotBatch>true</lotBatch>
    <serialNumber>false</serialNumber>
    <manufacturingDate>false</manufacturingDate>
    <expirationDate>true</expirationDate>
    <donationIdNumber>false</donationIdNumber>
    <labeledContainsNRL>false</labeledContainsNRL>
    <labeledNoNRL>true</labeledNoNRL>
    <MRISafetyStatus>Labeling does not contain MRI Safety Information</MRISafetyStatus>
    <rx>true</rx>
    <otc>false</otc>
    <contacts>
      <customerContact>
        <phone>+1(888)938-7828</phone>
        <phoneExtension xsi:nil="true" />
        <email>udisupport@deroyal.com</email>
      </customerContact>
    </contacts>
    <gmdnTerms>
      <gmdn>
        <gmdnCode>44971</gmdnCode>
        <gmdnPTName>General-purpose surgical sponge</gmdnPTName>
        <gmdnPTDefinition>A non-medicated cushion-like mass made of absorbent materials (e.g., woven gauze, cotton, cellulose) primarily intended to be used inside the body, on a surgical incision or applied to internal organs or structures to control bleeding, absorb fluid, or protect organs or structures from abrasion, drying, or contamination during a procedure; also referred to as a laparotomy sponge or cottonoid pad/pattie, it may also be used for prepping the patient. It does not contain special features to help detect gossypiboma (sponge left inside patient) [i.e., it is not radiopaque]. This is a single-use device.</gmdnPTDefinition>
        <implantable>false</implantable>
        <gmdnCodeStatus>Active</gmdnCodeStatus>
      </gmdn>
    </gmdnTerms>
    <productCodes>
      <fdaProductCode>
        <productCode>EFN</productCode>
        <productCodeName>COTTON, ROLL</productCodeName>
      </fdaProductCode>
    </productCodes>
    <deviceSizes />
    <environmentalConditions />
    <sterilization>
      <deviceSterile>true</deviceSterile>
      <sterilizationPriorToUse>false</sterilizationPriorToUse>
      <methodTypes />
    </sterilization>
  </device>
  <device xmlns:xsi="http://www.w3.org/2001/XMLSchema-instance" xmlns="http://www.fda.gov/cdrh/gudid">
    <publicDeviceRecordKey>831d9c7b-ab49-4b8c-ac63-09ad7ce03fc9</publicDeviceRecordKey>
    <publicVersionStatus>New</publicVersionStatus>
    <deviceRecordStatus>Published</deviceRecordStatus>
    <!--Note: publicVersionNumber is system generated and assigned to all device records to track public release updates to a device record-->
    <publicVersionNumber>1</publicVersionNumber>
    <publicVersionDate>2021-07-08</publicVersionDate>
    <devicePublishDate>2021-06-30</devicePublishDate>
    <deviceCommDistributionEndDate xsi:nil="true" />
    <deviceCommDistributionStatus>In Commercial Distribution</deviceCommDistributionStatus>
    <identifiers>
      <identifier>
        <deviceId>50749756159093</deviceId>
        <deviceIdType>Package</deviceIdType>
        <deviceIdIssuingAgency>GS1</deviceIdIssuingAgency>
        <containsDINumber>00749756159098</containsDINumber>
        <pkgQuantity>100</pkgQuantity>
        <pkgDiscontinueDate xsi:nil="true" />
        <pkgStatus>In Commercial Distribution</pkgStatus>
        <pkgType>Case</pkgType>
      </identifier>
      <identifier>
        <deviceId>00749756159098</deviceId>
        <deviceIdType>Primary</deviceIdType>
        <deviceIdIssuingAgency>GS1</deviceIdIssuingAgency>
        <containsDINumber xsi:nil="true" />
        <pkgQuantity xsi:nil="true" />
        <pkgDiscontinueDate xsi:nil="true" />
        <pkgStatus xsi:nil="true" />
        <pkgType xsi:nil="true" />
      </identifier>
    </identifiers>
    <brandName>DeRoyal</brandName>
    <versionModelNumber>30-096</versionModelNumber>
    <catalogNumber>30-096</catalogNumber>
    <dunsNumber>096372255</dunsNumber>
    <companyName>DEROYAL INDUSTRIES, INC.</companyName>
    <deviceCount>1</deviceCount>
    <deviceDescription>Dental Roll</deviceDescription>
    <DMExempt>true</DMExempt>
    <premarketExempt>true</premarketExempt>
    <deviceHCTP>false</deviceHCTP>
    <deviceKit>false</deviceKit>
    <deviceCombinationProduct>false</deviceCombinationProduct>
    <singleUse>true</singleUse>
    <lotBatch>true</lotBatch>
    <serialNumber>false</serialNumber>
    <manufacturingDate>false</manufacturingDate>
    <expirationDate>true</expirationDate>
    <donationIdNumber>false</donationIdNumber>
    <labeledContainsNRL>false</labeledContainsNRL>
    <labeledNoNRL>true</labeledNoNRL>
    <MRISafetyStatus>Labeling does not contain MRI Safety Information</MRISafetyStatus>
    <rx>true</rx>
    <otc>false</otc>
    <contacts>
      <customerContact>
        <phone>+1(888)938-7828</phone>
        <phoneExtension xsi:nil="true" />
        <email>udisupport@deroyal.com</email>
      </customerContact>
    </contacts>
    <gmdnTerms>
      <gmdn>
        <gmdnCode>44971</gmdnCode>
        <gmdnPTName>General-purpose surgical sponge</gmdnPTName>
        <gmdnPTDefinition>A non-medicated cushion-like mass made of absorbent materials (e.g., woven gauze, cotton, cellulose) primarily intended to be used inside the body, on a surgical incision or applied to internal organs or structures to control bleeding, absorb fluid, or protect organs or structures from abrasion, drying, or contamination during a procedure; also referred to as a laparotomy sponge or cottonoid pad/pattie, it may also be used for prepping the patient. It does not contain special features to help detect gossypiboma (sponge left inside patient) [i.e., it is not radiopaque]. This is a single-use device.</gmdnPTDefinition>
        <implantable>false</implantable>
        <gmdnCodeStatus>Active</gmdnCodeStatus>
      </gmdn>
    </gmdnTerms>
    <productCodes>
      <fdaProductCode>
        <productCode>EFN</productCode>
        <productCodeName>COTTON, ROLL</productCodeName>
      </fdaProductCode>
    </productCodes>
    <deviceSizes />
    <environmentalConditions />
    <sterilization>
      <deviceSterile>true</deviceSterile>
      <sterilizationPriorToUse>false</sterilizationPriorToUse>
      <methodTypes />
    </sterilization>
  </device>
  <device xmlns:xsi="http://www.w3.org/2001/XMLSchema-instance" xmlns="http://www.fda.gov/cdrh/gudid">
    <publicDeviceRecordKey>4c6534ae-df5d-4921-9603-bdaaef8e9984</publicDeviceRecordKey>
    <publicVersionStatus>New</publicVersionStatus>
    <deviceRecordStatus>Published</deviceRecordStatus>
    <!--Note: publicVersionNumber is system generated and assigned to all device records to track public release updates to a device record-->
    <publicVersionNumber>1</publicVersionNumber>
    <publicVersionDate>2021-07-08</publicVersionDate>
    <devicePublishDate>2021-06-30</devicePublishDate>
    <deviceCommDistributionEndDate xsi:nil="true" />
    <deviceCommDistributionStatus>In Commercial Distribution</deviceCommDistributionStatus>
    <identifiers>
      <identifier>
        <deviceId>50749756140732</deviceId>
        <deviceIdType>Package</deviceIdType>
        <deviceIdIssuingAgency>GS1</deviceIdIssuingAgency>
        <containsDINumber>00749756140737</containsDINumber>
        <pkgQuantity>20</pkgQuantity>
        <pkgDiscontinueDate xsi:nil="true" />
        <pkgStatus>In Commercial Distribution</pkgStatus>
        <pkgType>Case</pkgType>
      </identifier>
      <identifier>
        <deviceId>00749756140737</deviceId>
        <deviceIdType>Primary</deviceIdType>
        <deviceIdIssuingAgency>GS1</deviceIdIssuingAgency>
        <containsDINumber xsi:nil="true" />
        <pkgQuantity xsi:nil="true" />
        <pkgDiscontinueDate xsi:nil="true" />
        <pkgStatus xsi:nil="true" />
        <pkgType xsi:nil="true" />
      </identifier>
    </identifiers>
    <brandName>DeRoyal</brandName>
    <versionModelNumber>32-1374</versionModelNumber>
    <catalogNumber>32-1374</catalogNumber>
    <dunsNumber>096372255</dunsNumber>
    <companyName>DEROYAL INDUSTRIES, INC.</companyName>
    <deviceCount>1</deviceCount>
    <deviceDescription>Cotton</deviceDescription>
    <DMExempt>true</DMExempt>
    <premarketExempt>true</premarketExempt>
    <deviceHCTP>false</deviceHCTP>
    <deviceKit>false</deviceKit>
    <deviceCombinationProduct>false</deviceCombinationProduct>
    <singleUse>true</singleUse>
    <lotBatch>true</lotBatch>
    <serialNumber>false</serialNumber>
    <manufacturingDate>false</manufacturingDate>
    <expirationDate>true</expirationDate>
    <donationIdNumber>false</donationIdNumber>
    <labeledContainsNRL>false</labeledContainsNRL>
    <labeledNoNRL>true</labeledNoNRL>
    <MRISafetyStatus>Labeling does not contain MRI Safety Information</MRISafetyStatus>
    <rx>true</rx>
    <otc>false</otc>
    <contacts>
      <customerContact>
        <phone>+1(888)938-7828</phone>
        <phoneExtension xsi:nil="true" />
        <email>udisupport@deroyal.com</email>
      </customerContact>
    </contacts>
    <gmdnTerms>
      <gmdn>
        <gmdnCode>44971</gmdnCode>
        <gmdnPTName>General-purpose surgical sponge</gmdnPTName>
        <gmdnPTDefinition>A non-medicated cushion-like mass made of absorbent materials (e.g., woven gauze, cotton, cellulose) primarily intended to be used inside the body, on a surgical incision or applied to internal organs or structures to control bleeding, absorb fluid, or protect organs or structures from abrasion, drying, or contamination during a procedure; also referred to as a laparotomy sponge or cottonoid pad/pattie, it may also be used for prepping the patient. It does not contain special features to help detect gossypiboma (sponge left inside patient) [i.e., it is not radiopaque]. This is a single-use device.</gmdnPTDefinition>
        <implantable>false</implantable>
        <gmdnCodeStatus>Active</gmdnCodeStatus>
      </gmdn>
    </gmdnTerms>
    <productCodes>
      <fdaProductCode>
        <productCode>EFN</productCode>
        <productCodeName>COTTON, ROLL</productCodeName>
      </fdaProductCode>
    </productCodes>
    <deviceSizes />
    <environmentalConditions />
    <sterilization>
      <deviceSterile>true</deviceSterile>
      <sterilizationPriorToUse>false</sterilizationPriorToUse>
      <methodTypes />
    </sterilization>
  </device>
  <device xmlns:xsi="http://www.w3.org/2001/XMLSchema-instance" xmlns="http://www.fda.gov/cdrh/gudid">
    <publicDeviceRecordKey>d8502b41-91f3-4b56-b0af-14608f6ef985</publicDeviceRecordKey>
    <publicVersionStatus>New</publicVersionStatus>
    <deviceRecordStatus>Published</deviceRecordStatus>
    <!--Note: publicVersionNumber is system generated and assigned to all device records to track public release updates to a device record-->
    <publicVersionNumber>1</publicVersionNumber>
    <publicVersionDate>2021-07-08</publicVersionDate>
    <devicePublishDate>2021-06-30</devicePublishDate>
    <deviceCommDistributionEndDate xsi:nil="true" />
    <deviceCommDistributionStatus>In Commercial Distribution</deviceCommDistributionStatus>
    <identifiers>
      <identifier>
        <deviceId>50749756140725</deviceId>
        <deviceIdType>Package</deviceIdType>
        <deviceIdIssuingAgency>GS1</deviceIdIssuingAgency>
        <containsDINumber>00749756140720</containsDINumber>
        <pkgQuantity>20</pkgQuantity>
        <pkgDiscontinueDate xsi:nil="true" />
        <pkgStatus>In Commercial Distribution</pkgStatus>
        <pkgType>Case</pkgType>
      </identifier>
      <identifier>
        <deviceId>00749756140720</deviceId>
        <deviceIdType>Primary</deviceIdType>
        <deviceIdIssuingAgency>GS1</deviceIdIssuingAgency>
        <containsDINumber xsi:nil="true" />
        <pkgQuantity xsi:nil="true" />
        <pkgDiscontinueDate xsi:nil="true" />
        <pkgStatus xsi:nil="true" />
        <pkgType xsi:nil="true" />
      </identifier>
    </identifiers>
    <brandName>DeRoyal</brandName>
    <versionModelNumber>32-1375</versionModelNumber>
    <catalogNumber>32-1375</catalogNumber>
    <dunsNumber>096372255</dunsNumber>
    <companyName>DEROYAL INDUSTRIES, INC.</companyName>
    <deviceCount>1</deviceCount>
    <deviceDescription>Cotton</deviceDescription>
    <DMExempt>true</DMExempt>
    <premarketExempt>true</premarketExempt>
    <deviceHCTP>false</deviceHCTP>
    <deviceKit>false</deviceKit>
    <deviceCombinationProduct>false</deviceCombinationProduct>
    <singleUse>true</singleUse>
    <lotBatch>true</lotBatch>
    <serialNumber>false</serialNumber>
    <manufacturingDate>false</manufacturingDate>
    <expirationDate>true</expirationDate>
    <donationIdNumber>false</donationIdNumber>
    <labeledContainsNRL>false</labeledContainsNRL>
    <labeledNoNRL>true</labeledNoNRL>
    <MRISafetyStatus>Labeling does not contain MRI Safety Information</MRISafetyStatus>
    <rx>true</rx>
    <otc>false</otc>
    <contacts>
      <customerContact>
        <phone>+1(888)938-7828</phone>
        <phoneExtension xsi:nil="true" />
        <email>udisupport@deroyal.com</email>
      </customerContact>
    </contacts>
    <gmdnTerms>
      <gmdn>
        <gmdnCode>44971</gmdnCode>
        <gmdnPTName>General-purpose surgical sponge</gmdnPTName>
        <gmdnPTDefinition>A non-medicated cushion-like mass made of absorbent materials (e.g., woven gauze, cotton, cellulose) primarily intended to be used inside the body, on a surgical incision or applied to internal organs or structures to control bleeding, absorb fluid, or protect organs or structures from abrasion, drying, or contamination during a procedure; also referred to as a laparotomy sponge or cottonoid pad/pattie, it may also be used for prepping the patient. It does not contain special features to help detect gossypiboma (sponge left inside patient) [i.e., it is not radiopaque]. This is a single-use device.</gmdnPTDefinition>
        <implantable>false</implantable>
        <gmdnCodeStatus>Active</gmdnCodeStatus>
      </gmdn>
    </gmdnTerms>
    <productCodes>
      <fdaProductCode>
        <productCode>EFN</productCode>
        <productCodeName>COTTON, ROLL</productCodeName>
      </fdaProductCode>
    </productCodes>
    <deviceSizes />
    <environmentalConditions />
    <sterilization>
      <deviceSterile>true</deviceSterile>
      <sterilizationPriorToUse>false</sterilizationPriorToUse>
      <methodTypes />
    </sterilization>
  </device>
  <device xmlns:xsi="http://www.w3.org/2001/XMLSchema-instance" xmlns="http://www.fda.gov/cdrh/gudid">
    <publicDeviceRecordKey>df5576a9-3027-45d4-87f0-410b8f783eaa</publicDeviceRecordKey>
    <publicVersionStatus>New</publicVersionStatus>
    <deviceRecordStatus>Published</deviceRecordStatus>
    <!--Note: publicVersionNumber is system generated and assigned to all device records to track public release updates to a device record-->
    <publicVersionNumber>1</publicVersionNumber>
    <publicVersionDate>2021-07-08</publicVersionDate>
    <devicePublishDate>2021-06-30</devicePublishDate>
    <deviceCommDistributionEndDate xsi:nil="true" />
    <deviceCommDistributionStatus>In Commercial Distribution</deviceCommDistributionStatus>
    <identifiers>
      <identifier>
        <deviceId>50749756052554</deviceId>
        <deviceIdType>Package</deviceIdType>
        <deviceIdIssuingAgency>GS1</deviceIdIssuingAgency>
        <containsDINumber>00749756052559</containsDINumber>
        <pkgQuantity>25</pkgQuantity>
        <pkgDiscontinueDate xsi:nil="true" />
        <pkgStatus>In Commercial Distribution</pkgStatus>
        <pkgType>Case</pkgType>
      </identifier>
      <identifier>
        <deviceId>00749756052559</deviceId>
        <deviceIdType>Primary</deviceIdType>
        <deviceIdIssuingAgency>GS1</deviceIdIssuingAgency>
        <containsDINumber xsi:nil="true" />
        <pkgQuantity xsi:nil="true" />
        <pkgDiscontinueDate xsi:nil="true" />
        <pkgStatus xsi:nil="true" />
        <pkgType xsi:nil="true" />
      </identifier>
    </identifiers>
    <brandName>DeRoyal</brandName>
    <versionModelNumber>32-1164</versionModelNumber>
    <catalogNumber>32-1164</catalogNumber>
    <dunsNumber>096372255</dunsNumber>
    <companyName>DEROYAL INDUSTRIES, INC.</companyName>
    <deviceCount>1</deviceCount>
    <deviceDescription>Dental Roll</deviceDescription>
    <DMExempt>true</DMExempt>
    <premarketExempt>true</premarketExempt>
    <deviceHCTP>false</deviceHCTP>
    <deviceKit>false</deviceKit>
    <deviceCombinationProduct>false</deviceCombinationProduct>
    <singleUse>true</singleUse>
    <lotBatch>true</lotBatch>
    <serialNumber>false</serialNumber>
    <manufacturingDate>false</manufacturingDate>
    <expirationDate>true</expirationDate>
    <donationIdNumber>false</donationIdNumber>
    <labeledContainsNRL>false</labeledContainsNRL>
    <labeledNoNRL>true</labeledNoNRL>
    <MRISafetyStatus>Labeling does not contain MRI Safety Information</MRISafetyStatus>
    <rx>true</rx>
    <otc>false</otc>
    <contacts>
      <customerContact>
        <phone>+1(888)938-7828</phone>
        <phoneExtension xsi:nil="true" />
        <email>udisupport@deroyal.com</email>
      </customerContact>
    </contacts>
    <gmdnTerms>
      <gmdn>
        <gmdnCode>44971</gmdnCode>
        <gmdnPTName>General-purpose surgical sponge</gmdnPTName>
        <gmdnPTDefinition>A non-medicated cushion-like mass made of absorbent materials (e.g., woven gauze, cotton, cellulose) primarily intended to be used inside the body, on a surgical incision or applied to internal organs or structures to control bleeding, absorb fluid, or protect organs or structures from abrasion, drying, or contamination during a procedure; also referred to as a laparotomy sponge or cottonoid pad/pattie, it may also be used for prepping the patient. It does not contain special features to help detect gossypiboma (sponge left inside patient) [i.e., it is not radiopaque]. This is a single-use device.</gmdnPTDefinition>
        <implantable>false</implantable>
        <gmdnCodeStatus>Active</gmdnCodeStatus>
      </gmdn>
    </gmdnTerms>
    <productCodes>
      <fdaProductCode>
        <productCode>EFN</productCode>
        <productCodeName>COTTON, ROLL</productCodeName>
      </fdaProductCode>
    </productCodes>
    <deviceSizes />
    <environmentalConditions />
    <sterilization>
      <deviceSterile>true</deviceSterile>
      <sterilizationPriorToUse>false</sterilizationPriorToUse>
      <methodTypes />
    </sterilization>
  </device>
  <device xmlns:xsi="http://www.w3.org/2001/XMLSchema-instance" xmlns="http://www.fda.gov/cdrh/gudid">
    <publicDeviceRecordKey>5a00c705-59da-4fb9-ac99-bd4a224aba65</publicDeviceRecordKey>
    <publicVersionStatus>New</publicVersionStatus>
    <deviceRecordStatus>Published</deviceRecordStatus>
    <!--Note: publicVersionNumber is system generated and assigned to all device records to track public release updates to a device record-->
    <publicVersionNumber>1</publicVersionNumber>
    <publicVersionDate>2021-07-08</publicVersionDate>
    <devicePublishDate>2021-06-30</devicePublishDate>
    <deviceCommDistributionEndDate xsi:nil="true" />
    <deviceCommDistributionStatus>In Commercial Distribution</deviceCommDistributionStatus>
    <identifiers>
      <identifier>
        <deviceId>50749756049899</deviceId>
        <deviceIdType>Package</deviceIdType>
        <deviceIdIssuingAgency>GS1</deviceIdIssuingAgency>
        <containsDINumber>00749756049894</containsDINumber>
        <pkgQuantity>25</pkgQuantity>
        <pkgDiscontinueDate xsi:nil="true" />
        <pkgStatus>In Commercial Distribution</pkgStatus>
        <pkgType>Case</pkgType>
      </identifier>
      <identifier>
        <deviceId>00749756049894</deviceId>
        <deviceIdType>Primary</deviceIdType>
        <deviceIdIssuingAgency>GS1</deviceIdIssuingAgency>
        <containsDINumber xsi:nil="true" />
        <pkgQuantity xsi:nil="true" />
        <pkgDiscontinueDate xsi:nil="true" />
        <pkgStatus xsi:nil="true" />
        <pkgType xsi:nil="true" />
      </identifier>
    </identifiers>
    <brandName>DeRoyal</brandName>
    <versionModelNumber>31-207</versionModelNumber>
    <catalogNumber>31-207</catalogNumber>
    <dunsNumber>096372255</dunsNumber>
    <companyName>DEROYAL INDUSTRIES, INC.</companyName>
    <deviceCount>1</deviceCount>
    <deviceDescription>ST. Dental Roll</deviceDescription>
    <DMExempt>true</DMExempt>
    <premarketExempt>true</premarketExempt>
    <deviceHCTP>false</deviceHCTP>
    <deviceKit>false</deviceKit>
    <deviceCombinationProduct>false</deviceCombinationProduct>
    <singleUse>true</singleUse>
    <lotBatch>true</lotBatch>
    <serialNumber>false</serialNumber>
    <manufacturingDate>false</manufacturingDate>
    <expirationDate>true</expirationDate>
    <donationIdNumber>false</donationIdNumber>
    <labeledContainsNRL>false</labeledContainsNRL>
    <labeledNoNRL>true</labeledNoNRL>
    <MRISafetyStatus>Labeling does not contain MRI Safety Information</MRISafetyStatus>
    <rx>true</rx>
    <otc>false</otc>
    <contacts>
      <customerContact>
        <phone>+1(888)938-7828</phone>
        <phoneExtension xsi:nil="true" />
        <email>udisupport@deroyal.com</email>
      </customerContact>
    </contacts>
    <gmdnTerms>
      <gmdn>
        <gmdnCode>44971</gmdnCode>
        <gmdnPTName>General-purpose surgical sponge</gmdnPTName>
        <gmdnPTDefinition>A non-medicated cushion-like mass made of absorbent materials (e.g., woven gauze, cotton, cellulose) primarily intended to be used inside the body, on a surgical incision or applied to internal organs or structures to control bleeding, absorb fluid, or protect organs or structures from abrasion, drying, or contamination during a procedure; also referred to as a laparotomy sponge or cottonoid pad/pattie, it may also be used for prepping the patient. It does not contain special features to help detect gossypiboma (sponge left inside patient) [i.e., it is not radiopaque]. This is a single-use device.</gmdnPTDefinition>
        <implantable>false</implantable>
        <gmdnCodeStatus>Active</gmdnCodeStatus>
      </gmdn>
    </gmdnTerms>
    <productCodes>
      <fdaProductCode>
        <productCode>EFN</productCode>
        <productCodeName>COTTON, ROLL</productCodeName>
      </fdaProductCode>
    </productCodes>
    <deviceSizes />
    <environmentalConditions />
    <sterilization>
      <deviceSterile>true</deviceSterile>
      <sterilizationPriorToUse>false</sterilizationPriorToUse>
      <methodTypes />
    </sterilization>
  </device>
  <device xmlns:xsi="http://www.w3.org/2001/XMLSchema-instance" xmlns="http://www.fda.gov/cdrh/gudid">
    <publicDeviceRecordKey>fd9b560a-7ba4-4e40-8fdb-e8062acefde7</publicDeviceRecordKey>
    <publicVersionStatus>New</publicVersionStatus>
    <deviceRecordStatus>Published</deviceRecordStatus>
    <!--Note: publicVersionNumber is system generated and assigned to all device records to track public release updates to a device record-->
    <publicVersionNumber>1</publicVersionNumber>
    <publicVersionDate>2023-03-16</publicVersionDate>
    <devicePublishDate>2023-03-08</devicePublishDate>
    <deviceCommDistributionEndDate xsi:nil="true" />
    <deviceCommDistributionStatus>In Commercial Distribution</deviceCommDistributionStatus>
    <identifiers>
      <identifier>
        <deviceId>50749756041947</deviceId>
        <deviceIdType>Package</deviceIdType>
        <deviceIdIssuingAgency>GS1</deviceIdIssuingAgency>
        <containsDINumber>00749756041942</containsDINumber>
        <pkgQuantity>50</pkgQuantity>
        <pkgDiscontinueDate xsi:nil="true" />
        <pkgStatus>In Commercial Distribution</pkgStatus>
        <pkgType>CA</pkgType>
      </identifier>
      <identifier>
        <deviceId>00749756041942</deviceId>
        <deviceIdType>Primary</deviceIdType>
        <deviceIdIssuingAgency>GS1</deviceIdIssuingAgency>
        <containsDINumber xsi:nil="true" />
        <pkgQuantity xsi:nil="true" />
        <pkgDiscontinueDate xsi:nil="true" />
        <pkgStatus xsi:nil="true" />
        <pkgType xsi:nil="true" />
      </identifier>
      <identifier>
        <deviceId>10749756041949</deviceId>
        <deviceIdType>Unit of Use</deviceIdType>
        <deviceIdIssuingAgency>GS1</deviceIdIssuingAgency>
        <containsDINumber xsi:nil="true" />
        <pkgQuantity xsi:nil="true" />
        <pkgDiscontinueDate xsi:nil="true" />
        <pkgStatus xsi:nil="true" />
        <pkgType xsi:nil="true" />
      </identifier>
    </identifiers>
    <brandName>DeRoyal</brandName>
    <versionModelNumber>32-190</versionModelNumber>
    <catalogNumber>32-190</catalogNumber>
    <dunsNumber>096372255</dunsNumber>
    <companyName>DEROYAL INDUSTRIES, INC.</companyName>
    <deviceCount>2</deviceCount>
    <deviceDescription>ST BRN COTTON</deviceDescription>
    <DMExempt>false</DMExempt>
    <premarketExempt>true</premarketExempt>
    <deviceHCTP>false</deviceHCTP>
    <deviceKit>false</deviceKit>
    <deviceCombinationProduct>false</deviceCombinationProduct>
    <singleUse>true</singleUse>
    <lotBatch>true</lotBatch>
    <serialNumber>false</serialNumber>
    <manufacturingDate>false</manufacturingDate>
    <expirationDate>true</expirationDate>
    <donationIdNumber>false</donationIdNumber>
    <labeledContainsNRL>false</labeledContainsNRL>
    <labeledNoNRL>true</labeledNoNRL>
    <MRISafetyStatus>Labeling does not contain MRI Safety Information</MRISafetyStatus>
    <rx>true</rx>
    <otc>false</otc>
    <contacts />
    <gmdnTerms>
      <gmdn>
        <gmdnCode>44971</gmdnCode>
        <gmdnPTName>General-purpose surgical sponge</gmdnPTName>
        <gmdnPTDefinition>A non-medicated cushion-like mass made of absorbent materials (e.g., woven gauze, cotton, cellulose) primarily intended to be used inside the body, on a surgical incision or applied to internal organs or structures to control bleeding, absorb fluid, or protect organs or structures from abrasion, drying, or contamination during a procedure; also referred to as a laparotomy sponge or cottonoid pad/pattie, it may also be used for prepping the patient. It does not contain special features to help detect gossypiboma (sponge left inside patient) [i.e., it is not radiopaque]. This is a single-use device.</gmdnPTDefinition>
        <implantable>false</implantable>
        <gmdnCodeStatus>Active</gmdnCodeStatus>
      </gmdn>
    </gmdnTerms>
    <productCodes>
      <fdaProductCode>
        <productCode>EFN</productCode>
        <productCodeName>COTTON, ROLL</productCodeName>
      </fdaProductCode>
    </productCodes>
    <deviceSizes />
    <environmentalConditions />
    <sterilization>
      <deviceSterile>true</deviceSterile>
      <sterilizationPriorToUse>false</sterilizationPriorToUse>
      <methodTypes />
    </sterilization>
  </device>
  <device xmlns:xsi="http://www.w3.org/2001/XMLSchema-instance" xmlns="http://www.fda.gov/cdrh/gudid">
    <publicDeviceRecordKey>991433f8-f1b6-4ab5-bd19-7e39a3edb316</publicDeviceRecordKey>
    <publicVersionStatus>New</publicVersionStatus>
    <deviceRecordStatus>Published</deviceRecordStatus>
    <!--Note: publicVersionNumber is system generated and assigned to all device records to track public release updates to a device record-->
    <publicVersionNumber>1</publicVersionNumber>
    <publicVersionDate>2021-07-07</publicVersionDate>
    <devicePublishDate>2021-06-29</devicePublishDate>
    <deviceCommDistributionEndDate xsi:nil="true" />
    <deviceCommDistributionStatus>In Commercial Distribution</deviceCommDistributionStatus>
    <identifiers>
      <identifier>
        <deviceId>50749756034147</deviceId>
        <deviceIdType>Package</deviceIdType>
        <deviceIdIssuingAgency>GS1</deviceIdIssuingAgency>
        <containsDINumber>00749756034142</containsDINumber>
        <pkgQuantity>50</pkgQuantity>
        <pkgDiscontinueDate xsi:nil="true" />
        <pkgStatus>In Commercial Distribution</pkgStatus>
        <pkgType>Case</pkgType>
      </identifier>
      <identifier>
        <deviceId>00749756034142</deviceId>
        <deviceIdType>Primary</deviceIdType>
        <deviceIdIssuingAgency>GS1</deviceIdIssuingAgency>
        <containsDINumber xsi:nil="true" />
        <pkgQuantity xsi:nil="true" />
        <pkgDiscontinueDate xsi:nil="true" />
        <pkgStatus xsi:nil="true" />
        <pkgType xsi:nil="true" />
      </identifier>
    </identifiers>
    <brandName>DeRoyal</brandName>
    <versionModelNumber>17-1016</versionModelNumber>
    <catalogNumber>17-1016</catalogNumber>
    <dunsNumber>096372255</dunsNumber>
    <companyName>DEROYAL INDUSTRIES, INC.</companyName>
    <deviceCount>1</deviceCount>
    <deviceDescription>Cotton Balls</deviceDescription>
    <DMExempt>true</DMExempt>
    <premarketExempt>true</premarketExempt>
    <deviceHCTP>false</deviceHCTP>
    <deviceKit>false</deviceKit>
    <deviceCombinationProduct>false</deviceCombinationProduct>
    <singleUse>true</singleUse>
    <lotBatch>true</lotBatch>
    <serialNumber>false</serialNumber>
    <manufacturingDate>false</manufacturingDate>
    <expirationDate>true</expirationDate>
    <donationIdNumber>false</donationIdNumber>
    <labeledContainsNRL>false</labeledContainsNRL>
    <labeledNoNRL>true</labeledNoNRL>
    <MRISafetyStatus>Labeling does not contain MRI Safety Information</MRISafetyStatus>
    <rx>true</rx>
    <otc>false</otc>
    <contacts>
      <customerContact>
        <phone>+1(888)938-7828</phone>
        <phoneExtension xsi:nil="true" />
        <email>udisupport@deroyal.com</email>
      </customerContact>
    </contacts>
    <gmdnTerms>
      <gmdn>
        <gmdnCode>44971</gmdnCode>
        <gmdnPTName>General-purpose surgical sponge</gmdnPTName>
        <gmdnPTDefinition>A non-medicated cushion-like mass made of absorbent materials (e.g., woven gauze, cotton, cellulose) primarily intended to be used inside the body, on a surgical incision or applied to internal organs or structures to control bleeding, absorb fluid, or protect organs or structures from abrasion, drying, or contamination during a procedure; also referred to as a laparotomy sponge or cottonoid pad/pattie, it may also be used for prepping the patient. It does not contain special features to help detect gossypiboma (sponge left inside patient) [i.e., it is not radiopaque]. This is a single-use device.</gmdnPTDefinition>
        <implantable>false</implantable>
        <gmdnCodeStatus>Active</gmdnCodeStatus>
      </gmdn>
    </gmdnTerms>
    <productCodes>
      <fdaProductCode>
        <productCode>EFN</productCode>
        <productCodeName>COTTON, ROLL</productCodeName>
      </fdaProductCode>
    </productCodes>
    <deviceSizes />
    <environmentalConditions />
    <sterilization>
      <deviceSterile>false</deviceSterile>
      <sterilizationPriorToUse>false</sterilizationPriorToUse>
      <methodTypes />
    </sterilization>
  </device>
  <device xmlns:xsi="http://www.w3.org/2001/XMLSchema-instance" xmlns="http://www.fda.gov/cdrh/gudid">
    <publicDeviceRecordKey>7564dd36-71cb-4187-8ea4-2dfea636ab64</publicDeviceRecordKey>
    <publicVersionStatus>New</publicVersionStatus>
    <deviceRecordStatus>Published</deviceRecordStatus>
    <!--Note: publicVersionNumber is system generated and assigned to all device records to track public release updates to a device record-->
    <publicVersionNumber>1</publicVersionNumber>
    <publicVersionDate>2021-07-07</publicVersionDate>
    <devicePublishDate>2021-06-29</devicePublishDate>
    <deviceCommDistributionEndDate xsi:nil="true" />
    <deviceCommDistributionStatus>In Commercial Distribution</deviceCommDistributionStatus>
    <identifiers>
      <identifier>
        <deviceId>50749756033447</deviceId>
        <deviceIdType>Package</deviceIdType>
        <deviceIdIssuingAgency>GS1</deviceIdIssuingAgency>
        <containsDINumber>00749756033442</containsDINumber>
        <pkgQuantity>40</pkgQuantity>
        <pkgDiscontinueDate xsi:nil="true" />
        <pkgStatus>In Commercial Distribution</pkgStatus>
        <pkgType>Case</pkgType>
      </identifier>
      <identifier>
        <deviceId>00749756033442</deviceId>
        <deviceIdType>Primary</deviceIdType>
        <deviceIdIssuingAgency>GS1</deviceIdIssuingAgency>
        <containsDINumber xsi:nil="true" />
        <pkgQuantity xsi:nil="true" />
        <pkgDiscontinueDate xsi:nil="true" />
        <pkgStatus xsi:nil="true" />
        <pkgType xsi:nil="true" />
      </identifier>
    </identifiers>
    <brandName>DeRoyal</brandName>
    <versionModelNumber>17-9936</versionModelNumber>
    <catalogNumber>17-9936</catalogNumber>
    <dunsNumber>096372255</dunsNumber>
    <companyName>DEROYAL INDUSTRIES, INC.</companyName>
    <deviceCount>1</deviceCount>
    <deviceDescription>Double Strung Cotton Balls</deviceDescription>
    <DMExempt>true</DMExempt>
    <premarketExempt>true</premarketExempt>
    <deviceHCTP>false</deviceHCTP>
    <deviceKit>false</deviceKit>
    <deviceCombinationProduct>false</deviceCombinationProduct>
    <singleUse>true</singleUse>
    <lotBatch>true</lotBatch>
    <serialNumber>false</serialNumber>
    <manufacturingDate>false</manufacturingDate>
    <expirationDate>true</expirationDate>
    <donationIdNumber>false</donationIdNumber>
    <labeledContainsNRL>false</labeledContainsNRL>
    <labeledNoNRL>true</labeledNoNRL>
    <MRISafetyStatus>Labeling does not contain MRI Safety Information</MRISafetyStatus>
    <rx>true</rx>
    <otc>false</otc>
    <contacts>
      <customerContact>
        <phone>+1(888)938-7828</phone>
        <phoneExtension xsi:nil="true" />
        <email>udisupport@deroyal.com</email>
      </customerContact>
    </contacts>
    <gmdnTerms>
      <gmdn>
        <gmdnCode>44971</gmdnCode>
        <gmdnPTName>General-purpose surgical sponge</gmdnPTName>
        <gmdnPTDefinition>A non-medicated cushion-like mass made of absorbent materials (e.g., woven gauze, cotton, cellulose) primarily intended to be used inside the body, on a surgical incision or applied to internal organs or structures to control bleeding, absorb fluid, or protect organs or structures from abrasion, drying, or contamination during a procedure; also referred to as a laparotomy sponge or cottonoid pad/pattie, it may also be used for prepping the patient. It does not contain special features to help detect gossypiboma (sponge left inside patient) [i.e., it is not radiopaque]. This is a single-use device.</gmdnPTDefinition>
        <implantable>false</implantable>
        <gmdnCodeStatus>Active</gmdnCodeStatus>
      </gmdn>
    </gmdnTerms>
    <productCodes>
      <fdaProductCode>
        <productCode>EFN</productCode>
        <productCodeName>COTTON, ROLL</productCodeName>
      </fdaProductCode>
    </productCodes>
    <deviceSizes />
    <environmentalConditions />
    <sterilization>
      <deviceSterile>false</deviceSterile>
      <sterilizationPriorToUse>false</sterilizationPriorToUse>
      <methodTypes />
    </sterilization>
  </device>
  <device xmlns:xsi="http://www.w3.org/2001/XMLSchema-instance" xmlns="http://www.fda.gov/cdrh/gudid">
    <publicDeviceRecordKey>85b3dee4-dd3f-47c9-8ca7-e4e1729ca80b</publicDeviceRecordKey>
    <publicVersionStatus>New</publicVersionStatus>
    <deviceRecordStatus>Published</deviceRecordStatus>
    <!--Note: publicVersionNumber is system generated and assigned to all device records to track public release updates to a device record-->
    <publicVersionNumber>1</publicVersionNumber>
    <publicVersionDate>2021-07-07</publicVersionDate>
    <devicePublishDate>2021-06-29</devicePublishDate>
    <deviceCommDistributionEndDate xsi:nil="true" />
    <deviceCommDistributionStatus>In Commercial Distribution</deviceCommDistributionStatus>
    <identifiers>
      <identifier>
        <deviceId>50749756030309</deviceId>
        <deviceIdType>Package</deviceIdType>
        <deviceIdIssuingAgency>GS1</deviceIdIssuingAgency>
        <containsDINumber>00749756030304</containsDINumber>
        <pkgQuantity>50</pkgQuantity>
        <pkgDiscontinueDate xsi:nil="true" />
        <pkgStatus>In Commercial Distribution</pkgStatus>
        <pkgType>Case</pkgType>
      </identifier>
      <identifier>
        <deviceId>00749756030304</deviceId>
        <deviceIdType>Primary</deviceIdType>
        <deviceIdIssuingAgency>GS1</deviceIdIssuingAgency>
        <containsDINumber xsi:nil="true" />
        <pkgQuantity xsi:nil="true" />
        <pkgDiscontinueDate xsi:nil="true" />
        <pkgStatus xsi:nil="true" />
        <pkgType xsi:nil="true" />
      </identifier>
    </identifiers>
    <brandName>DeRoyal</brandName>
    <versionModelNumber>17-6708</versionModelNumber>
    <catalogNumber>17-6708</catalogNumber>
    <dunsNumber>096372255</dunsNumber>
    <companyName>DEROYAL INDUSTRIES, INC.</companyName>
    <deviceCount>1</deviceCount>
    <deviceDescription>Cotton Ball</deviceDescription>
    <DMExempt>true</DMExempt>
    <premarketExempt>true</premarketExempt>
    <deviceHCTP>false</deviceHCTP>
    <deviceKit>false</deviceKit>
    <deviceCombinationProduct>false</deviceCombinationProduct>
    <singleUse>true</singleUse>
    <lotBatch>true</lotBatch>
    <serialNumber>false</serialNumber>
    <manufacturingDate>false</manufacturingDate>
    <expirationDate>true</expirationDate>
    <donationIdNumber>false</donationIdNumber>
    <labeledContainsNRL>false</labeledContainsNRL>
    <labeledNoNRL>true</labeledNoNRL>
    <MRISafetyStatus>Labeling does not contain MRI Safety Information</MRISafetyStatus>
    <rx>true</rx>
    <otc>false</otc>
    <contacts>
      <customerContact>
        <phone>+1(888)938-7828</phone>
        <phoneExtension xsi:nil="true" />
        <email>udisupport@deroyal.com</email>
      </customerContact>
    </contacts>
    <gmdnTerms>
      <gmdn>
        <gmdnCode>44971</gmdnCode>
        <gmdnPTName>General-purpose surgical sponge</gmdnPTName>
        <gmdnPTDefinition>A non-medicated cushion-like mass made of absorbent materials (e.g., woven gauze, cotton, cellulose) primarily intended to be used inside the body, on a surgical incision or applied to internal organs or structures to control bleeding, absorb fluid, or protect organs or structures from abrasion, drying, or contamination during a procedure; also referred to as a laparotomy sponge or cottonoid pad/pattie, it may also be used for prepping the patient. It does not contain special features to help detect gossypiboma (sponge left inside patient) [i.e., it is not radiopaque]. This is a single-use device.</gmdnPTDefinition>
        <implantable>false</implantable>
        <gmdnCodeStatus>Active</gmdnCodeStatus>
      </gmdn>
    </gmdnTerms>
    <productCodes>
      <fdaProductCode>
        <productCode>EFN</productCode>
        <productCodeName>COTTON, ROLL</productCodeName>
      </fdaProductCode>
    </productCodes>
    <deviceSizes />
    <environmentalConditions />
    <sterilization>
      <deviceSterile>false</deviceSterile>
      <sterilizationPriorToUse>false</sterilizationPriorToUse>
      <methodTypes />
    </sterilization>
  </device>
  <device xmlns:xsi="http://www.w3.org/2001/XMLSchema-instance" xmlns="http://www.fda.gov/cdrh/gudid">
    <publicDeviceRecordKey>651fef11-a391-40a5-8ed4-ab372808d26a</publicDeviceRecordKey>
    <publicVersionStatus>New</publicVersionStatus>
    <deviceRecordStatus>Published</deviceRecordStatus>
    <!--Note: publicVersionNumber is system generated and assigned to all device records to track public release updates to a device record-->
    <publicVersionNumber>1</publicVersionNumber>
    <publicVersionDate>2021-07-07</publicVersionDate>
    <devicePublishDate>2021-06-29</devicePublishDate>
    <deviceCommDistributionEndDate xsi:nil="true" />
    <deviceCommDistributionStatus>In Commercial Distribution</deviceCommDistributionStatus>
    <identifiers>
      <identifier>
        <deviceId>50749756029921</deviceId>
        <deviceIdType>Package</deviceIdType>
        <deviceIdIssuingAgency>GS1</deviceIdIssuingAgency>
        <containsDINumber>00749756029926</containsDINumber>
        <pkgQuantity>50</pkgQuantity>
        <pkgDiscontinueDate xsi:nil="true" />
        <pkgStatus>In Commercial Distribution</pkgStatus>
        <pkgType>Case</pkgType>
      </identifier>
      <identifier>
        <deviceId>00749756029926</deviceId>
        <deviceIdType>Primary</deviceIdType>
        <deviceIdIssuingAgency>GS1</deviceIdIssuingAgency>
        <containsDINumber xsi:nil="true" />
        <pkgQuantity xsi:nil="true" />
        <pkgDiscontinueDate xsi:nil="true" />
        <pkgStatus xsi:nil="true" />
        <pkgType xsi:nil="true" />
      </identifier>
    </identifiers>
    <brandName>DeRoyal</brandName>
    <versionModelNumber>17-1018</versionModelNumber>
    <catalogNumber>17-1018</catalogNumber>
    <dunsNumber>096372255</dunsNumber>
    <companyName>DEROYAL INDUSTRIES, INC.</companyName>
    <deviceCount>1</deviceCount>
    <deviceDescription>Cotton Balls</deviceDescription>
    <DMExempt>true</DMExempt>
    <premarketExempt>true</premarketExempt>
    <deviceHCTP>false</deviceHCTP>
    <deviceKit>false</deviceKit>
    <deviceCombinationProduct>false</deviceCombinationProduct>
    <singleUse>true</singleUse>
    <lotBatch>true</lotBatch>
    <serialNumber>false</serialNumber>
    <manufacturingDate>false</manufacturingDate>
    <expirationDate>true</expirationDate>
    <donationIdNumber>false</donationIdNumber>
    <labeledContainsNRL>false</labeledContainsNRL>
    <labeledNoNRL>true</labeledNoNRL>
    <MRISafetyStatus>Labeling does not contain MRI Safety Information</MRISafetyStatus>
    <rx>true</rx>
    <otc>false</otc>
    <contacts>
      <customerContact>
        <phone>+1(888)938-7828</phone>
        <phoneExtension xsi:nil="true" />
        <email>udisupport@deroyal.com</email>
      </customerContact>
    </contacts>
    <gmdnTerms>
      <gmdn>
        <gmdnCode>44971</gmdnCode>
        <gmdnPTName>General-purpose surgical sponge</gmdnPTName>
        <gmdnPTDefinition>A non-medicated cushion-like mass made of absorbent materials (e.g., woven gauze, cotton, cellulose) primarily intended to be used inside the body, on a surgical incision or applied to internal organs or structures to control bleeding, absorb fluid, or protect organs or structures from abrasion, drying, or contamination during a procedure; also referred to as a laparotomy sponge or cottonoid pad/pattie, it may also be used for prepping the patient. It does not contain special features to help detect gossypiboma (sponge left inside patient) [i.e., it is not radiopaque]. This is a single-use device.</gmdnPTDefinition>
        <implantable>false</implantable>
        <gmdnCodeStatus>Active</gmdnCodeStatus>
      </gmdn>
    </gmdnTerms>
    <productCodes>
      <fdaProductCode>
        <productCode>EFN</productCode>
        <productCodeName>COTTON, ROLL</productCodeName>
      </fdaProductCode>
    </productCodes>
    <deviceSizes />
    <environmentalConditions />
    <sterilization>
      <deviceSterile>false</deviceSterile>
      <sterilizationPriorToUse>false</sterilizationPriorToUse>
      <methodTypes />
    </sterilization>
  </device>
  <device xmlns:xsi="http://www.w3.org/2001/XMLSchema-instance" xmlns="http://www.fda.gov/cdrh/gudid">
    <publicDeviceRecordKey>9bf52dbb-4577-45d9-aebb-2ac6abf6da75</publicDeviceRecordKey>
    <publicVersionStatus>New</publicVersionStatus>
    <deviceRecordStatus>Published</deviceRecordStatus>
    <!--Note: publicVersionNumber is system generated and assigned to all device records to track public release updates to a device record-->
    <publicVersionNumber>1</publicVersionNumber>
    <publicVersionDate>2021-07-08</publicVersionDate>
    <devicePublishDate>2021-06-30</devicePublishDate>
    <deviceCommDistributionEndDate xsi:nil="true" />
    <deviceCommDistributionStatus>In Commercial Distribution</deviceCommDistributionStatus>
    <identifiers>
      <identifier>
        <deviceId>00749756029186</deviceId>
        <deviceIdType>Primary</deviceIdType>
        <deviceIdIssuingAgency>GS1</deviceIdIssuingAgency>
        <containsDINumber xsi:nil="true" />
        <pkgQuantity xsi:nil="true" />
        <pkgDiscontinueDate xsi:nil="true" />
        <pkgStatus xsi:nil="true" />
        <pkgType xsi:nil="true" />
      </identifier>
    </identifiers>
    <brandName>DeRoyal</brandName>
    <versionModelNumber>30-419</versionModelNumber>
    <catalogNumber>30-419</catalogNumber>
    <dunsNumber>096372255</dunsNumber>
    <companyName>DEROYAL INDUSTRIES, INC.</companyName>
    <deviceCount>1</deviceCount>
    <deviceDescription>Dental Sponges</deviceDescription>
    <DMExempt>true</DMExempt>
    <premarketExempt>true</premarketExempt>
    <deviceHCTP>false</deviceHCTP>
    <deviceKit>false</deviceKit>
    <deviceCombinationProduct>false</deviceCombinationProduct>
    <singleUse>true</singleUse>
    <lotBatch>true</lotBatch>
    <serialNumber>false</serialNumber>
    <manufacturingDate>false</manufacturingDate>
    <expirationDate>true</expirationDate>
    <donationIdNumber>false</donationIdNumber>
    <labeledContainsNRL>false</labeledContainsNRL>
    <labeledNoNRL>true</labeledNoNRL>
    <MRISafetyStatus>Labeling does not contain MRI Safety Information</MRISafetyStatus>
    <rx>true</rx>
    <otc>false</otc>
    <contacts>
      <customerContact>
        <phone>+1(888)938-7828</phone>
        <phoneExtension xsi:nil="true" />
        <email>udisupport@deroyal.com</email>
      </customerContact>
    </contacts>
    <gmdnTerms>
      <gmdn>
        <gmdnCode>44971</gmdnCode>
        <gmdnPTName>General-purpose surgical sponge</gmdnPTName>
        <gmdnPTDefinition>A non-medicated cushion-like mass made of absorbent materials (e.g., woven gauze, cotton, cellulose) primarily intended to be used inside the body, on a surgical incision or applied to internal organs or structures to control bleeding, absorb fluid, or protect organs or structures from abrasion, drying, or contamination during a procedure; also referred to as a laparotomy sponge or cottonoid pad/pattie, it may also be used for prepping the patient. It does not contain special features to help detect gossypiboma (sponge left inside patient) [i.e., it is not radiopaque]. This is a single-use device.</gmdnPTDefinition>
        <implantable>false</implantable>
        <gmdnCodeStatus>Active</gmdnCodeStatus>
      </gmdn>
    </gmdnTerms>
    <productCodes>
      <fdaProductCode>
        <productCode>EFN</productCode>
        <productCodeName>COTTON, ROLL</productCodeName>
      </fdaProductCode>
    </productCodes>
    <deviceSizes />
    <environmentalConditions />
    <sterilization>
      <deviceSterile>true</deviceSterile>
      <sterilizationPriorToUse>false</sterilizationPriorToUse>
      <methodTypes />
    </sterilization>
  </device>
  <device xmlns:xsi="http://www.w3.org/2001/XMLSchema-instance" xmlns="http://www.fda.gov/cdrh/gudid">
    <publicDeviceRecordKey>776355ca-f384-4ecf-9c25-eb3fd06342ae</publicDeviceRecordKey>
    <publicVersionStatus>New</publicVersionStatus>
    <deviceRecordStatus>Published</deviceRecordStatus>
    <!--Note: publicVersionNumber is system generated and assigned to all device records to track public release updates to a device record-->
    <publicVersionNumber>1</publicVersionNumber>
    <publicVersionDate>2021-07-08</publicVersionDate>
    <devicePublishDate>2021-06-30</devicePublishDate>
    <deviceCommDistributionEndDate xsi:nil="true" />
    <deviceCommDistributionStatus>In Commercial Distribution</deviceCommDistributionStatus>
    <identifiers>
      <identifier>
        <deviceId>50749756026432</deviceId>
        <deviceIdType>Package</deviceIdType>
        <deviceIdIssuingAgency>GS1</deviceIdIssuingAgency>
        <containsDINumber>00749756026437</containsDINumber>
        <pkgQuantity>250</pkgQuantity>
        <pkgDiscontinueDate xsi:nil="true" />
        <pkgStatus>In Commercial Distribution</pkgStatus>
        <pkgType>Case</pkgType>
      </identifier>
      <identifier>
        <deviceId>00749756026437</deviceId>
        <deviceIdType>Primary</deviceIdType>
        <deviceIdIssuingAgency>GS1</deviceIdIssuingAgency>
        <containsDINumber xsi:nil="true" />
        <pkgQuantity xsi:nil="true" />
        <pkgDiscontinueDate xsi:nil="true" />
        <pkgStatus xsi:nil="true" />
        <pkgType xsi:nil="true" />
      </identifier>
    </identifiers>
    <brandName>DeRoyal</brandName>
    <versionModelNumber>30-131</versionModelNumber>
    <catalogNumber>30-131</catalogNumber>
    <dunsNumber>096372255</dunsNumber>
    <companyName>DEROYAL INDUSTRIES, INC.</companyName>
    <deviceCount>1</deviceCount>
    <deviceDescription>Absorbent Cotton Balls</deviceDescription>
    <DMExempt>true</DMExempt>
    <premarketExempt>true</premarketExempt>
    <deviceHCTP>false</deviceHCTP>
    <deviceKit>false</deviceKit>
    <deviceCombinationProduct>false</deviceCombinationProduct>
    <singleUse>true</singleUse>
    <lotBatch>true</lotBatch>
    <serialNumber>false</serialNumber>
    <manufacturingDate>false</manufacturingDate>
    <expirationDate>true</expirationDate>
    <donationIdNumber>false</donationIdNumber>
    <labeledContainsNRL>false</labeledContainsNRL>
    <labeledNoNRL>true</labeledNoNRL>
    <MRISafetyStatus>Labeling does not contain MRI Safety Information</MRISafetyStatus>
    <rx>true</rx>
    <otc>false</otc>
    <contacts>
      <customerContact>
        <phone>+1(888)938-7828</phone>
        <phoneExtension xsi:nil="true" />
        <email>udisupport@deroyal.com</email>
      </customerContact>
    </contacts>
    <gmdnTerms>
      <gmdn>
        <gmdnCode>44971</gmdnCode>
        <gmdnPTName>General-purpose surgical sponge</gmdnPTName>
        <gmdnPTDefinition>A non-medicated cushion-like mass made of absorbent materials (e.g., woven gauze, cotton, cellulose) primarily intended to be used inside the body, on a surgical incision or applied to internal organs or structures to control bleeding, absorb fluid, or protect organs or structures from abrasion, drying, or contamination during a procedure; also referred to as a laparotomy sponge or cottonoid pad/pattie, it may also be used for prepping the patient. It does not contain special features to help detect gossypiboma (sponge left inside patient) [i.e., it is not radiopaque]. This is a single-use device.</gmdnPTDefinition>
        <implantable>false</implantable>
        <gmdnCodeStatus>Active</gmdnCodeStatus>
      </gmdn>
    </gmdnTerms>
    <productCodes>
      <fdaProductCode>
        <productCode>EFN</productCode>
        <productCodeName>COTTON, ROLL</productCodeName>
      </fdaProductCode>
    </productCodes>
    <deviceSizes />
    <environmentalConditions />
    <sterilization>
      <deviceSterile>true</deviceSterile>
      <sterilizationPriorToUse>false</sterilizationPriorToUse>
      <methodTypes />
    </sterilization>
  </device>
  <device xmlns:xsi="http://www.w3.org/2001/XMLSchema-instance" xmlns="http://www.fda.gov/cdrh/gudid">
    <publicDeviceRecordKey>874fe092-f896-4ece-a6e5-03416cd9868a</publicDeviceRecordKey>
    <publicVersionStatus>New</publicVersionStatus>
    <deviceRecordStatus>Published</deviceRecordStatus>
    <!--Note: publicVersionNumber is system generated and assigned to all device records to track public release updates to a device record-->
    <publicVersionNumber>1</publicVersionNumber>
    <publicVersionDate>2023-09-20</publicVersionDate>
    <devicePublishDate>2023-09-12</devicePublishDate>
    <deviceCommDistributionEndDate xsi:nil="true" />
    <deviceCommDistributionStatus>In Commercial Distribution</deviceCommDistributionStatus>
    <identifiers>
      <identifier>
        <deviceId>00736239112503</deviceId>
        <deviceIdType>Primary</deviceIdType>
        <deviceIdIssuingAgency>GS1</deviceIdIssuingAgency>
        <containsDINumber xsi:nil="true" />
        <pkgQuantity xsi:nil="true" />
        <pkgDiscontinueDate xsi:nil="true" />
        <pkgStatus xsi:nil="true" />
        <pkgType xsi:nil="true" />
      </identifier>
    </identifiers>
    <brandName>InventDent</brandName>
    <versionModelNumber>SLT-50</versionModelNumber>
    <catalogNumber>SLT-50</catalogNumber>
    <dunsNumber>786664206</dunsNumber>
    <companyName>Genesis Dental Technologies, LLC</companyName>
    <deviceCount>1</deviceCount>
    <deviceDescription>InventDent Root Tip Remover</deviceDescription>
    <DMExempt>true</DMExempt>
    <premarketExempt>true</premarketExempt>
    <deviceHCTP>false</deviceHCTP>
    <deviceKit>false</deviceKit>
    <deviceCombinationProduct>false</deviceCombinationProduct>
    <singleUse>false</singleUse>
    <lotBatch>false</lotBatch>
    <serialNumber>false</serialNumber>
    <manufacturingDate>false</manufacturingDate>
    <expirationDate>false</expirationDate>
    <donationIdNumber>false</donationIdNumber>
    <labeledContainsNRL>false</labeledContainsNRL>
    <labeledNoNRL>false</labeledNoNRL>
    <MRISafetyStatus>Labeling does not contain MRI Safety Information</MRISafetyStatus>
    <rx>false</rx>
    <otc>false</otc>
    <contacts />
    <gmdnTerms>
      <gmdn>
        <gmdnCode>16480</gmdnCode>
        <gmdnPTName>Dental elevator, tooth/root</gmdnPTName>
        <gmdnPTDefinition>A hand-held, manual, dental surgical instrument intended to be used as a lever during the extraction of a tooth or retained roots. It is typically a one-piece instrument with a strong but slender blade at the distal working end, or it may be double-ended with a central handle. It is available in a variety of sizes and blade designs and is pushed in between the gums and the tooth exterior to loosen the tissue surrounding the tooth. Sometimes this can be enough to loosen and extract the tooth without the use of other instruments. This is a reusable device.</gmdnPTDefinition>
        <implantable>false</implantable>
        <gmdnCodeStatus>Active</gmdnCodeStatus>
      </gmdn>
    </gmdnTerms>
    <productCodes>
      <fdaProductCode>
        <productCode>EMJ</productCode>
        <productCodeName>Elevator, Surgical, Dental</productCodeName>
      </fdaProductCode>
    </productCodes>
    <deviceSizes />
    <environmentalConditions />
    <sterilization>
      <deviceSterile>false</deviceSterile>
      <sterilizationPriorToUse>true</sterilizationPriorToUse>
      <methodTypes>
        <sterilizationMethod>Moist Heat or Steam Sterilization</sterilizationMethod>
      </methodTypes>
    </sterilization>
  </device>
  <device xmlns:xsi="http://www.w3.org/2001/XMLSchema-instance" xmlns="http://www.fda.gov/cdrh/gudid">
    <publicDeviceRecordKey>c8f61bbb-ab44-4eb0-9c2f-f2353638776d</publicDeviceRecordKey>
    <publicVersionStatus>New</publicVersionStatus>
    <deviceRecordStatus>Published</deviceRecordStatus>
    <!--Note: publicVersionNumber is system generated and assigned to all device records to track public release updates to a device record-->
    <publicVersionNumber>1</publicVersionNumber>
    <publicVersionDate>2023-09-19</publicVersionDate>
    <devicePublishDate>2023-09-11</devicePublishDate>
    <deviceCommDistributionEndDate xsi:nil="true" />
    <deviceCommDistributionStatus>In Commercial Distribution</deviceCommDistributionStatus>
    <identifiers>
      <identifier>
        <deviceId>00736239100081</deviceId>
        <deviceIdType>Primary</deviceIdType>
        <deviceIdIssuingAgency>GS1</deviceIdIssuingAgency>
        <containsDINumber xsi:nil="true" />
        <pkgQuantity xsi:nil="true" />
        <pkgDiscontinueDate xsi:nil="true" />
        <pkgStatus xsi:nil="true" />
        <pkgType xsi:nil="true" />
      </identifier>
    </identifiers>
    <brandName>AquaSept</brandName>
    <versionModelNumber>10008</versionModelNumber>
    <catalogNumber>10008</catalogNumber>
    <dunsNumber>786664206</dunsNumber>
    <companyName>Genesis Dental Technologies, LLC</companyName>
    <deviceCount>1</deviceCount>
    <deviceDescription>AquaSept Air/Water Syringe System</deviceDescription>
    <DMExempt>true</DMExempt>
    <premarketExempt>false</premarketExempt>
    <deviceHCTP>false</deviceHCTP>
    <deviceKit>false</deviceKit>
    <deviceCombinationProduct>false</deviceCombinationProduct>
    <singleUse>false</singleUse>
    <lotBatch>false</lotBatch>
    <serialNumber>false</serialNumber>
    <manufacturingDate>false</manufacturingDate>
    <expirationDate>false</expirationDate>
    <donationIdNumber>false</donationIdNumber>
    <labeledContainsNRL>false</labeledContainsNRL>
    <labeledNoNRL>false</labeledNoNRL>
    <MRISafetyStatus>Labeling does not contain MRI Safety Information</MRISafetyStatus>
    <rx>false</rx>
    <otc>false</otc>
    <contacts />
    <premarketSubmissions>
      <premarketSubmission>
        <submissionNumber>K934436</submissionNumber>
        <supplementNumber>000</supplementNumber>
      </premarketSubmission>
    </premarketSubmissions>
    <gmdnTerms>
      <gmdn>
        <gmdnCode>34991</gmdnCode>
        <gmdnPTName>Dental delivery system</gmdnPTName>
        <gmdnPTDefinition>A stationary, mains electricity (AC-powered) device assembly designed to provide dental staff with the necessary utilities/amenities to deliver dental treatment to a patient. The utilities/amenities are typically compressed air, water, suction, electricity, table top or bracket table surfaces, cuspidor, gas, and sometimes the dental light. This is a fixed-position system (i.e., not mobile) which incorporates an instrument unit for dental instrument provision. The patient examination/treatment chair is typically integrated as part of this system.</gmdnPTDefinition>
        <implantable>false</implantable>
        <gmdnCodeStatus>Active</gmdnCodeStatus>
      </gmdn>
    </gmdnTerms>
    <productCodes>
      <fdaProductCode>
        <productCode>EIA</productCode>
        <productCodeName>Unit, Operative Dental</productCodeName>
      </fdaProductCode>
    </productCodes>
    <deviceSizes />
    <environmentalConditions />
    <sterilization>
      <deviceSterile>false</deviceSterile>
      <sterilizationPriorToUse>true</sterilizationPriorToUse>
      <methodTypes>
        <sterilizationMethod>Moist Heat or Steam Sterilization</sterilizationMethod>
      </methodTypes>
    </sterilization>
  </device>
  <device xmlns:xsi="http://www.w3.org/2001/XMLSchema-instance" xmlns="http://www.fda.gov/cdrh/gudid">
    <publicDeviceRecordKey>2fbf3151-42cb-4621-a92f-da4932ffa373</publicDeviceRecordKey>
    <publicVersionStatus>New</publicVersionStatus>
    <deviceRecordStatus>Published</deviceRecordStatus>
    <!--Note: publicVersionNumber is system generated and assigned to all device records to track public release updates to a device record-->
    <publicVersionNumber>1</publicVersionNumber>
    <publicVersionDate>2019-03-11</publicVersionDate>
    <devicePublishDate>2019-02-12</devicePublishDate>
    <deviceCommDistributionEndDate xsi:nil="true" />
    <deviceCommDistributionStatus>In Commercial Distribution</deviceCommDistributionStatus>
    <identifiers>
      <identifier>
        <deviceId>10735282740012</deviceId>
        <deviceIdType>Package</deviceIdType>
        <deviceIdIssuingAgency>GS1</deviceIdIssuingAgency>
        <containsDINumber>00735282740015</containsDINumber>
        <pkgQuantity>36</pkgQuantity>
        <pkgDiscontinueDate xsi:nil="true" />
        <pkgStatus>In Commercial Distribution</pkgStatus>
        <pkgType>Case</pkgType>
      </identifier>
      <identifier>
        <deviceId>00735282740015</deviceId>
        <deviceIdType>Primary</deviceIdType>
        <deviceIdIssuingAgency>GS1</deviceIdIssuingAgency>
        <containsDINumber xsi:nil="true" />
        <pkgQuantity xsi:nil="true" />
        <pkgDiscontinueDate xsi:nil="true" />
        <pkgStatus xsi:nil="true" />
        <pkgType xsi:nil="true" />
      </identifier>
    </identifiers>
    <brandName>Fun Ice Chewy Teether</brandName>
    <versionModelNumber>74001</versionModelNumber>
    <catalogNumber xsi:nil="true" />
    <dunsNumber>787026855</dunsNumber>
    <companyName>MUNCHKIN, INC.</companyName>
    <deviceCount>1</deviceCount>
    <deviceDescription>Cool gel that soothes gums
Ridges to massage sore gums
Easy-to-grasp hand/ foot shape</deviceDescription>
    <DMExempt>true</DMExempt>
    <premarketExempt>true</premarketExempt>
    <deviceHCTP>false</deviceHCTP>
    <deviceKit>false</deviceKit>
    <deviceCombinationProduct>false</deviceCombinationProduct>
    <singleUse>false</singleUse>
    <lotBatch>false</lotBatch>
    <serialNumber>false</serialNumber>
    <manufacturingDate>true</manufacturingDate>
    <expirationDate>false</expirationDate>
    <donationIdNumber>false</donationIdNumber>
    <labeledContainsNRL>false</labeledContainsNRL>
    <labeledNoNRL>false</labeledNoNRL>
    <MRISafetyStatus>Labeling does not contain MRI Safety Information</MRISafetyStatus>
    <rx>false</rx>
    <otc>false</otc>
    <contacts>
      <customerContact>
        <phone>1-800-344-2229</phone>
        <phoneExtension xsi:nil="true" />
        <email>cserve@munchkin.com</email>
      </customerContact>
    </contacts>
    <gmdnTerms>
      <gmdn>
        <gmdnCode>44272</gmdnCode>
        <gmdnPTName>Teething device, fluid-filled</gmdnPTName>
        <gmdnPTDefinition>A circular or cylindrical device filled with fluid (e.g., water) intended to be bitten by a patient (infant or adult) to soothe gums during the teething process. This is a reusable device.</gmdnPTDefinition>
        <implantable>false</implantable>
        <gmdnCodeStatus>Active</gmdnCodeStatus>
      </gmdn>
    </gmdnTerms>
    <productCodes>
      <fdaProductCode>
        <productCode>KKO</productCode>
        <productCodeName>Ring, Teething, Fluid-Filled</productCodeName>
      </fdaProductCode>
    </productCodes>
    <deviceSizes />
    <environmentalConditions />
    <sterilization>
      <deviceSterile>false</deviceSterile>
      <sterilizationPriorToUse>false</sterilizationPriorToUse>
      <methodTypes />
    </sterilization>
  </device>
  <device xmlns:xsi="http://www.w3.org/2001/XMLSchema-instance" xmlns="http://www.fda.gov/cdrh/gudid">
    <publicDeviceRecordKey>e0911087-caa2-409f-933e-4e11995bbbf0</publicDeviceRecordKey>
    <publicVersionStatus>New</publicVersionStatus>
    <deviceRecordStatus>Published</deviceRecordStatus>
    <!--Note: publicVersionNumber is system generated and assigned to all device records to track public release updates to a device record-->
    <publicVersionNumber>1</publicVersionNumber>
    <publicVersionDate>2019-03-11</publicVersionDate>
    <devicePublishDate>2019-02-13</devicePublishDate>
    <deviceCommDistributionEndDate xsi:nil="true" />
    <deviceCommDistributionStatus>In Commercial Distribution</deviceCommDistributionStatus>
    <identifiers>
      <identifier>
        <deviceId>10735282740029</deviceId>
        <deviceIdType>Package</deviceIdType>
        <deviceIdIssuingAgency>GS1</deviceIdIssuingAgency>
        <containsDINumber>00735282720024</containsDINumber>
        <pkgQuantity>24</pkgQuantity>
        <pkgDiscontinueDate xsi:nil="true" />
        <pkgStatus>In Commercial Distribution</pkgStatus>
        <pkgType>case</pkgType>
      </identifier>
      <identifier>
        <deviceId>00735282720024</deviceId>
        <deviceIdType>Primary</deviceIdType>
        <deviceIdIssuingAgency>GS1</deviceIdIssuingAgency>
        <containsDINumber xsi:nil="true" />
        <pkgQuantity xsi:nil="true" />
        <pkgDiscontinueDate xsi:nil="true" />
        <pkgStatus xsi:nil="true" />
        <pkgType xsi:nil="true" />
      </identifier>
    </identifiers>
    <brandName>Fun Ice Chewy Teether- 2pk</brandName>
    <versionModelNumber>74002</versionModelNumber>
    <catalogNumber xsi:nil="true" />
    <dunsNumber>787026855</dunsNumber>
    <companyName>MUNCHKIN, INC.</companyName>
    <deviceCount>1</deviceCount>
    <deviceDescription>Cool gel that soothes gums
Ridges to massage sore gums
Easy-to-grasp hand/ foot shape
</deviceDescription>
    <DMExempt>true</DMExempt>
    <premarketExempt>true</premarketExempt>
    <deviceHCTP>false</deviceHCTP>
    <deviceKit>false</deviceKit>
    <deviceCombinationProduct>false</deviceCombinationProduct>
    <singleUse>false</singleUse>
    <lotBatch>true</lotBatch>
    <serialNumber>false</serialNumber>
    <manufacturingDate>true</manufacturingDate>
    <expirationDate>false</expirationDate>
    <donationIdNumber>false</donationIdNumber>
    <labeledContainsNRL>false</labeledContainsNRL>
    <labeledNoNRL>false</labeledNoNRL>
    <MRISafetyStatus>Labeling does not contain MRI Safety Information</MRISafetyStatus>
    <rx>false</rx>
    <otc>false</otc>
    <contacts>
      <customerContact>
        <phone>1-800-344-2229</phone>
        <phoneExtension xsi:nil="true" />
        <email>cserve@munchkin.com</email>
      </customerContact>
    </contacts>
    <gmdnTerms>
      <gmdn>
        <gmdnCode>44272</gmdnCode>
        <gmdnPTName>Teething device, fluid-filled</gmdnPTName>
        <gmdnPTDefinition>A circular or cylindrical device filled with fluid (e.g., water) intended to be bitten by a patient (infant or adult) to soothe gums during the teething process. This is a reusable device.</gmdnPTDefinition>
        <implantable>false</implantable>
        <gmdnCodeStatus>Active</gmdnCodeStatus>
      </gmdn>
    </gmdnTerms>
    <productCodes>
      <fdaProductCode>
        <productCode>KKO</productCode>
        <productCodeName>Ring, Teething, Fluid-Filled</productCodeName>
      </fdaProductCode>
    </productCodes>
    <deviceSizes />
    <environmentalConditions />
    <sterilization>
      <deviceSterile>false</deviceSterile>
      <sterilizationPriorToUse>false</sterilizationPriorToUse>
      <methodTypes />
    </sterilization>
  </device>
  <device xmlns:xsi="http://www.w3.org/2001/XMLSchema-instance" xmlns="http://www.fda.gov/cdrh/gudid">
    <publicDeviceRecordKey>6f8d3347-050b-45b2-9e83-3b9aecccc28a</publicDeviceRecordKey>
    <publicVersionStatus>New</publicVersionStatus>
    <deviceRecordStatus>Published</deviceRecordStatus>
    <!--Note: publicVersionNumber is system generated and assigned to all device records to track public release updates to a device record-->
    <publicVersionNumber>1</publicVersionNumber>
    <publicVersionDate>2019-03-11</publicVersionDate>
    <devicePublishDate>2019-02-14</devicePublishDate>
    <deviceCommDistributionEndDate xsi:nil="true" />
    <deviceCommDistributionStatus>In Commercial Distribution</deviceCommDistributionStatus>
    <identifiers>
      <identifier>
        <deviceId>00735282447150</deviceId>
        <deviceIdType>Primary</deviceIdType>
        <deviceIdIssuingAgency>GS1</deviceIdIssuingAgency>
        <containsDINumber xsi:nil="true" />
        <pkgQuantity xsi:nil="true" />
        <pkgDiscontinueDate xsi:nil="true" />
        <pkgStatus xsi:nil="true" />
        <pkgType xsi:nil="true" />
      </identifier>
    </identifiers>
    <brandName>Ice Heart</brandName>
    <versionModelNumber>44715</versionModelNumber>
    <catalogNumber xsi:nil="true" />
    <dunsNumber>787026855</dunsNumber>
    <companyName>MUNCHKIN, INC.</companyName>
    <deviceCount>1</deviceCount>
    <deviceDescription>Cool gel that soothes gums
Ridges to massage sore gums
Easy-to-grasp heart shape
</deviceDescription>
    <DMExempt>true</DMExempt>
    <premarketExempt>true</premarketExempt>
    <deviceHCTP>false</deviceHCTP>
    <deviceKit>false</deviceKit>
    <deviceCombinationProduct>false</deviceCombinationProduct>
    <singleUse>false</singleUse>
    <lotBatch>true</lotBatch>
    <serialNumber>false</serialNumber>
    <manufacturingDate>true</manufacturingDate>
    <expirationDate>false</expirationDate>
    <donationIdNumber>false</donationIdNumber>
    <labeledContainsNRL>false</labeledContainsNRL>
    <labeledNoNRL>false</labeledNoNRL>
    <MRISafetyStatus>Labeling does not contain MRI Safety Information</MRISafetyStatus>
    <rx>false</rx>
    <otc>false</otc>
    <contacts>
      <customerContact>
        <phone>1-800-344-2229</phone>
        <phoneExtension xsi:nil="true" />
        <email>cserve@munchkin.com</email>
      </customerContact>
    </contacts>
    <gmdnTerms>
      <gmdn>
        <gmdnCode>44272</gmdnCode>
        <gmdnPTName>Teething device, fluid-filled</gmdnPTName>
        <gmdnPTDefinition>A circular or cylindrical device filled with fluid (e.g., water) intended to be bitten by a patient (infant or adult) to soothe gums during the teething process. This is a reusable device.</gmdnPTDefinition>
        <implantable>false</implantable>
        <gmdnCodeStatus>Active</gmdnCodeStatus>
      </gmdn>
    </gmdnTerms>
    <productCodes>
      <fdaProductCode>
        <productCode>KKO</productCode>
        <productCodeName>Ring, Teething, Fluid-Filled</productCodeName>
      </fdaProductCode>
    </productCodes>
    <deviceSizes />
    <environmentalConditions />
    <sterilization>
      <deviceSterile>false</deviceSterile>
      <sterilizationPriorToUse>false</sterilizationPriorToUse>
      <methodTypes />
    </sterilization>
  </device>
  <device xmlns:xsi="http://www.w3.org/2001/XMLSchema-instance" xmlns="http://www.fda.gov/cdrh/gudid">
    <publicDeviceRecordKey>ce121e9c-c154-42ed-aa55-f5edecb6a801</publicDeviceRecordKey>
    <publicVersionStatus>New</publicVersionStatus>
    <deviceRecordStatus>Published</deviceRecordStatus>
    <!--Note: publicVersionNumber is system generated and assigned to all device records to track public release updates to a device record-->
    <publicVersionNumber>1</publicVersionNumber>
    <publicVersionDate>2019-03-11</publicVersionDate>
    <devicePublishDate>2019-02-12</devicePublishDate>
    <deviceCommDistributionEndDate xsi:nil="true" />
    <deviceCommDistributionStatus>In Commercial Distribution</deviceCommDistributionStatus>
    <identifiers>
      <identifier>
        <deviceId>10735282434867</deviceId>
        <deviceIdType>Package</deviceIdType>
        <deviceIdIssuingAgency>GS1</deviceIdIssuingAgency>
        <containsDINumber>00735282434860</containsDINumber>
        <pkgQuantity>24</pkgQuantity>
        <pkgDiscontinueDate xsi:nil="true" />
        <pkgStatus>In Commercial Distribution</pkgStatus>
        <pkgType>Case</pkgType>
      </identifier>
      <identifier>
        <deviceId>00735282434860</deviceId>
        <deviceIdType>Primary</deviceIdType>
        <deviceIdIssuingAgency>GS1</deviceIdIssuingAgency>
        <containsDINumber xsi:nil="true" />
        <pkgQuantity xsi:nil="true" />
        <pkgDiscontinueDate xsi:nil="true" />
        <pkgStatus xsi:nil="true" />
        <pkgType xsi:nil="true" />
      </identifier>
    </identifiers>
    <brandName>Fun Ice Ring Teether- 2pk</brandName>
    <versionModelNumber>43486</versionModelNumber>
    <catalogNumber xsi:nil="true" />
    <dunsNumber>787026855</dunsNumber>
    <companyName>MUNCHKIN, INC.</companyName>
    <deviceCount>1</deviceCount>
    <deviceDescription>Cool gel that soothes gums
Ridges to massage sore gums
Easy-to-grip ring shape</deviceDescription>
    <DMExempt>true</DMExempt>
    <premarketExempt>true</premarketExempt>
    <deviceHCTP>false</deviceHCTP>
    <deviceKit>false</deviceKit>
    <deviceCombinationProduct>false</deviceCombinationProduct>
    <singleUse>false</singleUse>
    <lotBatch>true</lotBatch>
    <serialNumber>false</serialNumber>
    <manufacturingDate>true</manufacturingDate>
    <expirationDate>false</expirationDate>
    <donationIdNumber>false</donationIdNumber>
    <labeledContainsNRL>false</labeledContainsNRL>
    <labeledNoNRL>false</labeledNoNRL>
    <MRISafetyStatus>Labeling does not contain MRI Safety Information</MRISafetyStatus>
    <rx>false</rx>
    <otc>false</otc>
    <contacts>
      <customerContact>
        <phone>1-800-344-2229</phone>
        <phoneExtension xsi:nil="true" />
        <email>cserve@munchkin.com</email>
      </customerContact>
    </contacts>
    <gmdnTerms>
      <gmdn>
        <gmdnCode>44272</gmdnCode>
        <gmdnPTName>Teething device, fluid-filled</gmdnPTName>
        <gmdnPTDefinition>A circular or cylindrical device filled with fluid (e.g., water) intended to be bitten by a patient (infant or adult) to soothe gums during the teething process. This is a reusable device.</gmdnPTDefinition>
        <implantable>false</implantable>
        <gmdnCodeStatus>Active</gmdnCodeStatus>
      </gmdn>
    </gmdnTerms>
    <productCodes>
      <fdaProductCode>
        <productCode>KKO</productCode>
        <productCodeName>Ring, Teething, Fluid-Filled</productCodeName>
      </fdaProductCode>
    </productCodes>
    <deviceSizes />
    <environmentalConditions />
    <sterilization>
      <deviceSterile>false</deviceSterile>
      <sterilizationPriorToUse>false</sterilizationPriorToUse>
      <methodTypes />
    </sterilization>
  </device>
</devices>