﻿<?xml version="1.0" encoding="UTF-8"?>
<devices>
  <device xmlns:xsi="http://www.w3.org/2001/XMLSchema-instance" xmlns="http://www.fda.gov/cdrh/gudid">
    <publicDeviceRecordKey>52e780f1-5c2a-4ca3-9eca-27455fd84785</publicDeviceRecordKey>
    <publicVersionStatus>New</publicVersionStatus>
    <deviceRecordStatus>Published</deviceRecordStatus>
    <!--Note: publicVersionNumber is system generated and assigned to all device records to track public release updates to a device record-->
    <publicVersionNumber>1</publicVersionNumber>
    <publicVersionDate>2021-03-22</publicVersionDate>
    <devicePublishDate>2021-03-12</devicePublishDate>
    <deviceCommDistributionEndDate xsi:nil="true" />
    <deviceCommDistributionStatus>In Commercial Distribution</deviceCommDistributionStatus>
    <identifiers>
      <identifier>
        <deviceId>00763000140571</deviceId>
        <deviceIdType>Primary</deviceIdType>
        <deviceIdIssuingAgency>GS1</deviceIdIssuingAgency>
        <containsDINumber xsi:nil="true" />
        <pkgQuantity xsi:nil="true" />
        <pkgDiscontinueDate xsi:nil="true" />
        <pkgStatus xsi:nil="true" />
        <pkgType xsi:nil="true" />
      </identifier>
    </identifiers>
    <brandName>PROGENIX™ PUTTY and PROGENIX™ PLUS</brandName>
    <versionModelNumber>006010</versionModelNumber>
    <catalogNumber xsi:nil="true" />
    <dunsNumber>830350380</dunsNumber>
    <companyName>MEDTRONIC SOFAMOR DANEK, INC.</companyName>
    <deviceCount>1</deviceCount>
    <deviceDescription>DBM 006010 PROGENIX PLUS PUTTY 10CC</deviceDescription>
    <DMExempt>false</DMExempt>
    <premarketExempt>false</premarketExempt>
    <deviceHCTP>true</deviceHCTP>
    <deviceKit>false</deviceKit>
    <deviceCombinationProduct>false</deviceCombinationProduct>
    <singleUse>true</singleUse>
    <lotBatch>true</lotBatch>
    <serialNumber>false</serialNumber>
    <manufacturingDate>false</manufacturingDate>
    <expirationDate>false</expirationDate>
    <donationIdNumber>true</donationIdNumber>
    <labeledContainsNRL>false</labeledContainsNRL>
    <labeledNoNRL>false</labeledNoNRL>
    <MRISafetyStatus>Labeling does not contain MRI Safety Information</MRISafetyStatus>
    <rx>true</rx>
    <otc>false</otc>
    <contacts>
      <customerContact>
        <phone>+1(800)633-8766</phone>
        <phoneExtension xsi:nil="true" />
        <email>Corporate.UDI@medtronic.com</email>
      </customerContact>
    </contacts>
    <premarketSubmissions>
      <premarketSubmission>
        <submissionNumber>K081950</submissionNumber>
        <supplementNumber>000</supplementNumber>
      </premarketSubmission>
    </premarketSubmissions>
    <gmdnTerms>
      <gmdn>
        <gmdnCode>47257</gmdnCode>
        <gmdnPTName>Bone matrix implant, human-derived</gmdnPTName>
        <gmdnPTDefinition>An sterile implantable device made primarily of human demineralized bone matrix (DBM) (acid extraction of allogeneic bone resulting in loss of most of the mineralized component but retention of proteins) intended to fill bony voids or gaps caused by trauma or surgery, including use in the maxillofacial and/or mandibular bone. The device is bioabsorbable, osteoconductive, and has demonstrated at least potential osteoinductivity for the stimulation of new bone growth. The DBM may be combined with various carrier compounds (e.g., gelatin, hydrogel, starch) or other materials. It is available in the form of powder, crushed granules, putty, chips, or a gel that can be injected through a syringe.</gmdnPTDefinition>
        <implantable>true</implantable>
        <gmdnCodeStatus>Active</gmdnCodeStatus>
      </gmdn>
    </gmdnTerms>
    <productCodes>
      <fdaProductCode>
        <productCode>NUN</productCode>
        <productCodeName>BONE GRAFTING MATERIAL, HUMAN SOURCE</productCodeName>
      </fdaProductCode>
    </productCodes>
    <deviceSizes>
      <deviceSize>
        <sizeType>Device Size Text, specify</sizeType>
        <size value="" unit="" />
        <sizeText>10 CC volume</sizeText>
      </deviceSize>
    </deviceSizes>
    <environmentalConditions>
      <storageHandling>
        <storageHandlingType>Special Storage Condition, Specify</storageHandlingType>
        <storageHandlingHigh value="" unit="" />
        <storageHandlingLow value="" unit="" />
        <storageHandlingSpecialConditionText>store at ambient temperature</storageHandlingSpecialConditionText>
      </storageHandling>
    </environmentalConditions>
    <sterilization>
      <deviceSterile>true</deviceSterile>
      <sterilizationPriorToUse>false</sterilizationPriorToUse>
      <methodTypes />
    </sterilization>
  </device>
  <device xmlns:xsi="http://www.w3.org/2001/XMLSchema-instance" xmlns="http://www.fda.gov/cdrh/gudid">
    <publicDeviceRecordKey>fe046219-b0c0-4a64-a7ab-20c64365ab56</publicDeviceRecordKey>
    <publicVersionStatus>New</publicVersionStatus>
    <deviceRecordStatus>Published</deviceRecordStatus>
    <!--Note: publicVersionNumber is system generated and assigned to all device records to track public release updates to a device record-->
    <publicVersionNumber>1</publicVersionNumber>
    <publicVersionDate>2021-03-22</publicVersionDate>
    <devicePublishDate>2021-03-12</devicePublishDate>
    <deviceCommDistributionEndDate xsi:nil="true" />
    <deviceCommDistributionStatus>In Commercial Distribution</deviceCommDistributionStatus>
    <identifiers>
      <identifier>
        <deviceId>00763000140564</deviceId>
        <deviceIdType>Primary</deviceIdType>
        <deviceIdIssuingAgency>GS1</deviceIdIssuingAgency>
        <containsDINumber xsi:nil="true" />
        <pkgQuantity xsi:nil="true" />
        <pkgDiscontinueDate xsi:nil="true" />
        <pkgStatus xsi:nil="true" />
        <pkgType xsi:nil="true" />
      </identifier>
    </identifiers>
    <brandName>PROGENIX™ PUTTY and PROGENIX™ PLUS</brandName>
    <versionModelNumber>006005</versionModelNumber>
    <catalogNumber xsi:nil="true" />
    <dunsNumber>830350380</dunsNumber>
    <companyName>MEDTRONIC SOFAMOR DANEK, INC.</companyName>
    <deviceCount>1</deviceCount>
    <deviceDescription>DBM 006005 PROGENIX PLUS PUTTY 5CC</deviceDescription>
    <DMExempt>false</DMExempt>
    <premarketExempt>false</premarketExempt>
    <deviceHCTP>true</deviceHCTP>
    <deviceKit>false</deviceKit>
    <deviceCombinationProduct>false</deviceCombinationProduct>
    <singleUse>true</singleUse>
    <lotBatch>true</lotBatch>
    <serialNumber>false</serialNumber>
    <manufacturingDate>false</manufacturingDate>
    <expirationDate>false</expirationDate>
    <donationIdNumber>true</donationIdNumber>
    <labeledContainsNRL>false</labeledContainsNRL>
    <labeledNoNRL>false</labeledNoNRL>
    <MRISafetyStatus>Labeling does not contain MRI Safety Information</MRISafetyStatus>
    <rx>true</rx>
    <otc>false</otc>
    <contacts>
      <customerContact>
        <phone>+1(800)633-8766</phone>
        <phoneExtension xsi:nil="true" />
        <email>Corporate.UDI@medtronic.com</email>
      </customerContact>
    </contacts>
    <premarketSubmissions>
      <premarketSubmission>
        <submissionNumber>K081950</submissionNumber>
        <supplementNumber>000</supplementNumber>
      </premarketSubmission>
    </premarketSubmissions>
    <gmdnTerms>
      <gmdn>
        <gmdnCode>47257</gmdnCode>
        <gmdnPTName>Bone matrix implant, human-derived</gmdnPTName>
        <gmdnPTDefinition>An sterile implantable device made primarily of human demineralized bone matrix (DBM) (acid extraction of allogeneic bone resulting in loss of most of the mineralized component but retention of proteins) intended to fill bony voids or gaps caused by trauma or surgery, including use in the maxillofacial and/or mandibular bone. The device is bioabsorbable, osteoconductive, and has demonstrated at least potential osteoinductivity for the stimulation of new bone growth. The DBM may be combined with various carrier compounds (e.g., gelatin, hydrogel, starch) or other materials. It is available in the form of powder, crushed granules, putty, chips, or a gel that can be injected through a syringe.</gmdnPTDefinition>
        <implantable>true</implantable>
        <gmdnCodeStatus>Active</gmdnCodeStatus>
      </gmdn>
    </gmdnTerms>
    <productCodes>
      <fdaProductCode>
        <productCode>NUN</productCode>
        <productCodeName>BONE GRAFTING MATERIAL, HUMAN SOURCE</productCodeName>
      </fdaProductCode>
    </productCodes>
    <deviceSizes>
      <deviceSize>
        <sizeType>Device Size Text, specify</sizeType>
        <size value="" unit="" />
        <sizeText>5 CC volume</sizeText>
      </deviceSize>
    </deviceSizes>
    <environmentalConditions>
      <storageHandling>
        <storageHandlingType>Special Storage Condition, Specify</storageHandlingType>
        <storageHandlingHigh value="" unit="" />
        <storageHandlingLow value="" unit="" />
        <storageHandlingSpecialConditionText>store at ambient temperature</storageHandlingSpecialConditionText>
      </storageHandling>
    </environmentalConditions>
    <sterilization>
      <deviceSterile>true</deviceSterile>
      <sterilizationPriorToUse>false</sterilizationPriorToUse>
      <methodTypes />
    </sterilization>
  </device>
  <device xmlns:xsi="http://www.w3.org/2001/XMLSchema-instance" xmlns="http://www.fda.gov/cdrh/gudid">
    <publicDeviceRecordKey>d093140a-300e-4a94-b3be-7d6d1069714b</publicDeviceRecordKey>
    <publicVersionStatus>New</publicVersionStatus>
    <deviceRecordStatus>Published</deviceRecordStatus>
    <!--Note: publicVersionNumber is system generated and assigned to all device records to track public release updates to a device record-->
    <publicVersionNumber>1</publicVersionNumber>
    <publicVersionDate>2021-03-22</publicVersionDate>
    <devicePublishDate>2021-03-12</devicePublishDate>
    <deviceCommDistributionEndDate xsi:nil="true" />
    <deviceCommDistributionStatus>In Commercial Distribution</deviceCommDistributionStatus>
    <identifiers>
      <identifier>
        <deviceId>00763000140557</deviceId>
        <deviceIdType>Primary</deviceIdType>
        <deviceIdIssuingAgency>GS1</deviceIdIssuingAgency>
        <containsDINumber xsi:nil="true" />
        <pkgQuantity xsi:nil="true" />
        <pkgDiscontinueDate xsi:nil="true" />
        <pkgStatus xsi:nil="true" />
        <pkgType xsi:nil="true" />
      </identifier>
    </identifiers>
    <brandName>PROGENIX™ PUTTY and PROGENIX™ PLUS</brandName>
    <versionModelNumber>006002</versionModelNumber>
    <catalogNumber xsi:nil="true" />
    <dunsNumber>830350380</dunsNumber>
    <companyName>MEDTRONIC SOFAMOR DANEK, INC.</companyName>
    <deviceCount>1</deviceCount>
    <deviceDescription>DBM 006002 PROGENIX PLUS PUTTY 2.5CC</deviceDescription>
    <DMExempt>false</DMExempt>
    <premarketExempt>false</premarketExempt>
    <deviceHCTP>true</deviceHCTP>
    <deviceKit>false</deviceKit>
    <deviceCombinationProduct>false</deviceCombinationProduct>
    <singleUse>true</singleUse>
    <lotBatch>true</lotBatch>
    <serialNumber>false</serialNumber>
    <manufacturingDate>false</manufacturingDate>
    <expirationDate>false</expirationDate>
    <donationIdNumber>true</donationIdNumber>
    <labeledContainsNRL>false</labeledContainsNRL>
    <labeledNoNRL>false</labeledNoNRL>
    <MRISafetyStatus>Labeling does not contain MRI Safety Information</MRISafetyStatus>
    <rx>true</rx>
    <otc>false</otc>
    <contacts>
      <customerContact>
        <phone>+1(800)633-8766</phone>
        <phoneExtension xsi:nil="true" />
        <email>Corporate.UDI@medtronic.com</email>
      </customerContact>
    </contacts>
    <premarketSubmissions>
      <premarketSubmission>
        <submissionNumber>K081950</submissionNumber>
        <supplementNumber>000</supplementNumber>
      </premarketSubmission>
    </premarketSubmissions>
    <gmdnTerms>
      <gmdn>
        <gmdnCode>47257</gmdnCode>
        <gmdnPTName>Bone matrix implant, human-derived</gmdnPTName>
        <gmdnPTDefinition>An sterile implantable device made primarily of human demineralized bone matrix (DBM) (acid extraction of allogeneic bone resulting in loss of most of the mineralized component but retention of proteins) intended to fill bony voids or gaps caused by trauma or surgery, including use in the maxillofacial and/or mandibular bone. The device is bioabsorbable, osteoconductive, and has demonstrated at least potential osteoinductivity for the stimulation of new bone growth. The DBM may be combined with various carrier compounds (e.g., gelatin, hydrogel, starch) or other materials. It is available in the form of powder, crushed granules, putty, chips, or a gel that can be injected through a syringe.</gmdnPTDefinition>
        <implantable>true</implantable>
        <gmdnCodeStatus>Active</gmdnCodeStatus>
      </gmdn>
    </gmdnTerms>
    <productCodes>
      <fdaProductCode>
        <productCode>NUN</productCode>
        <productCodeName>BONE GRAFTING MATERIAL, HUMAN SOURCE</productCodeName>
      </fdaProductCode>
    </productCodes>
    <deviceSizes>
      <deviceSize>
        <sizeType>Device Size Text, specify</sizeType>
        <size value="" unit="" />
        <sizeText>2.5 CC volume</sizeText>
      </deviceSize>
    </deviceSizes>
    <environmentalConditions>
      <storageHandling>
        <storageHandlingType>Special Storage Condition, Specify</storageHandlingType>
        <storageHandlingHigh value="" unit="" />
        <storageHandlingLow value="" unit="" />
        <storageHandlingSpecialConditionText>store at ambient temperature</storageHandlingSpecialConditionText>
      </storageHandling>
    </environmentalConditions>
    <sterilization>
      <deviceSterile>true</deviceSterile>
      <sterilizationPriorToUse>false</sterilizationPriorToUse>
      <methodTypes />
    </sterilization>
  </device>
  <device xmlns:xsi="http://www.w3.org/2001/XMLSchema-instance" xmlns="http://www.fda.gov/cdrh/gudid">
    <publicDeviceRecordKey>0b829f75-d556-49d7-a3cc-ff78c543ef34</publicDeviceRecordKey>
    <publicVersionStatus>New</publicVersionStatus>
    <deviceRecordStatus>Published</deviceRecordStatus>
    <!--Note: publicVersionNumber is system generated and assigned to all device records to track public release updates to a device record-->
    <publicVersionNumber>1</publicVersionNumber>
    <publicVersionDate>2021-03-22</publicVersionDate>
    <devicePublishDate>2021-03-12</devicePublishDate>
    <deviceCommDistributionEndDate xsi:nil="true" />
    <deviceCommDistributionStatus>In Commercial Distribution</deviceCommDistributionStatus>
    <identifiers>
      <identifier>
        <deviceId>00763000140540</deviceId>
        <deviceIdType>Primary</deviceIdType>
        <deviceIdIssuingAgency>GS1</deviceIdIssuingAgency>
        <containsDINumber xsi:nil="true" />
        <pkgQuantity xsi:nil="true" />
        <pkgDiscontinueDate xsi:nil="true" />
        <pkgStatus xsi:nil="true" />
        <pkgType xsi:nil="true" />
      </identifier>
    </identifiers>
    <brandName>PROGENIX™ PUTTY and PROGENIX™ PLUS</brandName>
    <versionModelNumber>006001</versionModelNumber>
    <catalogNumber xsi:nil="true" />
    <dunsNumber>830350380</dunsNumber>
    <companyName>MEDTRONIC SOFAMOR DANEK, INC.</companyName>
    <deviceCount>1</deviceCount>
    <deviceDescription>DBM 006001 PROGENIX PLUS PUTTY 1CC</deviceDescription>
    <DMExempt>false</DMExempt>
    <premarketExempt>false</premarketExempt>
    <deviceHCTP>true</deviceHCTP>
    <deviceKit>false</deviceKit>
    <deviceCombinationProduct>false</deviceCombinationProduct>
    <singleUse>true</singleUse>
    <lotBatch>true</lotBatch>
    <serialNumber>false</serialNumber>
    <manufacturingDate>false</manufacturingDate>
    <expirationDate>false</expirationDate>
    <donationIdNumber>true</donationIdNumber>
    <labeledContainsNRL>false</labeledContainsNRL>
    <labeledNoNRL>false</labeledNoNRL>
    <MRISafetyStatus>Labeling does not contain MRI Safety Information</MRISafetyStatus>
    <rx>true</rx>
    <otc>false</otc>
    <contacts>
      <customerContact>
        <phone>+1(800)633-8766</phone>
        <phoneExtension xsi:nil="true" />
        <email>Corporate.UDI@medtronic.com</email>
      </customerContact>
    </contacts>
    <premarketSubmissions>
      <premarketSubmission>
        <submissionNumber>K081950</submissionNumber>
        <supplementNumber>000</supplementNumber>
      </premarketSubmission>
    </premarketSubmissions>
    <gmdnTerms>
      <gmdn>
        <gmdnCode>47257</gmdnCode>
        <gmdnPTName>Bone matrix implant, human-derived</gmdnPTName>
        <gmdnPTDefinition>An sterile implantable device made primarily of human demineralized bone matrix (DBM) (acid extraction of allogeneic bone resulting in loss of most of the mineralized component but retention of proteins) intended to fill bony voids or gaps caused by trauma or surgery, including use in the maxillofacial and/or mandibular bone. The device is bioabsorbable, osteoconductive, and has demonstrated at least potential osteoinductivity for the stimulation of new bone growth. The DBM may be combined with various carrier compounds (e.g., gelatin, hydrogel, starch) or other materials. It is available in the form of powder, crushed granules, putty, chips, or a gel that can be injected through a syringe.</gmdnPTDefinition>
        <implantable>true</implantable>
        <gmdnCodeStatus>Active</gmdnCodeStatus>
      </gmdn>
    </gmdnTerms>
    <productCodes>
      <fdaProductCode>
        <productCode>NUN</productCode>
        <productCodeName>BONE GRAFTING MATERIAL, HUMAN SOURCE</productCodeName>
      </fdaProductCode>
    </productCodes>
    <deviceSizes>
      <deviceSize>
        <sizeType>Device Size Text, specify</sizeType>
        <size value="" unit="" />
        <sizeText>1 CC volume</sizeText>
      </deviceSize>
    </deviceSizes>
    <environmentalConditions>
      <storageHandling>
        <storageHandlingType>Special Storage Condition, Specify</storageHandlingType>
        <storageHandlingHigh value="" unit="" />
        <storageHandlingLow value="" unit="" />
        <storageHandlingSpecialConditionText>store at ambient temperature</storageHandlingSpecialConditionText>
      </storageHandling>
    </environmentalConditions>
    <sterilization>
      <deviceSterile>true</deviceSterile>
      <sterilizationPriorToUse>false</sterilizationPriorToUse>
      <methodTypes />
    </sterilization>
  </device>
  <device xmlns:xsi="http://www.w3.org/2001/XMLSchema-instance" xmlns="http://www.fda.gov/cdrh/gudid">
    <publicDeviceRecordKey>59252ba9-37b5-45d3-af9c-49247c711193</publicDeviceRecordKey>
    <publicVersionStatus>Update</publicVersionStatus>
    <deviceRecordStatus>Published</deviceRecordStatus>
    <!--Note: publicVersionNumber is system generated and assigned to all device records to track public release updates to a device record-->
    <publicVersionNumber>3</publicVersionNumber>
    <publicVersionDate>2025-04-29</publicVersionDate>
    <devicePublishDate>2018-04-13</devicePublishDate>
    <deviceCommDistributionEndDate>2020-08-10</deviceCommDistributionEndDate>
    <deviceCommDistributionStatus>Not in Commercial Distribution</deviceCommDistributionStatus>
    <identifiers>
      <identifier>
        <deviceId>00763000089757</deviceId>
        <deviceIdType>Primary</deviceIdType>
        <deviceIdIssuingAgency>GS1</deviceIdIssuingAgency>
        <containsDINumber xsi:nil="true" />
        <pkgQuantity xsi:nil="true" />
        <pkgDiscontinueDate xsi:nil="true" />
        <pkgStatus xsi:nil="true" />
        <pkgType xsi:nil="true" />
      </identifier>
    </identifiers>
    <brandName>AIRVANCE®</brandName>
    <versionModelNumber>76353200M</versionModelNumber>
    <catalogNumber xsi:nil="true" />
    <dunsNumber>835465063</dunsNumber>
    <companyName>MEDTRONIC XOMED, INC.</companyName>
    <deviceCount>1</deviceCount>
    <deviceDescription>BONE SCREW 76353200M AIRVANCE SYSTEM</deviceDescription>
    <DMExempt>false</DMExempt>
    <premarketExempt>false</premarketExempt>
    <deviceHCTP>false</deviceHCTP>
    <deviceKit>false</deviceKit>
    <deviceCombinationProduct>false</deviceCombinationProduct>
    <singleUse>true</singleUse>
    <lotBatch>true</lotBatch>
    <serialNumber>false</serialNumber>
    <manufacturingDate>false</manufacturingDate>
    <expirationDate>false</expirationDate>
    <donationIdNumber>false</donationIdNumber>
    <labeledContainsNRL>false</labeledContainsNRL>
    <labeledNoNRL>false</labeledNoNRL>
    <MRISafetyStatus>Labeling does not contain MRI Safety Information</MRISafetyStatus>
    <rx>true</rx>
    <otc>false</otc>
    <contacts>
      <customerContact>
        <phone>+1(800)633-8766</phone>
        <phoneExtension xsi:nil="true" />
        <email>Corporate.UDI@medtronic.com</email>
      </customerContact>
    </contacts>
    <premarketSubmissions>
      <premarketSubmission>
        <submissionNumber>K122391</submissionNumber>
        <supplementNumber>000</supplementNumber>
      </premarketSubmission>
    </premarketSubmissions>
    <gmdnTerms>
      <gmdn>
        <gmdnCode>61483</gmdnCode>
        <gmdnPTName>Sleep apnoea tongue implant, non-bioabsorbable</gmdnPTName>
        <gmdnPTDefinition>A sterile device intended to be implanted into the tongue to help increase airway patency by anterior advancement and physical stabilization of the tongue in the management of obstructive sleep apnoea (OSA). It is in the form of a non-bioabsorbable looped thread implanted in the base of the tongue, attached anteriorly to the mandible with a bone anchor. Disposable devices associated with implantation may be included.</gmdnPTDefinition>
        <implantable>true</implantable>
        <gmdnCodeStatus>Active</gmdnCodeStatus>
      </gmdn>
    </gmdnTerms>
    <productCodes>
      <fdaProductCode>
        <productCode>LRK</productCode>
        <productCodeName>Device, anti-snoring</productCodeName>
      </fdaProductCode>
    </productCodes>
    <deviceSizes />
    <environmentalConditions>
      <storageHandling>
        <storageHandlingType>Storage Environment Temperature</storageHandlingType>
        <storageHandlingHigh value="60" unit="Degrees Celsius" />
        <storageHandlingLow value="-40" unit="Degrees Celsius" />
        <storageHandlingSpecialConditionText xsi:nil="true" />
      </storageHandling>
    </environmentalConditions>
    <sterilization>
      <deviceSterile>true</deviceSterile>
      <sterilizationPriorToUse>false</sterilizationPriorToUse>
      <methodTypes />
    </sterilization>
  </device>
  <device xmlns:xsi="http://www.w3.org/2001/XMLSchema-instance" xmlns="http://www.fda.gov/cdrh/gudid">
    <publicDeviceRecordKey>ed5cbe69-b2f5-4b16-9551-7e9be3882135</publicDeviceRecordKey>
    <publicVersionStatus>Update</publicVersionStatus>
    <deviceRecordStatus>Published</deviceRecordStatus>
    <!--Note: publicVersionNumber is system generated and assigned to all device records to track public release updates to a device record-->
    <publicVersionNumber>2</publicVersionNumber>
    <publicVersionDate>2024-11-15</publicVersionDate>
    <devicePublishDate>2024-09-25</devicePublishDate>
    <deviceCommDistributionEndDate>2024-11-14</deviceCommDistributionEndDate>
    <deviceCommDistributionStatus>Not in Commercial Distribution</deviceCommDistributionStatus>
    <identifiers>
      <identifier>
        <deviceId>00752080000035</deviceId>
        <deviceIdType>Primary</deviceIdType>
        <deviceIdIssuingAgency>GS1</deviceIdIssuingAgency>
        <containsDINumber xsi:nil="true" />
        <pkgQuantity xsi:nil="true" />
        <pkgDiscontinueDate xsi:nil="true" />
        <pkgStatus xsi:nil="true" />
        <pkgType xsi:nil="true" />
      </identifier>
    </identifiers>
    <brandName>SkyChoice Polar-Freeze</brandName>
    <versionModelNumber>KY1060</versionModelNumber>
    <catalogNumber xsi:nil="true" />
    <dunsNumber>121411859</dunsNumber>
    <companyName>ECOTEC MANUFACTURING, INC.</companyName>
    <deviceCount>1</deviceCount>
    <deviceDescription>Endo Freeze Spray</deviceDescription>
    <DMExempt>false</DMExempt>
    <premarketExempt>true</premarketExempt>
    <deviceHCTP>false</deviceHCTP>
    <deviceKit>false</deviceKit>
    <deviceCombinationProduct>false</deviceCombinationProduct>
    <singleUse>false</singleUse>
    <lotBatch>true</lotBatch>
    <serialNumber>false</serialNumber>
    <manufacturingDate>false</manufacturingDate>
    <expirationDate>false</expirationDate>
    <donationIdNumber>false</donationIdNumber>
    <labeledContainsNRL>false</labeledContainsNRL>
    <labeledNoNRL>false</labeledNoNRL>
    <MRISafetyStatus>Labeling does not contain MRI Safety Information</MRISafetyStatus>
    <rx>false</rx>
    <otc>false</otc>
    <contacts>
      <customerContact>
        <phone>323-585-5000</phone>
        <phoneExtension xsi:nil="true" />
        <email>info@skydentalsupply.com</email>
      </customerContact>
    </contacts>
    <gmdnTerms>
      <gmdn>
        <gmdnCode>38787</gmdnCode>
        <gmdnPTName>Cryogenic spray, dental</gmdnPTName>
        <gmdnPTDefinition>A liquid/gaseous refrigerant, typically contained in an aerosol or other spray dispenser, which is applied (sprayed) to a tooth to chill it, primarily to observe the patient's resulting intensity and duration of sensation in the evaluation of dental pulp vitality (i.e., helps to determine if the pulp is normal, inflamed, or necrotic). Some refrigerants may be used as a local anaesthetic when extracting deciduous teeth in children. After application, this device cannot be reused.</gmdnPTDefinition>
        <implantable>false</implantable>
        <gmdnCodeStatus>Active</gmdnCodeStatus>
      </gmdn>
    </gmdnTerms>
    <productCodes>
      <fdaProductCode>
        <productCode>EAT</productCode>
        <productCodeName>Tester, Pulp</productCodeName>
      </fdaProductCode>
    </productCodes>
    <deviceSizes />
    <environmentalConditions />
    <sterilization>
      <deviceSterile>false</deviceSterile>
      <sterilizationPriorToUse>false</sterilizationPriorToUse>
      <methodTypes />
    </sterilization>
  </device>
  <device xmlns:xsi="http://www.w3.org/2001/XMLSchema-instance" xmlns="http://www.fda.gov/cdrh/gudid">
    <publicDeviceRecordKey>45f54120-2b22-4f60-ae1f-c515da92b20f</publicDeviceRecordKey>
    <publicVersionStatus>Update</publicVersionStatus>
    <deviceRecordStatus>Published</deviceRecordStatus>
    <!--Note: publicVersionNumber is system generated and assigned to all device records to track public release updates to a device record-->
    <publicVersionNumber>2</publicVersionNumber>
    <publicVersionDate>2024-11-15</publicVersionDate>
    <devicePublishDate>2024-09-24</devicePublishDate>
    <deviceCommDistributionEndDate>2024-11-14</deviceCommDistributionEndDate>
    <deviceCommDistributionStatus>Not in Commercial Distribution</deviceCommDistributionStatus>
    <identifiers>
      <identifier>
        <deviceId>00752080000028</deviceId>
        <deviceIdType>Primary</deviceIdType>
        <deviceIdIssuingAgency>GS1</deviceIdIssuingAgency>
        <containsDINumber xsi:nil="true" />
        <pkgQuantity xsi:nil="true" />
        <pkgDiscontinueDate xsi:nil="true" />
        <pkgStatus xsi:nil="true" />
        <pkgType xsi:nil="true" />
      </identifier>
    </identifiers>
    <brandName>Hexa Freeze</brandName>
    <versionModelNumber>HFE-0001</versionModelNumber>
    <catalogNumber xsi:nil="true" />
    <dunsNumber>121411859</dunsNumber>
    <companyName>ECOTEC MANUFACTURING, INC.</companyName>
    <deviceCount>1</deviceCount>
    <deviceDescription>Endo Freeze Spray</deviceDescription>
    <DMExempt>false</DMExempt>
    <premarketExempt>true</premarketExempt>
    <deviceHCTP>false</deviceHCTP>
    <deviceKit>false</deviceKit>
    <deviceCombinationProduct>false</deviceCombinationProduct>
    <singleUse>false</singleUse>
    <lotBatch>true</lotBatch>
    <serialNumber>false</serialNumber>
    <manufacturingDate>false</manufacturingDate>
    <expirationDate>false</expirationDate>
    <donationIdNumber>false</donationIdNumber>
    <labeledContainsNRL>false</labeledContainsNRL>
    <labeledNoNRL>false</labeledNoNRL>
    <MRISafetyStatus>Labeling does not contain MRI Safety Information</MRISafetyStatus>
    <rx>false</rx>
    <otc>false</otc>
    <contacts>
      <customerContact>
        <phone>626-677-0486</phone>
        <phoneExtension xsi:nil="true" />
        <email>faraz@hexadental.com</email>
      </customerContact>
    </contacts>
    <gmdnTerms>
      <gmdn>
        <gmdnCode>38787</gmdnCode>
        <gmdnPTName>Cryogenic spray, dental</gmdnPTName>
        <gmdnPTDefinition>A liquid/gaseous refrigerant, typically contained in an aerosol or other spray dispenser, which is applied (sprayed) to a tooth to chill it, primarily to observe the patient's resulting intensity and duration of sensation in the evaluation of dental pulp vitality (i.e., helps to determine if the pulp is normal, inflamed, or necrotic). Some refrigerants may be used as a local anaesthetic when extracting deciduous teeth in children. After application, this device cannot be reused.</gmdnPTDefinition>
        <implantable>false</implantable>
        <gmdnCodeStatus>Active</gmdnCodeStatus>
      </gmdn>
    </gmdnTerms>
    <productCodes>
      <fdaProductCode>
        <productCode>EAT</productCode>
        <productCodeName>Tester, Pulp</productCodeName>
      </fdaProductCode>
    </productCodes>
    <deviceSizes />
    <environmentalConditions />
    <sterilization>
      <deviceSterile>false</deviceSterile>
      <sterilizationPriorToUse>false</sterilizationPriorToUse>
      <methodTypes />
    </sterilization>
  </device>
  <device xmlns:xsi="http://www.w3.org/2001/XMLSchema-instance" xmlns="http://www.fda.gov/cdrh/gudid">
    <publicDeviceRecordKey>01422372-8966-456a-93f4-a09c20bf235a</publicDeviceRecordKey>
    <publicVersionStatus>New</publicVersionStatus>
    <deviceRecordStatus>Published</deviceRecordStatus>
    <!--Note: publicVersionNumber is system generated and assigned to all device records to track public release updates to a device record-->
    <publicVersionNumber>1</publicVersionNumber>
    <publicVersionDate>2024-08-27</publicVersionDate>
    <devicePublishDate>2024-08-19</devicePublishDate>
    <deviceCommDistributionEndDate xsi:nil="true" />
    <deviceCommDistributionStatus>In Commercial Distribution</deviceCommDistributionStatus>
    <identifiers>
      <identifier>
        <deviceId>00752080000011</deviceId>
        <deviceIdType>Primary</deviceIdType>
        <deviceIdIssuingAgency>GS1</deviceIdIssuingAgency>
        <containsDINumber xsi:nil="true" />
        <pkgQuantity xsi:nil="true" />
        <pkgDiscontinueDate xsi:nil="true" />
        <pkgStatus xsi:nil="true" />
        <pkgType xsi:nil="true" />
      </identifier>
    </identifiers>
    <brandName>RMH3 Dental</brandName>
    <versionModelNumber>001-1100</versionModelNumber>
    <catalogNumber xsi:nil="true" />
    <dunsNumber>121411859</dunsNumber>
    <companyName>ECOTEC MANUFACTURING, INC.</companyName>
    <deviceCount>1</deviceCount>
    <deviceDescription>Endo Freeze Spray</deviceDescription>
    <DMExempt>false</DMExempt>
    <premarketExempt>true</premarketExempt>
    <deviceHCTP>false</deviceHCTP>
    <deviceKit>false</deviceKit>
    <deviceCombinationProduct>false</deviceCombinationProduct>
    <singleUse>false</singleUse>
    <lotBatch>true</lotBatch>
    <serialNumber>false</serialNumber>
    <manufacturingDate>false</manufacturingDate>
    <expirationDate>false</expirationDate>
    <donationIdNumber>false</donationIdNumber>
    <labeledContainsNRL>false</labeledContainsNRL>
    <labeledNoNRL>false</labeledNoNRL>
    <MRISafetyStatus>Labeling does not contain MRI Safety Information</MRISafetyStatus>
    <rx>false</rx>
    <otc>false</otc>
    <contacts />
    <gmdnTerms>
      <gmdn>
        <gmdnCode>38787</gmdnCode>
        <gmdnPTName>Cryogenic spray, dental</gmdnPTName>
        <gmdnPTDefinition>A liquid/gaseous refrigerant, typically contained in an aerosol or other spray dispenser, which is applied (sprayed) to a tooth to chill it, primarily to observe the patient's resulting intensity and duration of sensation in the evaluation of dental pulp vitality (i.e., helps to determine if the pulp is normal, inflamed, or necrotic). Some refrigerants may be used as a local anaesthetic when extracting deciduous teeth in children. After application, this device cannot be reused.</gmdnPTDefinition>
        <implantable>false</implantable>
        <gmdnCodeStatus>Active</gmdnCodeStatus>
      </gmdn>
    </gmdnTerms>
    <productCodes>
      <fdaProductCode>
        <productCode>EAT</productCode>
        <productCodeName>Tester, Pulp</productCodeName>
      </fdaProductCode>
    </productCodes>
    <deviceSizes />
    <environmentalConditions />
    <sterilization>
      <deviceSterile>false</deviceSterile>
      <sterilizationPriorToUse>false</sterilizationPriorToUse>
      <methodTypes />
    </sterilization>
  </device>
  <device xmlns:xsi="http://www.w3.org/2001/XMLSchema-instance" xmlns="http://www.fda.gov/cdrh/gudid">
    <publicDeviceRecordKey>6ce12600-22d6-4d99-bf69-25574508ba75</publicDeviceRecordKey>
    <publicVersionStatus>New</publicVersionStatus>
    <deviceRecordStatus>Published</deviceRecordStatus>
    <!--Note: publicVersionNumber is system generated and assigned to all device records to track public release updates to a device record-->
    <publicVersionNumber>1</publicVersionNumber>
    <publicVersionDate>2021-08-31</publicVersionDate>
    <devicePublishDate>2021-08-23</devicePublishDate>
    <deviceCommDistributionEndDate xsi:nil="true" />
    <deviceCommDistributionStatus>In Commercial Distribution</deviceCommDistributionStatus>
    <identifiers>
      <identifier>
        <deviceId>50749756938995</deviceId>
        <deviceIdType>Package</deviceIdType>
        <deviceIdIssuingAgency>GS1</deviceIdIssuingAgency>
        <containsDINumber>00749756938990</containsDINumber>
        <pkgQuantity>100</pkgQuantity>
        <pkgDiscontinueDate xsi:nil="true" />
        <pkgStatus>In Commercial Distribution</pkgStatus>
        <pkgType>Case</pkgType>
      </identifier>
      <identifier>
        <deviceId>00749756938990</deviceId>
        <deviceIdType>Primary</deviceIdType>
        <deviceIdIssuingAgency>GS1</deviceIdIssuingAgency>
        <containsDINumber xsi:nil="true" />
        <pkgQuantity xsi:nil="true" />
        <pkgDiscontinueDate xsi:nil="true" />
        <pkgStatus xsi:nil="true" />
        <pkgType xsi:nil="true" />
      </identifier>
    </identifiers>
    <brandName>DeRoyal</brandName>
    <versionModelNumber>32-2090</versionModelNumber>
    <catalogNumber>32-2090</catalogNumber>
    <dunsNumber>096372255</dunsNumber>
    <companyName>DEROYAL INDUSTRIES, INC.</companyName>
    <deviceCount>1</deviceCount>
    <deviceDescription>Custom 20cc Curved Syringe</deviceDescription>
    <DMExempt>true</DMExempt>
    <premarketExempt>true</premarketExempt>
    <deviceHCTP>false</deviceHCTP>
    <deviceKit>false</deviceKit>
    <deviceCombinationProduct>false</deviceCombinationProduct>
    <singleUse>true</singleUse>
    <lotBatch>true</lotBatch>
    <serialNumber>false</serialNumber>
    <manufacturingDate>false</manufacturingDate>
    <expirationDate>true</expirationDate>
    <donationIdNumber>false</donationIdNumber>
    <labeledContainsNRL>false</labeledContainsNRL>
    <labeledNoNRL>true</labeledNoNRL>
    <MRISafetyStatus>Labeling does not contain MRI Safety Information</MRISafetyStatus>
    <rx>false</rx>
    <otc>true</otc>
    <contacts>
      <customerContact>
        <phone>+1(888)938-7828</phone>
        <phoneExtension xsi:nil="true" />
        <email>udisupport@deroyal.com</email>
      </customerContact>
    </contacts>
    <gmdnTerms>
      <gmdn>
        <gmdnCode>47017</gmdnCode>
        <gmdnPTName>General-purpose syringe, single-use</gmdnPTName>
        <gmdnPTDefinition>A sterile device consisting of a calibrated barrel (cylinder) with plunger intended to be used for injection/withdrawal of fluids/gas (e.g., medication) to/from a medical device or the body (i.e., capable of both); a needle is not included. It is intended for various medical applications and is not dedicated to medication administration. At the distal end of the barrel is a male connector (typically Luer-lock/slip type) for the attachment to a hypodermic needle or an administration set. It is typically made of plastic and silicone materials and may have anti-stick plunger allowing smooth plunger movement, either manually or by a syringe pump. This is a single-use device.</gmdnPTDefinition>
        <implantable>false</implantable>
        <gmdnCodeStatus>Active</gmdnCodeStatus>
      </gmdn>
    </gmdnTerms>
    <productCodes>
      <fdaProductCode>
        <productCode>EIC</productCode>
        <productCodeName>SYRINGE, PERIODONTIC, ENDODONTIC, IRRIGATING</productCodeName>
      </fdaProductCode>
    </productCodes>
    <deviceSizes />
    <environmentalConditions />
    <sterilization>
      <deviceSterile>true</deviceSterile>
      <sterilizationPriorToUse>false</sterilizationPriorToUse>
      <methodTypes />
    </sterilization>
  </device>
  <device xmlns:xsi="http://www.w3.org/2001/XMLSchema-instance" xmlns="http://www.fda.gov/cdrh/gudid">
    <publicDeviceRecordKey>dc13bccf-0c5e-4fd6-8f5c-fd9f84b89cb4</publicDeviceRecordKey>
    <publicVersionStatus>New</publicVersionStatus>
    <deviceRecordStatus>Published</deviceRecordStatus>
    <!--Note: publicVersionNumber is system generated and assigned to all device records to track public release updates to a device record-->
    <publicVersionNumber>1</publicVersionNumber>
    <publicVersionDate>2021-07-20</publicVersionDate>
    <devicePublishDate>2021-07-12</devicePublishDate>
    <deviceCommDistributionEndDate xsi:nil="true" />
    <deviceCommDistributionStatus>In Commercial Distribution</deviceCommDistributionStatus>
    <identifiers>
      <identifier>
        <deviceId>50749756876105</deviceId>
        <deviceIdType>Package</deviceIdType>
        <deviceIdIssuingAgency>GS1</deviceIdIssuingAgency>
        <containsDINumber>00749756876100</containsDINumber>
        <pkgQuantity>20</pkgQuantity>
        <pkgDiscontinueDate xsi:nil="true" />
        <pkgStatus>In Commercial Distribution</pkgStatus>
        <pkgType>Case</pkgType>
      </identifier>
      <identifier>
        <deviceId>00749756876100</deviceId>
        <deviceIdType>Primary</deviceIdType>
        <deviceIdIssuingAgency>GS1</deviceIdIssuingAgency>
        <containsDINumber xsi:nil="true" />
        <pkgQuantity xsi:nil="true" />
        <pkgDiscontinueDate xsi:nil="true" />
        <pkgStatus xsi:nil="true" />
        <pkgType xsi:nil="true" />
      </identifier>
    </identifiers>
    <brandName>DeRoyal</brandName>
    <versionModelNumber>32-2068</versionModelNumber>
    <catalogNumber>32-2068</catalogNumber>
    <dunsNumber>096372255</dunsNumber>
    <companyName>DEROYAL INDUSTRIES, INC.</companyName>
    <deviceCount>1</deviceCount>
    <deviceDescription>Custom Dental Packing 10/PK</deviceDescription>
    <DMExempt>true</DMExempt>
    <premarketExempt>true</premarketExempt>
    <deviceHCTP>false</deviceHCTP>
    <deviceKit>false</deviceKit>
    <deviceCombinationProduct>false</deviceCombinationProduct>
    <singleUse>true</singleUse>
    <lotBatch>true</lotBatch>
    <serialNumber>false</serialNumber>
    <manufacturingDate>false</manufacturingDate>
    <expirationDate>true</expirationDate>
    <donationIdNumber>false</donationIdNumber>
    <labeledContainsNRL>false</labeledContainsNRL>
    <labeledNoNRL>true</labeledNoNRL>
    <MRISafetyStatus>Labeling does not contain MRI Safety Information</MRISafetyStatus>
    <rx>true</rx>
    <otc>false</otc>
    <contacts>
      <customerContact>
        <phone>+1(888)938-7828</phone>
        <phoneExtension xsi:nil="true" />
        <email>udisupport@deroyal.com</email>
      </customerContact>
    </contacts>
    <gmdnTerms>
      <gmdn>
        <gmdnCode>44971</gmdnCode>
        <gmdnPTName>General-purpose surgical sponge</gmdnPTName>
        <gmdnPTDefinition>A non-medicated cushion-like mass made of absorbent materials (e.g., woven gauze, cotton, cellulose) primarily intended to be used inside the body, on a surgical incision or applied to internal organs or structures to control bleeding, absorb fluid, or protect organs or structures from abrasion, drying, or contamination during a procedure; also referred to as a laparotomy sponge or cottonoid pad/pattie, it may also be used for prepping the patient. It does not contain special features to help detect gossypiboma (sponge left inside patient) [i.e., it is not radiopaque]. This is a single-use device.</gmdnPTDefinition>
        <implantable>false</implantable>
        <gmdnCodeStatus>Active</gmdnCodeStatus>
      </gmdn>
    </gmdnTerms>
    <productCodes>
      <fdaProductCode>
        <productCode>EFN</productCode>
        <productCodeName>COTTON, ROLL</productCodeName>
      </fdaProductCode>
    </productCodes>
    <deviceSizes />
    <environmentalConditions />
    <sterilization>
      <deviceSterile>true</deviceSterile>
      <sterilizationPriorToUse>false</sterilizationPriorToUse>
      <methodTypes />
    </sterilization>
  </device>
  <device xmlns:xsi="http://www.w3.org/2001/XMLSchema-instance" xmlns="http://www.fda.gov/cdrh/gudid">
    <publicDeviceRecordKey>20751b03-bf25-48ad-afc5-eaa51c014abe</publicDeviceRecordKey>
    <publicVersionStatus>Update</publicVersionStatus>
    <deviceRecordStatus>Published</deviceRecordStatus>
    <!--Note: publicVersionNumber is system generated and assigned to all device records to track public release updates to a device record-->
    <publicVersionNumber>2</publicVersionNumber>
    <publicVersionDate>2024-02-05</publicVersionDate>
    <devicePublishDate>2023-11-23</devicePublishDate>
    <deviceCommDistributionEndDate xsi:nil="true" />
    <deviceCommDistributionStatus>In Commercial Distribution</deviceCommDistributionStatus>
    <identifiers>
      <identifier>
        <deviceId>50749756393336</deviceId>
        <deviceIdType>Package</deviceIdType>
        <deviceIdIssuingAgency>GS1</deviceIdIssuingAgency>
        <containsDINumber>00749756393331</containsDINumber>
        <pkgQuantity>12</pkgQuantity>
        <pkgDiscontinueDate xsi:nil="true" />
        <pkgStatus>In Commercial Distribution</pkgStatus>
        <pkgType>CA</pkgType>
      </identifier>
      <identifier>
        <deviceId>00749756393331</deviceId>
        <deviceIdType>Primary</deviceIdType>
        <deviceIdIssuingAgency>GS1</deviceIdIssuingAgency>
        <containsDINumber xsi:nil="true" />
        <pkgQuantity xsi:nil="true" />
        <pkgDiscontinueDate xsi:nil="true" />
        <pkgStatus xsi:nil="true" />
        <pkgType xsi:nil="true" />
      </identifier>
    </identifiers>
    <brandName>DeRoyal</brandName>
    <versionModelNumber>89-11047</versionModelNumber>
    <catalogNumber>89-11047</catalogNumber>
    <dunsNumber>096372255</dunsNumber>
    <companyName>DEROYAL INDUSTRIES, INC.</companyName>
    <deviceCount>1</deviceCount>
    <deviceDescription>DENTAL PACK</deviceDescription>
    <DMExempt>false</DMExempt>
    <premarketExempt>true</premarketExempt>
    <deviceHCTP>false</deviceHCTP>
    <deviceKit>true</deviceKit>
    <deviceCombinationProduct>false</deviceCombinationProduct>
    <singleUse>true</singleUse>
    <lotBatch>true</lotBatch>
    <serialNumber>false</serialNumber>
    <manufacturingDate>false</manufacturingDate>
    <expirationDate>true</expirationDate>
    <donationIdNumber>false</donationIdNumber>
    <labeledContainsNRL>false</labeledContainsNRL>
    <labeledNoNRL>true</labeledNoNRL>
    <MRISafetyStatus>Labeling does not contain MRI Safety Information</MRISafetyStatus>
    <rx>true</rx>
    <otc>false</otc>
    <contacts>
      <customerContact>
        <phone>+1(865)938-7828</phone>
        <phoneExtension xsi:nil="true" />
        <email>udisupport@deroyal.com</email>
      </customerContact>
    </contacts>
    <gmdnTerms>
      <gmdn>
        <gmdnCode>61457</gmdnCode>
        <gmdnPTName>Dental examination kit</gmdnPTName>
        <gmdnPTDefinition>A collection of various dental instruments and the necessary materials (e.g., aspiration cannula, forceps, mirror, probe, spatula, excavator) intended to be used to perform a dental examination. It does not contain any pharmaceuticals and is not intended for surgical procedures. This is a single-use device.</gmdnPTDefinition>
        <implantable>false</implantable>
        <gmdnCodeStatus>Active</gmdnCodeStatus>
      </gmdn>
    </gmdnTerms>
    <productCodes>
      <fdaProductCode>
        <productCode>OFX</productCode>
        <productCodeName>General purpose dental tray</productCodeName>
      </fdaProductCode>
    </productCodes>
    <deviceSizes />
    <environmentalConditions />
    <sterilization>
      <deviceSterile>true</deviceSterile>
      <sterilizationPriorToUse>false</sterilizationPriorToUse>
      <methodTypes />
    </sterilization>
  </device>
  <device xmlns:xsi="http://www.w3.org/2001/XMLSchema-instance" xmlns="http://www.fda.gov/cdrh/gudid">
    <publicDeviceRecordKey>d2620cdd-0bda-4c4d-8871-21c0e39864a6</publicDeviceRecordKey>
    <publicVersionStatus>Update</publicVersionStatus>
    <deviceRecordStatus>Published</deviceRecordStatus>
    <!--Note: publicVersionNumber is system generated and assigned to all device records to track public release updates to a device record-->
    <publicVersionNumber>2</publicVersionNumber>
    <publicVersionDate>2024-02-05</publicVersionDate>
    <devicePublishDate>2023-08-30</devicePublishDate>
    <deviceCommDistributionEndDate xsi:nil="true" />
    <deviceCommDistributionStatus>In Commercial Distribution</deviceCommDistributionStatus>
    <identifiers>
      <identifier>
        <deviceId>50749756392322</deviceId>
        <deviceIdType>Package</deviceIdType>
        <deviceIdIssuingAgency>GS1</deviceIdIssuingAgency>
        <containsDINumber>00749756392327</containsDINumber>
        <pkgQuantity>8</pkgQuantity>
        <pkgDiscontinueDate xsi:nil="true" />
        <pkgStatus>In Commercial Distribution</pkgStatus>
        <pkgType>CA</pkgType>
      </identifier>
      <identifier>
        <deviceId>00749756392327</deviceId>
        <deviceIdType>Primary</deviceIdType>
        <deviceIdIssuingAgency>GS1</deviceIdIssuingAgency>
        <containsDINumber xsi:nil="true" />
        <pkgQuantity xsi:nil="true" />
        <pkgDiscontinueDate xsi:nil="true" />
        <pkgStatus xsi:nil="true" />
        <pkgType xsi:nil="true" />
      </identifier>
    </identifiers>
    <brandName>DeRoyal</brandName>
    <versionModelNumber>89-11032</versionModelNumber>
    <catalogNumber>89-11032</catalogNumber>
    <dunsNumber>096372255</dunsNumber>
    <companyName>DEROYAL INDUSTRIES, INC.</companyName>
    <deviceCount>1</deviceCount>
    <deviceDescription>DENTAL PACK</deviceDescription>
    <DMExempt>false</DMExempt>
    <premarketExempt>true</premarketExempt>
    <deviceHCTP>false</deviceHCTP>
    <deviceKit>true</deviceKit>
    <deviceCombinationProduct>false</deviceCombinationProduct>
    <singleUse>true</singleUse>
    <lotBatch>true</lotBatch>
    <serialNumber>false</serialNumber>
    <manufacturingDate>false</manufacturingDate>
    <expirationDate>true</expirationDate>
    <donationIdNumber>false</donationIdNumber>
    <labeledContainsNRL>false</labeledContainsNRL>
    <labeledNoNRL>true</labeledNoNRL>
    <MRISafetyStatus>Labeling does not contain MRI Safety Information</MRISafetyStatus>
    <rx>true</rx>
    <otc>false</otc>
    <contacts>
      <customerContact>
        <phone>+1(865)938-7828</phone>
        <phoneExtension xsi:nil="true" />
        <email>udisupport@deroyal.com</email>
      </customerContact>
    </contacts>
    <gmdnTerms>
      <gmdn>
        <gmdnCode>61457</gmdnCode>
        <gmdnPTName>Dental examination kit</gmdnPTName>
        <gmdnPTDefinition>A collection of various dental instruments and the necessary materials (e.g., aspiration cannula, forceps, mirror, probe, spatula, excavator) intended to be used to perform a dental examination. It does not contain any pharmaceuticals and is not intended for surgical procedures. This is a single-use device.</gmdnPTDefinition>
        <implantable>false</implantable>
        <gmdnCodeStatus>Active</gmdnCodeStatus>
      </gmdn>
    </gmdnTerms>
    <productCodes>
      <fdaProductCode>
        <productCode>OFX</productCode>
        <productCodeName>General purpose dental tray</productCodeName>
      </fdaProductCode>
    </productCodes>
    <deviceSizes />
    <environmentalConditions />
    <sterilization>
      <deviceSterile>true</deviceSterile>
      <sterilizationPriorToUse>false</sterilizationPriorToUse>
      <methodTypes />
    </sterilization>
  </device>
  <device xmlns:xsi="http://www.w3.org/2001/XMLSchema-instance" xmlns="http://www.fda.gov/cdrh/gudid">
    <publicDeviceRecordKey>43f16b68-16dc-4bb2-9d81-8a1990f615b1</publicDeviceRecordKey>
    <publicVersionStatus>Update</publicVersionStatus>
    <deviceRecordStatus>Published</deviceRecordStatus>
    <!--Note: publicVersionNumber is system generated and assigned to all device records to track public release updates to a device record-->
    <publicVersionNumber>2</publicVersionNumber>
    <publicVersionDate>2024-02-05</publicVersionDate>
    <devicePublishDate>2021-07-12</devicePublishDate>
    <deviceCommDistributionEndDate xsi:nil="true" />
    <deviceCommDistributionStatus>In Commercial Distribution</deviceCommDistributionStatus>
    <identifiers>
      <identifier>
        <deviceId>50749756363377</deviceId>
        <deviceIdType>Package</deviceIdType>
        <deviceIdIssuingAgency>GS1</deviceIdIssuingAgency>
        <containsDINumber>00749756363372</containsDINumber>
        <pkgQuantity>5</pkgQuantity>
        <pkgDiscontinueDate xsi:nil="true" />
        <pkgStatus>In Commercial Distribution</pkgStatus>
        <pkgType>Case</pkgType>
      </identifier>
      <identifier>
        <deviceId>00749756363372</deviceId>
        <deviceIdType>Primary</deviceIdType>
        <deviceIdIssuingAgency>GS1</deviceIdIssuingAgency>
        <containsDINumber xsi:nil="true" />
        <pkgQuantity xsi:nil="true" />
        <pkgDiscontinueDate xsi:nil="true" />
        <pkgStatus xsi:nil="true" />
        <pkgType xsi:nil="true" />
      </identifier>
    </identifiers>
    <brandName>DeRoyal</brandName>
    <versionModelNumber>89-10548</versionModelNumber>
    <catalogNumber>89-10548</catalogNumber>
    <dunsNumber>096372255</dunsNumber>
    <companyName>DEROYAL INDUSTRIES, INC.</companyName>
    <deviceCount>1</deviceCount>
    <deviceDescription>DENTAL PACK</deviceDescription>
    <DMExempt>true</DMExempt>
    <premarketExempt>true</premarketExempt>
    <deviceHCTP>false</deviceHCTP>
    <deviceKit>true</deviceKit>
    <deviceCombinationProduct>false</deviceCombinationProduct>
    <singleUse>true</singleUse>
    <lotBatch>true</lotBatch>
    <serialNumber>false</serialNumber>
    <manufacturingDate>false</manufacturingDate>
    <expirationDate>true</expirationDate>
    <donationIdNumber>false</donationIdNumber>
    <labeledContainsNRL>false</labeledContainsNRL>
    <labeledNoNRL>true</labeledNoNRL>
    <MRISafetyStatus>Labeling does not contain MRI Safety Information</MRISafetyStatus>
    <rx>true</rx>
    <otc>false</otc>
    <contacts>
      <customerContact>
        <phone>+1(888)938-7828</phone>
        <phoneExtension xsi:nil="true" />
        <email>udisupport@deroyal.com</email>
      </customerContact>
    </contacts>
    <gmdnTerms>
      <gmdn>
        <gmdnCode>61457</gmdnCode>
        <gmdnPTName>Dental examination kit</gmdnPTName>
        <gmdnPTDefinition>A collection of various dental instruments and the necessary materials (e.g., aspiration cannula, forceps, mirror, probe, spatula, excavator) intended to be used to perform a dental examination. It does not contain any pharmaceuticals and is not intended for surgical procedures. This is a single-use device.</gmdnPTDefinition>
        <implantable>false</implantable>
        <gmdnCodeStatus>Active</gmdnCodeStatus>
      </gmdn>
    </gmdnTerms>
    <productCodes>
      <fdaProductCode>
        <productCode>OFX</productCode>
        <productCodeName>General purpose dental tray</productCodeName>
      </fdaProductCode>
    </productCodes>
    <deviceSizes />
    <environmentalConditions />
    <sterilization>
      <deviceSterile>true</deviceSterile>
      <sterilizationPriorToUse>false</sterilizationPriorToUse>
      <methodTypes />
    </sterilization>
  </device>
  <device xmlns:xsi="http://www.w3.org/2001/XMLSchema-instance" xmlns="http://www.fda.gov/cdrh/gudid">
    <publicDeviceRecordKey>c63fa110-9792-4a19-b89e-946c761d610f</publicDeviceRecordKey>
    <publicVersionStatus>New</publicVersionStatus>
    <deviceRecordStatus>Published</deviceRecordStatus>
    <!--Note: publicVersionNumber is system generated and assigned to all device records to track public release updates to a device record-->
    <publicVersionNumber>1</publicVersionNumber>
    <publicVersionDate>2021-08-31</publicVersionDate>
    <devicePublishDate>2021-08-23</devicePublishDate>
    <deviceCommDistributionEndDate xsi:nil="true" />
    <deviceCommDistributionStatus>In Commercial Distribution</deviceCommDistributionStatus>
    <identifiers>
      <identifier>
        <deviceId>50749756355341</deviceId>
        <deviceIdType>Package</deviceIdType>
        <deviceIdIssuingAgency>GS1</deviceIdIssuingAgency>
        <containsDINumber>00749756355346</containsDINumber>
        <pkgQuantity>25</pkgQuantity>
        <pkgDiscontinueDate xsi:nil="true" />
        <pkgStatus>In Commercial Distribution</pkgStatus>
        <pkgType>Case</pkgType>
      </identifier>
      <identifier>
        <deviceId>00749756355346</deviceId>
        <deviceIdType>Primary</deviceIdType>
        <deviceIdIssuingAgency>GS1</deviceIdIssuingAgency>
        <containsDINumber xsi:nil="true" />
        <pkgQuantity xsi:nil="true" />
        <pkgDiscontinueDate xsi:nil="true" />
        <pkgStatus xsi:nil="true" />
        <pkgType xsi:nil="true" />
      </identifier>
    </identifiers>
    <brandName>DeRoyal</brandName>
    <versionModelNumber>32-2172</versionModelNumber>
    <catalogNumber>32-2172</catalogNumber>
    <dunsNumber>096372255</dunsNumber>
    <companyName>DEROYAL INDUSTRIES, INC.</companyName>
    <deviceCount>1</deviceCount>
    <deviceDescription>DRI-ANGLE/SILVER COATED W/ELEMENTS STRING</deviceDescription>
    <DMExempt>true</DMExempt>
    <premarketExempt>true</premarketExempt>
    <deviceHCTP>false</deviceHCTP>
    <deviceKit>false</deviceKit>
    <deviceCombinationProduct>false</deviceCombinationProduct>
    <singleUse>true</singleUse>
    <lotBatch>true</lotBatch>
    <serialNumber>false</serialNumber>
    <manufacturingDate>false</manufacturingDate>
    <expirationDate>true</expirationDate>
    <donationIdNumber>false</donationIdNumber>
    <labeledContainsNRL>false</labeledContainsNRL>
    <labeledNoNRL>true</labeledNoNRL>
    <MRISafetyStatus>Labeling does not contain MRI Safety Information</MRISafetyStatus>
    <rx>true</rx>
    <otc>false</otc>
    <contacts>
      <customerContact>
        <phone>+1(888)938-7828</phone>
        <phoneExtension xsi:nil="true" />
        <email>udisupport@deroyal.com</email>
      </customerContact>
    </contacts>
    <gmdnTerms>
      <gmdn>
        <gmdnCode>47203</gmdnCode>
        <gmdnPTName>Wound-nonadherent dressing, permeable, antimicrobial</gmdnPTName>
        <gmdnPTDefinition>A wound covering typically in the form of a porous material (e.g., a fine mesh) impregnated/coated with a substance (e.g., petrolatum, silicone) or made of a material that prevents adherence to the wound bed, thereby decreasing the potential for trauma to the wound and surrounding skin, and that contains an antimicrobial agent (e.g., silver (Ag), honey). Its pores permit the drainage of exudates from, and application of medication to, the wound. This device may be used with other wound-care products to help heal chronic/infected and postoperative wounds, burns, skin grafts, cuts, or abrasions; it is not a dedicated burn dressing. This is a single-use device.</gmdnPTDefinition>
        <implantable>false</implantable>
        <gmdnCodeStatus>Active</gmdnCodeStatus>
      </gmdn>
    </gmdnTerms>
    <productCodes>
      <fdaProductCode>
        <productCode>KHR</productCode>
        <productCodeName>ABSORBER, SALIVA, PAPER</productCodeName>
      </fdaProductCode>
    </productCodes>
    <deviceSizes />
    <environmentalConditions />
    <sterilization>
      <deviceSterile>false</deviceSterile>
      <sterilizationPriorToUse>false</sterilizationPriorToUse>
      <methodTypes />
    </sterilization>
  </device>
</devices>