﻿<?xml version="1.0" encoding="UTF-8"?>
<devices>
  <device xmlns:xsi="http://www.w3.org/2001/XMLSchema-instance" xmlns="http://www.fda.gov/cdrh/gudid">
    <publicDeviceRecordKey>a62a4727-6c75-495c-b962-f373dd75405f</publicDeviceRecordKey>
    <publicVersionStatus>Update</publicVersionStatus>
    <deviceRecordStatus>Published</deviceRecordStatus>
    <!--Note: publicVersionNumber is system generated and assigned to all device records to track public release updates to a device record-->
    <publicVersionNumber>5</publicVersionNumber>
    <publicVersionDate>2023-10-04</publicVersionDate>
    <devicePublishDate>2015-07-20</devicePublishDate>
    <deviceCommDistributionEndDate xsi:nil="true" />
    <deviceCommDistributionStatus>In Commercial Distribution</deviceCommDistributionStatus>
    <identifiers>
      <identifier>
        <deviceId>00613994802538</deviceId>
        <deviceIdType>Primary</deviceIdType>
        <deviceIdIssuingAgency>GS1</deviceIdIssuingAgency>
        <containsDINumber xsi:nil="true" />
        <pkgQuantity xsi:nil="true" />
        <pkgDiscontinueDate xsi:nil="true" />
        <pkgStatus xsi:nil="true" />
        <pkgType xsi:nil="true" />
      </identifier>
    </identifiers>
    <brandName>ARTISAN™ SPACE MAINTENANCE SYSTEM</brandName>
    <versionModelNumber>7000040</versionModelNumber>
    <catalogNumber xsi:nil="true" />
    <dunsNumber>830350380</dunsNumber>
    <companyName>MEDTRONIC SOFAMOR DANEK, INC.</companyName>
    <deviceCount>1</deviceCount>
    <deviceDescription>MESH 7000040 TITANIUM</deviceDescription>
    <DMExempt>false</DMExempt>
    <premarketExempt>false</premarketExempt>
    <deviceHCTP>false</deviceHCTP>
    <deviceKit>false</deviceKit>
    <deviceCombinationProduct>false</deviceCombinationProduct>
    <singleUse>true</singleUse>
    <lotBatch>true</lotBatch>
    <serialNumber>false</serialNumber>
    <manufacturingDate>false</manufacturingDate>
    <expirationDate>false</expirationDate>
    <donationIdNumber>false</donationIdNumber>
    <labeledContainsNRL>false</labeledContainsNRL>
    <labeledNoNRL>false</labeledNoNRL>
    <MRISafetyStatus>MR Conditional</MRISafetyStatus>
    <rx>true</rx>
    <otc>false</otc>
    <contacts>
      <customerContact>
        <phone>+1(800)633-8766</phone>
        <phoneExtension xsi:nil="true" />
        <email>Corporate.UDI@medtronic.com</email>
      </customerContact>
    </contacts>
    <premarketSubmissions>
      <premarketSubmission>
        <submissionNumber>K100779</submissionNumber>
        <supplementNumber>000</supplementNumber>
      </premarketSubmission>
    </premarketSubmissions>
    <gmdnTerms>
      <gmdn>
        <gmdnCode>46580</gmdnCode>
        <gmdnPTName>Extra-gynaecological surgical mesh, metal</gmdnPTName>
        <gmdnPTDefinition>A non-bioabsorbable, implantable material (e.g., flat sheet) made from made from a biocompatible metal, with appropriate mechanical characteristics for implantation, intended for an extra-gynaecological tissue repair/reinforcement application(s) to support or protect tissues in reconstructive surgical procedures (e.g., to repair large chest wall defects or large abdominal incisional hernias) and/or orthopaedic procedures (e.g., cranioplasty, femoral reconstruction); it is not primarily intended for dental use. Disposable devices associated with implantation may be supplied with the mesh.</gmdnPTDefinition>
        <implantable>true</implantable>
        <gmdnCodeStatus>Active</gmdnCodeStatus>
      </gmdn>
    </gmdnTerms>
    <productCodes>
      <fdaProductCode>
        <productCode>JEY</productCode>
        <productCodeName>PLATE, BONE</productCodeName>
      </fdaProductCode>
      <fdaProductCode>
        <productCode>DZE</productCode>
        <productCodeName>IMPLANT, ENDOSSEOUS, ROOT-FORM</productCodeName>
      </fdaProductCode>
    </productCodes>
    <deviceSizes />
    <environmentalConditions />
    <sterilization>
      <deviceSterile>false</deviceSterile>
      <sterilizationPriorToUse>true</sterilizationPriorToUse>
      <methodTypes>
        <sterilizationMethod>Moist Heat or Steam Sterilization</sterilizationMethod>
      </methodTypes>
    </sterilization>
  </device>
  <device xmlns:xsi="http://www.w3.org/2001/XMLSchema-instance" xmlns="http://www.fda.gov/cdrh/gudid">
    <publicDeviceRecordKey>48a86f7f-90c5-4ba0-98be-f6e5b9b06485</publicDeviceRecordKey>
    <publicVersionStatus>Update</publicVersionStatus>
    <deviceRecordStatus>Published</deviceRecordStatus>
    <!--Note: publicVersionNumber is system generated and assigned to all device records to track public release updates to a device record-->
    <publicVersionNumber>3</publicVersionNumber>
    <publicVersionDate>2018-07-06</publicVersionDate>
    <devicePublishDate>2015-07-20</devicePublishDate>
    <deviceCommDistributionEndDate xsi:nil="true" />
    <deviceCommDistributionStatus>In Commercial Distribution</deviceCommDistributionStatus>
    <identifiers>
      <identifier>
        <deviceId>00613994391049</deviceId>
        <deviceIdType>Primary</deviceIdType>
        <deviceIdIssuingAgency>GS1</deviceIdIssuingAgency>
        <containsDINumber xsi:nil="true" />
        <pkgQuantity xsi:nil="true" />
        <pkgDiscontinueDate xsi:nil="true" />
        <pkgStatus xsi:nil="true" />
        <pkgType xsi:nil="true" />
      </identifier>
    </identifiers>
    <brandName>PROGENIX® PUTTY and PROGENIX® PLUS</brandName>
    <versionModelNumber>006010</versionModelNumber>
    <catalogNumber xsi:nil="true" />
    <dunsNumber>830350380</dunsNumber>
    <companyName>MEDTRONIC SOFAMOR DANEK, INC.</companyName>
    <deviceCount>1</deviceCount>
    <deviceDescription>DBM 006010 PROGENIX PLUS 10CC</deviceDescription>
    <DMExempt>false</DMExempt>
    <premarketExempt>false</premarketExempt>
    <deviceHCTP>true</deviceHCTP>
    <deviceKit>false</deviceKit>
    <deviceCombinationProduct>false</deviceCombinationProduct>
    <singleUse>true</singleUse>
    <lotBatch>false</lotBatch>
    <serialNumber>true</serialNumber>
    <manufacturingDate>false</manufacturingDate>
    <expirationDate>false</expirationDate>
    <donationIdNumber>true</donationIdNumber>
    <labeledContainsNRL>false</labeledContainsNRL>
    <labeledNoNRL>false</labeledNoNRL>
    <MRISafetyStatus>Labeling does not contain MRI Safety Information</MRISafetyStatus>
    <rx>true</rx>
    <otc>false</otc>
    <contacts>
      <customerContact>
        <phone>+1(800)633-8766</phone>
        <phoneExtension xsi:nil="true" />
        <email>Corporate.UDI@medtronic.com</email>
      </customerContact>
    </contacts>
    <premarketSubmissions>
      <premarketSubmission>
        <submissionNumber>K081950</submissionNumber>
        <supplementNumber>000</supplementNumber>
      </premarketSubmission>
    </premarketSubmissions>
    <gmdnTerms>
      <gmdn>
        <gmdnCode>47257</gmdnCode>
        <gmdnPTName>Bone matrix implant, human-derived</gmdnPTName>
        <gmdnPTDefinition>An sterile implantable device made primarily of human demineralized bone matrix (DBM) (acid extraction of allogeneic bone resulting in loss of most of the mineralized component but retention of proteins) intended to fill bony voids or gaps caused by trauma or surgery, including use in the maxillofacial and/or mandibular bone. The device is bioabsorbable, osteoconductive, and has demonstrated at least potential osteoinductivity for the stimulation of new bone growth. The DBM may be combined with various carrier compounds (e.g., gelatin, hydrogel, starch) or other materials. It is available in the form of powder, crushed granules, putty, chips, or a gel that can be injected through a syringe.</gmdnPTDefinition>
        <implantable>true</implantable>
        <gmdnCodeStatus>Active</gmdnCodeStatus>
      </gmdn>
    </gmdnTerms>
    <productCodes>
      <fdaProductCode>
        <productCode>NUN</productCode>
        <productCodeName>BONE GRAFTING MATERIAL, HUMAN SOURCE</productCodeName>
      </fdaProductCode>
    </productCodes>
    <deviceSizes>
      <deviceSize>
        <sizeType>Device Size Text, specify</sizeType>
        <size value="" unit="" />
        <sizeText>10 cc volume</sizeText>
      </deviceSize>
    </deviceSizes>
    <environmentalConditions>
      <storageHandling>
        <storageHandlingType>Special Storage Condition, Specify</storageHandlingType>
        <storageHandlingHigh value="" unit="" />
        <storageHandlingLow value="" unit="" />
        <storageHandlingSpecialConditionText>store at ambient temperature</storageHandlingSpecialConditionText>
      </storageHandling>
    </environmentalConditions>
    <sterilization>
      <deviceSterile>true</deviceSterile>
      <sterilizationPriorToUse>false</sterilizationPriorToUse>
      <methodTypes />
    </sterilization>
  </device>
  <device xmlns:xsi="http://www.w3.org/2001/XMLSchema-instance" xmlns="http://www.fda.gov/cdrh/gudid">
    <publicDeviceRecordKey>19c2c91e-ce15-4799-a510-216c490646c9</publicDeviceRecordKey>
    <publicVersionStatus>Update</publicVersionStatus>
    <deviceRecordStatus>Published</deviceRecordStatus>
    <!--Note: publicVersionNumber is system generated and assigned to all device records to track public release updates to a device record-->
    <publicVersionNumber>3</publicVersionNumber>
    <publicVersionDate>2018-07-06</publicVersionDate>
    <devicePublishDate>2015-07-20</devicePublishDate>
    <deviceCommDistributionEndDate xsi:nil="true" />
    <deviceCommDistributionStatus>In Commercial Distribution</deviceCommDistributionStatus>
    <identifiers>
      <identifier>
        <deviceId>00613994391032</deviceId>
        <deviceIdType>Primary</deviceIdType>
        <deviceIdIssuingAgency>GS1</deviceIdIssuingAgency>
        <containsDINumber xsi:nil="true" />
        <pkgQuantity xsi:nil="true" />
        <pkgDiscontinueDate xsi:nil="true" />
        <pkgStatus xsi:nil="true" />
        <pkgType xsi:nil="true" />
      </identifier>
    </identifiers>
    <brandName>PROGENIX® PUTTY and PROGENIX® PLUS</brandName>
    <versionModelNumber>006005</versionModelNumber>
    <catalogNumber xsi:nil="true" />
    <dunsNumber>830350380</dunsNumber>
    <companyName>MEDTRONIC SOFAMOR DANEK, INC.</companyName>
    <deviceCount>1</deviceCount>
    <deviceDescription>DBM 006005 PROGENIX PLUS 5CC</deviceDescription>
    <DMExempt>false</DMExempt>
    <premarketExempt>false</premarketExempt>
    <deviceHCTP>true</deviceHCTP>
    <deviceKit>false</deviceKit>
    <deviceCombinationProduct>false</deviceCombinationProduct>
    <singleUse>true</singleUse>
    <lotBatch>false</lotBatch>
    <serialNumber>true</serialNumber>
    <manufacturingDate>false</manufacturingDate>
    <expirationDate>false</expirationDate>
    <donationIdNumber>true</donationIdNumber>
    <labeledContainsNRL>false</labeledContainsNRL>
    <labeledNoNRL>false</labeledNoNRL>
    <MRISafetyStatus>Labeling does not contain MRI Safety Information</MRISafetyStatus>
    <rx>true</rx>
    <otc>false</otc>
    <contacts>
      <customerContact>
        <phone>+1(800)633-8766</phone>
        <phoneExtension xsi:nil="true" />
        <email>Corporate.UDI@medtronic.com</email>
      </customerContact>
    </contacts>
    <premarketSubmissions>
      <premarketSubmission>
        <submissionNumber>K081950</submissionNumber>
        <supplementNumber>000</supplementNumber>
      </premarketSubmission>
    </premarketSubmissions>
    <gmdnTerms>
      <gmdn>
        <gmdnCode>47257</gmdnCode>
        <gmdnPTName>Bone matrix implant, human-derived</gmdnPTName>
        <gmdnPTDefinition>An sterile implantable device made primarily of human demineralized bone matrix (DBM) (acid extraction of allogeneic bone resulting in loss of most of the mineralized component but retention of proteins) intended to fill bony voids or gaps caused by trauma or surgery, including use in the maxillofacial and/or mandibular bone. The device is bioabsorbable, osteoconductive, and has demonstrated at least potential osteoinductivity for the stimulation of new bone growth. The DBM may be combined with various carrier compounds (e.g., gelatin, hydrogel, starch) or other materials. It is available in the form of powder, crushed granules, putty, chips, or a gel that can be injected through a syringe.</gmdnPTDefinition>
        <implantable>true</implantable>
        <gmdnCodeStatus>Active</gmdnCodeStatus>
      </gmdn>
    </gmdnTerms>
    <productCodes>
      <fdaProductCode>
        <productCode>NUN</productCode>
        <productCodeName>BONE GRAFTING MATERIAL, HUMAN SOURCE</productCodeName>
      </fdaProductCode>
    </productCodes>
    <deviceSizes>
      <deviceSize>
        <sizeType>Device Size Text, specify</sizeType>
        <size value="" unit="" />
        <sizeText>5 cc volume</sizeText>
      </deviceSize>
    </deviceSizes>
    <environmentalConditions>
      <storageHandling>
        <storageHandlingType>Special Storage Condition, Specify</storageHandlingType>
        <storageHandlingHigh value="" unit="" />
        <storageHandlingLow value="" unit="" />
        <storageHandlingSpecialConditionText>store at ambient temperature</storageHandlingSpecialConditionText>
      </storageHandling>
    </environmentalConditions>
    <sterilization>
      <deviceSterile>true</deviceSterile>
      <sterilizationPriorToUse>false</sterilizationPriorToUse>
      <methodTypes />
    </sterilization>
  </device>
  <device xmlns:xsi="http://www.w3.org/2001/XMLSchema-instance" xmlns="http://www.fda.gov/cdrh/gudid">
    <publicDeviceRecordKey>24e474a3-1dbb-4310-bbf7-8cc122caad09</publicDeviceRecordKey>
    <publicVersionStatus>Update</publicVersionStatus>
    <deviceRecordStatus>Published</deviceRecordStatus>
    <!--Note: publicVersionNumber is system generated and assigned to all device records to track public release updates to a device record-->
    <publicVersionNumber>3</publicVersionNumber>
    <publicVersionDate>2018-07-06</publicVersionDate>
    <devicePublishDate>2015-07-20</devicePublishDate>
    <deviceCommDistributionEndDate xsi:nil="true" />
    <deviceCommDistributionStatus>In Commercial Distribution</deviceCommDistributionStatus>
    <identifiers>
      <identifier>
        <deviceId>00613994391025</deviceId>
        <deviceIdType>Primary</deviceIdType>
        <deviceIdIssuingAgency>GS1</deviceIdIssuingAgency>
        <containsDINumber xsi:nil="true" />
        <pkgQuantity xsi:nil="true" />
        <pkgDiscontinueDate xsi:nil="true" />
        <pkgStatus xsi:nil="true" />
        <pkgType xsi:nil="true" />
      </identifier>
    </identifiers>
    <brandName>PROGENIX® PUTTY and PROGENIX® PLUS</brandName>
    <versionModelNumber>006002</versionModelNumber>
    <catalogNumber xsi:nil="true" />
    <dunsNumber>830350380</dunsNumber>
    <companyName>MEDTRONIC SOFAMOR DANEK, INC.</companyName>
    <deviceCount>1</deviceCount>
    <deviceDescription>DBM 006002 PROGENIX PLUS 2.5CC</deviceDescription>
    <DMExempt>false</DMExempt>
    <premarketExempt>false</premarketExempt>
    <deviceHCTP>true</deviceHCTP>
    <deviceKit>false</deviceKit>
    <deviceCombinationProduct>false</deviceCombinationProduct>
    <singleUse>true</singleUse>
    <lotBatch>false</lotBatch>
    <serialNumber>true</serialNumber>
    <manufacturingDate>false</manufacturingDate>
    <expirationDate>false</expirationDate>
    <donationIdNumber>true</donationIdNumber>
    <labeledContainsNRL>false</labeledContainsNRL>
    <labeledNoNRL>false</labeledNoNRL>
    <MRISafetyStatus>Labeling does not contain MRI Safety Information</MRISafetyStatus>
    <rx>true</rx>
    <otc>false</otc>
    <contacts>
      <customerContact>
        <phone>+1(800)633-8766</phone>
        <phoneExtension xsi:nil="true" />
        <email>Corporate.UDI@medtronic.com</email>
      </customerContact>
    </contacts>
    <premarketSubmissions>
      <premarketSubmission>
        <submissionNumber>K081950</submissionNumber>
        <supplementNumber>000</supplementNumber>
      </premarketSubmission>
    </premarketSubmissions>
    <gmdnTerms>
      <gmdn>
        <gmdnCode>47257</gmdnCode>
        <gmdnPTName>Bone matrix implant, human-derived</gmdnPTName>
        <gmdnPTDefinition>An sterile implantable device made primarily of human demineralized bone matrix (DBM) (acid extraction of allogeneic bone resulting in loss of most of the mineralized component but retention of proteins) intended to fill bony voids or gaps caused by trauma or surgery, including use in the maxillofacial and/or mandibular bone. The device is bioabsorbable, osteoconductive, and has demonstrated at least potential osteoinductivity for the stimulation of new bone growth. The DBM may be combined with various carrier compounds (e.g., gelatin, hydrogel, starch) or other materials. It is available in the form of powder, crushed granules, putty, chips, or a gel that can be injected through a syringe.</gmdnPTDefinition>
        <implantable>true</implantable>
        <gmdnCodeStatus>Active</gmdnCodeStatus>
      </gmdn>
    </gmdnTerms>
    <productCodes>
      <fdaProductCode>
        <productCode>NUN</productCode>
        <productCodeName>BONE GRAFTING MATERIAL, HUMAN SOURCE</productCodeName>
      </fdaProductCode>
    </productCodes>
    <deviceSizes>
      <deviceSize>
        <sizeType>Device Size Text, specify</sizeType>
        <size value="" unit="" />
        <sizeText>2.5 cc volume</sizeText>
      </deviceSize>
    </deviceSizes>
    <environmentalConditions>
      <storageHandling>
        <storageHandlingType>Special Storage Condition, Specify</storageHandlingType>
        <storageHandlingHigh value="" unit="" />
        <storageHandlingLow value="" unit="" />
        <storageHandlingSpecialConditionText>store at ambient temperature</storageHandlingSpecialConditionText>
      </storageHandling>
    </environmentalConditions>
    <sterilization>
      <deviceSterile>true</deviceSterile>
      <sterilizationPriorToUse>false</sterilizationPriorToUse>
      <methodTypes />
    </sterilization>
  </device>
  <device xmlns:xsi="http://www.w3.org/2001/XMLSchema-instance" xmlns="http://www.fda.gov/cdrh/gudid">
    <publicDeviceRecordKey>093ca1b5-4321-4105-bec9-5d9923bd4ea9</publicDeviceRecordKey>
    <publicVersionStatus>Update</publicVersionStatus>
    <deviceRecordStatus>Published</deviceRecordStatus>
    <!--Note: publicVersionNumber is system generated and assigned to all device records to track public release updates to a device record-->
    <publicVersionNumber>3</publicVersionNumber>
    <publicVersionDate>2018-07-06</publicVersionDate>
    <devicePublishDate>2015-07-20</devicePublishDate>
    <deviceCommDistributionEndDate xsi:nil="true" />
    <deviceCommDistributionStatus>In Commercial Distribution</deviceCommDistributionStatus>
    <identifiers>
      <identifier>
        <deviceId>00613994391018</deviceId>
        <deviceIdType>Primary</deviceIdType>
        <deviceIdIssuingAgency>GS1</deviceIdIssuingAgency>
        <containsDINumber xsi:nil="true" />
        <pkgQuantity xsi:nil="true" />
        <pkgDiscontinueDate xsi:nil="true" />
        <pkgStatus xsi:nil="true" />
        <pkgType xsi:nil="true" />
      </identifier>
    </identifiers>
    <brandName>PROGENIX® PUTTY and PROGENIX® PLUS</brandName>
    <versionModelNumber>006001</versionModelNumber>
    <catalogNumber xsi:nil="true" />
    <dunsNumber>830350380</dunsNumber>
    <companyName>MEDTRONIC SOFAMOR DANEK, INC.</companyName>
    <deviceCount>1</deviceCount>
    <deviceDescription>DBM 006001 PROGENIX PLUS 1CC</deviceDescription>
    <DMExempt>false</DMExempt>
    <premarketExempt>false</premarketExempt>
    <deviceHCTP>true</deviceHCTP>
    <deviceKit>false</deviceKit>
    <deviceCombinationProduct>false</deviceCombinationProduct>
    <singleUse>true</singleUse>
    <lotBatch>false</lotBatch>
    <serialNumber>true</serialNumber>
    <manufacturingDate>false</manufacturingDate>
    <expirationDate>false</expirationDate>
    <donationIdNumber>true</donationIdNumber>
    <labeledContainsNRL>false</labeledContainsNRL>
    <labeledNoNRL>false</labeledNoNRL>
    <MRISafetyStatus>Labeling does not contain MRI Safety Information</MRISafetyStatus>
    <rx>true</rx>
    <otc>false</otc>
    <contacts>
      <customerContact>
        <phone>+1(800)633-8766</phone>
        <phoneExtension xsi:nil="true" />
        <email>Corporate.UDI@medtronic.com</email>
      </customerContact>
    </contacts>
    <premarketSubmissions>
      <premarketSubmission>
        <submissionNumber>K081950</submissionNumber>
        <supplementNumber>000</supplementNumber>
      </premarketSubmission>
    </premarketSubmissions>
    <gmdnTerms>
      <gmdn>
        <gmdnCode>47257</gmdnCode>
        <gmdnPTName>Bone matrix implant, human-derived</gmdnPTName>
        <gmdnPTDefinition>An sterile implantable device made primarily of human demineralized bone matrix (DBM) (acid extraction of allogeneic bone resulting in loss of most of the mineralized component but retention of proteins) intended to fill bony voids or gaps caused by trauma or surgery, including use in the maxillofacial and/or mandibular bone. The device is bioabsorbable, osteoconductive, and has demonstrated at least potential osteoinductivity for the stimulation of new bone growth. The DBM may be combined with various carrier compounds (e.g., gelatin, hydrogel, starch) or other materials. It is available in the form of powder, crushed granules, putty, chips, or a gel that can be injected through a syringe.</gmdnPTDefinition>
        <implantable>true</implantable>
        <gmdnCodeStatus>Active</gmdnCodeStatus>
      </gmdn>
    </gmdnTerms>
    <productCodes>
      <fdaProductCode>
        <productCode>NUN</productCode>
        <productCodeName>BONE GRAFTING MATERIAL, HUMAN SOURCE</productCodeName>
      </fdaProductCode>
    </productCodes>
    <deviceSizes>
      <deviceSize>
        <sizeType>Device Size Text, specify</sizeType>
        <size value="" unit="" />
        <sizeText>1 cc  volume</sizeText>
      </deviceSize>
    </deviceSizes>
    <environmentalConditions>
      <storageHandling>
        <storageHandlingType>Special Storage Condition, Specify</storageHandlingType>
        <storageHandlingHigh value="" unit="" />
        <storageHandlingLow value="" unit="" />
        <storageHandlingSpecialConditionText>store at ambient temperature</storageHandlingSpecialConditionText>
      </storageHandling>
    </environmentalConditions>
    <sterilization>
      <deviceSterile>true</deviceSterile>
      <sterilizationPriorToUse>false</sterilizationPriorToUse>
      <methodTypes />
    </sterilization>
  </device>
  <device xmlns:xsi="http://www.w3.org/2001/XMLSchema-instance" xmlns="http://www.fda.gov/cdrh/gudid">
    <publicDeviceRecordKey>1c1d6b08-c4be-4afe-a950-0fa731a9d2c3</publicDeviceRecordKey>
    <publicVersionStatus>Update</publicVersionStatus>
    <deviceRecordStatus>Published</deviceRecordStatus>
    <!--Note: publicVersionNumber is system generated and assigned to all device records to track public release updates to a device record-->
    <publicVersionNumber>3</publicVersionNumber>
    <publicVersionDate>2019-08-21</publicVersionDate>
    <devicePublishDate>2018-11-28</devicePublishDate>
    <deviceCommDistributionEndDate xsi:nil="true" />
    <deviceCommDistributionStatus>In Commercial Distribution</deviceCommDistributionStatus>
    <identifiers>
      <identifier>
        <deviceId>00612479142572</deviceId>
        <deviceIdType>Primary</deviceIdType>
        <deviceIdIssuingAgency>GS1</deviceIdIssuingAgency>
        <containsDINumber xsi:nil="true" />
        <pkgQuantity xsi:nil="true" />
        <pkgDiscontinueDate xsi:nil="true" />
        <pkgStatus xsi:nil="true" />
        <pkgType xsi:nil="true" />
      </identifier>
    </identifiers>
    <brandName>McKesson</brandName>
    <versionModelNumber>43-1-771</versionModelNumber>
    <catalogNumber xsi:nil="true" />
    <dunsNumber>023904428</dunsNumber>
    <companyName>MCKESSON MEDICAL-SURGICAL INC.</companyName>
    <deviceCount>1</deviceCount>
    <deviceDescription>Forceps, Adson Dressing Basic SERRATED 4.75"
</deviceDescription>
    <DMExempt>false</DMExempt>
    <premarketExempt>true</premarketExempt>
    <deviceHCTP>false</deviceHCTP>
    <deviceKit>false</deviceKit>
    <deviceCombinationProduct>false</deviceCombinationProduct>
    <singleUse>false</singleUse>
    <lotBatch>true</lotBatch>
    <serialNumber>false</serialNumber>
    <manufacturingDate>false</manufacturingDate>
    <expirationDate>false</expirationDate>
    <donationIdNumber>false</donationIdNumber>
    <labeledContainsNRL>false</labeledContainsNRL>
    <labeledNoNRL>true</labeledNoNRL>
    <MRISafetyStatus>Labeling does not contain MRI Safety Information</MRISafetyStatus>
    <rx>true</rx>
    <otc>false</otc>
    <contacts />
    <gmdnTerms>
      <gmdn>
        <gmdnCode>62466</gmdnCode>
        <gmdnPTName>Surgical soft-tissue manipulation forceps, tweezers-like, reusable</gmdnPTName>
        <gmdnPTDefinition>A hand-held, manual, open-surgery instrument designed to facilitate grasping and manipulation of soft-tissues. It has a tweezers-like design (may be a micro/fine instrument) with variously designed tips at the working end, whereby the blades are designed to be opened/closed by squeezing between the fingers (i.e., without ring handles). It is made of high-grade stainless steel, available in various sizes, and may have carbide inserts at the working end. It is not an electrosurgical device and not dedicated to ophthalmic surgery. This is a reusable device intended to be sterilized prior to use.</gmdnPTDefinition>
        <implantable>false</implantable>
        <gmdnCodeStatus>Active</gmdnCodeStatus>
      </gmdn>
    </gmdnTerms>
    <productCodes>
      <fdaProductCode>
        <productCode>EFL</productCode>
        <productCodeName>Forceps, Dressing, Dental</productCodeName>
      </fdaProductCode>
    </productCodes>
    <deviceSizes />
    <environmentalConditions />
    <sterilization>
      <deviceSterile>false</deviceSterile>
      <sterilizationPriorToUse>true</sterilizationPriorToUse>
      <methodTypes>
        <sterilizationMethod>Moist Heat or Steam Sterilization</sterilizationMethod>
      </methodTypes>
    </sterilization>
  </device>
  <device xmlns:xsi="http://www.w3.org/2001/XMLSchema-instance" xmlns="http://www.fda.gov/cdrh/gudid">
    <publicDeviceRecordKey>00f4a860-fb66-4ed8-98b2-c99a8a777115</publicDeviceRecordKey>
    <publicVersionStatus>New</publicVersionStatus>
    <deviceRecordStatus>Published</deviceRecordStatus>
    <!--Note: publicVersionNumber is system generated and assigned to all device records to track public release updates to a device record-->
    <publicVersionNumber>1</publicVersionNumber>
    <publicVersionDate>2020-07-10</publicVersionDate>
    <devicePublishDate>2020-07-02</devicePublishDate>
    <deviceCommDistributionEndDate xsi:nil="true" />
    <deviceCommDistributionStatus>In Commercial Distribution</deviceCommDistributionStatus>
    <identifiers>
      <identifier>
        <deviceId>10609038997916</deviceId>
        <deviceIdType>Package</deviceIdType>
        <deviceIdIssuingAgency>GS1</deviceIdIssuingAgency>
        <containsDINumber>00609038997919</containsDINumber>
        <pkgQuantity>10</pkgQuantity>
        <pkgDiscontinueDate xsi:nil="true" />
        <pkgStatus>In Commercial Distribution</pkgStatus>
        <pkgType>DSP</pkgType>
      </identifier>
      <identifier>
        <deviceId>00609038997919</deviceId>
        <deviceIdType>Primary</deviceIdType>
        <deviceIdIssuingAgency>GS1</deviceIdIssuingAgency>
        <containsDINumber xsi:nil="true" />
        <pkgQuantity xsi:nil="true" />
        <pkgDiscontinueDate xsi:nil="true" />
        <pkgStatus xsi:nil="true" />
        <pkgType xsi:nil="true" />
      </identifier>
      <identifier>
        <deviceId>20609038997913</deviceId>
        <deviceIdType>Package</deviceIdType>
        <deviceIdIssuingAgency>GS1</deviceIdIssuingAgency>
        <containsDINumber>10609038997916</containsDINumber>
        <pkgQuantity>4</pkgQuantity>
        <pkgDiscontinueDate xsi:nil="true" />
        <pkgStatus>In Commercial Distribution</pkgStatus>
        <pkgType>CS</pkgType>
      </identifier>
    </identifiers>
    <brandName>AVANOS</brandName>
    <versionModelNumber>99791</versionModelNumber>
    <catalogNumber>99791</catalogNumber>
    <dunsNumber>079375431</dunsNumber>
    <companyName>Avanos Medical, Inc.</companyName>
    <deviceCount>1</deviceCount>
    <deviceDescription>BALLARD* Toothbrush Pack with CPC</deviceDescription>
    <DMExempt>false</DMExempt>
    <premarketExempt>true</premarketExempt>
    <deviceHCTP>false</deviceHCTP>
    <deviceKit>false</deviceKit>
    <deviceCombinationProduct>false</deviceCombinationProduct>
    <singleUse>true</singleUse>
    <lotBatch>true</lotBatch>
    <serialNumber>false</serialNumber>
    <manufacturingDate>false</manufacturingDate>
    <expirationDate>true</expirationDate>
    <donationIdNumber>false</donationIdNumber>
    <labeledContainsNRL>false</labeledContainsNRL>
    <labeledNoNRL>true</labeledNoNRL>
    <MRISafetyStatus>Labeling does not contain MRI Safety Information</MRISafetyStatus>
    <rx>false</rx>
    <otc>false</otc>
    <contacts>
      <customerContact>
        <phone>+1(844)428-2667</phone>
        <phoneExtension xsi:nil="true" />
        <email>PIQ@AVANOS.COM</email>
      </customerContact>
    </contacts>
    <gmdnTerms>
      <gmdn>
        <gmdnCode>45172</gmdnCode>
        <gmdnPTName>Oral care kit, single-use</gmdnPTName>
        <gmdnPTDefinition>A collection of various devices and supplies used for a patient's oral hygiene. It typically includes an antiseptic applicator swab, a pre-treated toothbrush, mouth swabs, and a mouthwash/oral moisturizer. Its use will improve the physical condition of the oral cavity and may help reduce the incidence of patient infection. It is typically applied by nursing staff in hospitals and institutions, or attendants in home care settings. This is a single-use device.</gmdnPTDefinition>
        <implantable>false</implantable>
        <gmdnCodeStatus>Active</gmdnCodeStatus>
      </gmdn>
    </gmdnTerms>
    <productCodes>
      <fdaProductCode>
        <productCode>EFW</productCode>
        <productCodeName>TOOTHBRUSH, MANUAL</productCodeName>
      </fdaProductCode>
    </productCodes>
    <deviceSizes />
    <environmentalConditions />
    <sterilization>
      <deviceSterile>false</deviceSterile>
      <sterilizationPriorToUse>false</sterilizationPriorToUse>
      <methodTypes />
    </sterilization>
  </device>
  <device xmlns:xsi="http://www.w3.org/2001/XMLSchema-instance" xmlns="http://www.fda.gov/cdrh/gudid">
    <publicDeviceRecordKey>118d3c85-349e-4d9b-8ff8-556b1b33ef40</publicDeviceRecordKey>
    <publicVersionStatus>Update</publicVersionStatus>
    <deviceRecordStatus>Published</deviceRecordStatus>
    <!--Note: publicVersionNumber is system generated and assigned to all device records to track public release updates to a device record-->
    <publicVersionNumber>2</publicVersionNumber>
    <publicVersionDate>2023-06-21</publicVersionDate>
    <devicePublishDate>2020-07-02</devicePublishDate>
    <deviceCommDistributionEndDate xsi:nil="true" />
    <deviceCommDistributionStatus>In Commercial Distribution</deviceCommDistributionStatus>
    <identifiers>
      <identifier>
        <deviceId>10609038970216</deviceId>
        <deviceIdType>Package</deviceIdType>
        <deviceIdIssuingAgency>GS1</deviceIdIssuingAgency>
        <containsDINumber>00609038970219</containsDINumber>
        <pkgQuantity>16</pkgQuantity>
        <pkgDiscontinueDate xsi:nil="true" />
        <pkgStatus>In Commercial Distribution</pkgStatus>
        <pkgType>CS</pkgType>
      </identifier>
      <identifier>
        <deviceId>00609038970219</deviceId>
        <deviceIdType>Primary</deviceIdType>
        <deviceIdIssuingAgency>GS1</deviceIdIssuingAgency>
        <containsDINumber xsi:nil="true" />
        <pkgQuantity xsi:nil="true" />
        <pkgDiscontinueDate xsi:nil="true" />
        <pkgStatus xsi:nil="true" />
        <pkgType xsi:nil="true" />
      </identifier>
    </identifiers>
    <brandName>Ballard* 24-Hour Oral Care Kit</brandName>
    <versionModelNumber>97021</versionModelNumber>
    <catalogNumber>97021</catalogNumber>
    <dunsNumber>079375431</dunsNumber>
    <companyName>Avanos Medical, Inc.</companyName>
    <deviceCount>1</deviceCount>
    <deviceDescription>BALLARD* ORAL CARE q4 KIT</deviceDescription>
    <DMExempt>false</DMExempt>
    <premarketExempt>true</premarketExempt>
    <deviceHCTP>false</deviceHCTP>
    <deviceKit>true</deviceKit>
    <deviceCombinationProduct>true</deviceCombinationProduct>
    <singleUse>true</singleUse>
    <lotBatch>true</lotBatch>
    <serialNumber>false</serialNumber>
    <manufacturingDate>false</manufacturingDate>
    <expirationDate>false</expirationDate>
    <donationIdNumber>false</donationIdNumber>
    <labeledContainsNRL>false</labeledContainsNRL>
    <labeledNoNRL>false</labeledNoNRL>
    <MRISafetyStatus>Labeling does not contain MRI Safety Information</MRISafetyStatus>
    <rx>false</rx>
    <otc>false</otc>
    <contacts>
      <customerContact>
        <phone>+1(844)428-2667</phone>
        <phoneExtension xsi:nil="true" />
        <email>PIQ@AVANOS.COM</email>
      </customerContact>
    </contacts>
    <gmdnTerms>
      <gmdn>
        <gmdnCode>45172</gmdnCode>
        <gmdnPTName>Oral care kit, single-use</gmdnPTName>
        <gmdnPTDefinition>A collection of various devices and supplies used for a patient's oral hygiene. It typically includes an antiseptic applicator swab, a pre-treated toothbrush, mouth swabs, and a mouthwash/oral moisturizer. Its use will improve the physical condition of the oral cavity and may help reduce the incidence of patient infection. It is typically applied by nursing staff in hospitals and institutions, or attendants in home care settings. This is a single-use device.</gmdnPTDefinition>
        <implantable>false</implantable>
        <gmdnCodeStatus>Active</gmdnCodeStatus>
      </gmdn>
    </gmdnTerms>
    <productCodes>
      <fdaProductCode>
        <productCode>NSB</productCode>
        <productCodeName>Patient personal hygiene kit</productCodeName>
      </fdaProductCode>
    </productCodes>
    <deviceSizes />
    <environmentalConditions />
    <sterilization>
      <deviceSterile>false</deviceSterile>
      <sterilizationPriorToUse>false</sterilizationPriorToUse>
      <methodTypes />
    </sterilization>
  </device>
  <device xmlns:xsi="http://www.w3.org/2001/XMLSchema-instance" xmlns="http://www.fda.gov/cdrh/gudid">
    <publicDeviceRecordKey>e87fd866-75aa-4914-bc88-93f80f505ea7</publicDeviceRecordKey>
    <publicVersionStatus>Update</publicVersionStatus>
    <deviceRecordStatus>Published</deviceRecordStatus>
    <!--Note: publicVersionNumber is system generated and assigned to all device records to track public release updates to a device record-->
    <publicVersionNumber>2</publicVersionNumber>
    <publicVersionDate>2023-06-21</publicVersionDate>
    <devicePublishDate>2020-07-02</devicePublishDate>
    <deviceCommDistributionEndDate xsi:nil="true" />
    <deviceCommDistributionStatus>In Commercial Distribution</deviceCommDistributionStatus>
    <identifiers>
      <identifier>
        <deviceId>10609038970209</deviceId>
        <deviceIdType>Package</deviceIdType>
        <deviceIdIssuingAgency>GS1</deviceIdIssuingAgency>
        <containsDINumber>00609038970202</containsDINumber>
        <pkgQuantity>7</pkgQuantity>
        <pkgDiscontinueDate xsi:nil="true" />
        <pkgStatus>In Commercial Distribution</pkgStatus>
        <pkgType>CS</pkgType>
      </identifier>
      <identifier>
        <deviceId>00609038970202</deviceId>
        <deviceIdType>Primary</deviceIdType>
        <deviceIdIssuingAgency>GS1</deviceIdIssuingAgency>
        <containsDINumber xsi:nil="true" />
        <pkgQuantity xsi:nil="true" />
        <pkgDiscontinueDate xsi:nil="true" />
        <pkgStatus xsi:nil="true" />
        <pkgType xsi:nil="true" />
      </identifier>
    </identifiers>
    <brandName>Ballard* 24-Hour Oral Care Kit</brandName>
    <versionModelNumber>97020</versionModelNumber>
    <catalogNumber>97020</catalogNumber>
    <dunsNumber>079375431</dunsNumber>
    <companyName>Avanos Medical, Inc.</companyName>
    <deviceCount>1</deviceCount>
    <deviceDescription>BALLARD* ORAL CARE q2 KIT</deviceDescription>
    <DMExempt>false</DMExempt>
    <premarketExempt>true</premarketExempt>
    <deviceHCTP>false</deviceHCTP>
    <deviceKit>true</deviceKit>
    <deviceCombinationProduct>true</deviceCombinationProduct>
    <singleUse>true</singleUse>
    <lotBatch>true</lotBatch>
    <serialNumber>false</serialNumber>
    <manufacturingDate>false</manufacturingDate>
    <expirationDate>false</expirationDate>
    <donationIdNumber>false</donationIdNumber>
    <labeledContainsNRL>false</labeledContainsNRL>
    <labeledNoNRL>false</labeledNoNRL>
    <MRISafetyStatus>Labeling does not contain MRI Safety Information</MRISafetyStatus>
    <rx>false</rx>
    <otc>false</otc>
    <contacts>
      <customerContact>
        <phone>+1(844)428-2667</phone>
        <phoneExtension xsi:nil="true" />
        <email>PIQ@AVANOS.COM</email>
      </customerContact>
    </contacts>
    <gmdnTerms>
      <gmdn>
        <gmdnCode>45172</gmdnCode>
        <gmdnPTName>Oral care kit, single-use</gmdnPTName>
        <gmdnPTDefinition>A collection of various devices and supplies used for a patient's oral hygiene. It typically includes an antiseptic applicator swab, a pre-treated toothbrush, mouth swabs, and a mouthwash/oral moisturizer. Its use will improve the physical condition of the oral cavity and may help reduce the incidence of patient infection. It is typically applied by nursing staff in hospitals and institutions, or attendants in home care settings. This is a single-use device.</gmdnPTDefinition>
        <implantable>false</implantable>
        <gmdnCodeStatus>Active</gmdnCodeStatus>
      </gmdn>
    </gmdnTerms>
    <productCodes>
      <fdaProductCode>
        <productCode>NSB</productCode>
        <productCodeName>Patient personal hygiene kit</productCodeName>
      </fdaProductCode>
    </productCodes>
    <deviceSizes />
    <environmentalConditions />
    <sterilization>
      <deviceSterile>false</deviceSterile>
      <sterilizationPriorToUse>false</sterilizationPriorToUse>
      <methodTypes />
    </sterilization>
  </device>
  <device xmlns:xsi="http://www.w3.org/2001/XMLSchema-instance" xmlns="http://www.fda.gov/cdrh/gudid">
    <publicDeviceRecordKey>bb37e8d5-5432-4655-a9aa-ca9b425169af</publicDeviceRecordKey>
    <publicVersionStatus>Update</publicVersionStatus>
    <deviceRecordStatus>Published</deviceRecordStatus>
    <!--Note: publicVersionNumber is system generated and assigned to all device records to track public release updates to a device record-->
    <publicVersionNumber>2</publicVersionNumber>
    <publicVersionDate>2023-02-13</publicVersionDate>
    <devicePublishDate>2020-06-09</devicePublishDate>
    <deviceCommDistributionEndDate xsi:nil="true" />
    <deviceCommDistributionStatus>In Commercial Distribution</deviceCommDistributionStatus>
    <identifiers>
      <identifier>
        <deviceId>10609038968961</deviceId>
        <deviceIdType>Package</deviceIdType>
        <deviceIdIssuingAgency>GS1</deviceIdIssuingAgency>
        <containsDINumber>00609038968964</containsDINumber>
        <pkgQuantity>25</pkgQuantity>
        <pkgDiscontinueDate xsi:nil="true" />
        <pkgStatus>In Commercial Distribution</pkgStatus>
        <pkgType>CS</pkgType>
      </identifier>
      <identifier>
        <deviceId>00609038968964</deviceId>
        <deviceIdType>Primary</deviceIdType>
        <deviceIdIssuingAgency>GS1</deviceIdIssuingAgency>
        <containsDINumber xsi:nil="true" />
        <pkgQuantity xsi:nil="true" />
        <pkgDiscontinueDate xsi:nil="true" />
        <pkgStatus xsi:nil="true" />
        <pkgType xsi:nil="true" />
      </identifier>
    </identifiers>
    <brandName>BALLARD</brandName>
    <versionModelNumber>96896</versionModelNumber>
    <catalogNumber>12602</catalogNumber>
    <dunsNumber>079375431</dunsNumber>
    <companyName>Avanos Medical, Inc.</companyName>
    <deviceCount>1</deviceCount>
    <deviceDescription>Oral Care Suction Toothbrush</deviceDescription>
    <DMExempt>false</DMExempt>
    <premarketExempt>true</premarketExempt>
    <deviceHCTP>false</deviceHCTP>
    <deviceKit>false</deviceKit>
    <deviceCombinationProduct>false</deviceCombinationProduct>
    <singleUse>true</singleUse>
    <lotBatch>true</lotBatch>
    <serialNumber>false</serialNumber>
    <manufacturingDate>true</manufacturingDate>
    <expirationDate>false</expirationDate>
    <donationIdNumber>false</donationIdNumber>
    <labeledContainsNRL>false</labeledContainsNRL>
    <labeledNoNRL>false</labeledNoNRL>
    <MRISafetyStatus>Labeling does not contain MRI Safety Information</MRISafetyStatus>
    <rx>false</rx>
    <otc>false</otc>
    <contacts>
      <customerContact>
        <phone>+1(844)428-2667</phone>
        <phoneExtension xsi:nil="true" />
        <email>PIQ@AVANOS.COM</email>
      </customerContact>
    </contacts>
    <gmdnTerms>
      <gmdn>
        <gmdnCode>45172</gmdnCode>
        <gmdnPTName>Oral care kit, single-use</gmdnPTName>
        <gmdnPTDefinition>A collection of various devices and supplies used for a patient's oral hygiene. It typically includes an antiseptic applicator swab, a pre-treated toothbrush, mouth swabs, and a mouthwash/oral moisturizer. Its use will improve the physical condition of the oral cavity and may help reduce the incidence of patient infection. It is typically applied by nursing staff in hospitals and institutions, or attendants in home care settings. This is a single-use device.</gmdnPTDefinition>
        <implantable>false</implantable>
        <gmdnCodeStatus>Active</gmdnCodeStatus>
      </gmdn>
    </gmdnTerms>
    <productCodes>
      <fdaProductCode>
        <productCode>EFW</productCode>
        <productCodeName>TOOTHBRUSH, MANUAL</productCodeName>
      </fdaProductCode>
    </productCodes>
    <deviceSizes />
    <environmentalConditions />
    <sterilization>
      <deviceSterile>false</deviceSterile>
      <sterilizationPriorToUse>false</sterilizationPriorToUse>
      <methodTypes />
    </sterilization>
  </device>
  <device xmlns:xsi="http://www.w3.org/2001/XMLSchema-instance" xmlns="http://www.fda.gov/cdrh/gudid">
    <publicDeviceRecordKey>87ff7f45-2b12-43fa-8151-5f8972d836a5</publicDeviceRecordKey>
    <publicVersionStatus>Update</publicVersionStatus>
    <deviceRecordStatus>Published</deviceRecordStatus>
    <!--Note: publicVersionNumber is system generated and assigned to all device records to track public release updates to a device record-->
    <publicVersionNumber>2</publicVersionNumber>
    <publicVersionDate>2023-06-21</publicVersionDate>
    <devicePublishDate>2020-07-02</devicePublishDate>
    <deviceCommDistributionEndDate xsi:nil="true" />
    <deviceCommDistributionStatus>In Commercial Distribution</deviceCommDistributionStatus>
    <identifiers>
      <identifier>
        <deviceId>10609038474493</deviceId>
        <deviceIdType>Package</deviceIdType>
        <deviceIdIssuingAgency>GS1</deviceIdIssuingAgency>
        <containsDINumber>00609038474496</containsDINumber>
        <pkgQuantity>20</pkgQuantity>
        <pkgDiscontinueDate xsi:nil="true" />
        <pkgStatus>In Commercial Distribution</pkgStatus>
        <pkgType>CS</pkgType>
      </identifier>
      <identifier>
        <deviceId>00609038474496</deviceId>
        <deviceIdType>Primary</deviceIdType>
        <deviceIdIssuingAgency>GS1</deviceIdIssuingAgency>
        <containsDINumber xsi:nil="true" />
        <pkgQuantity xsi:nil="true" />
        <pkgDiscontinueDate xsi:nil="true" />
        <pkgStatus xsi:nil="true" />
        <pkgType xsi:nil="true" />
      </identifier>
    </identifiers>
    <brandName>Ballard* Assisted Care 24-Hour Oral Care Kit</brandName>
    <versionModelNumber>47449</versionModelNumber>
    <catalogNumber>970160</catalogNumber>
    <dunsNumber>079375431</dunsNumber>
    <companyName>Avanos Medical, Inc.</companyName>
    <deviceCount>1</deviceCount>
    <deviceDescription>AVANOS* Assisted Care 24-Hour Oral Care Kit, with CHG</deviceDescription>
    <DMExempt>false</DMExempt>
    <premarketExempt>true</premarketExempt>
    <deviceHCTP>false</deviceHCTP>
    <deviceKit>false</deviceKit>
    <deviceCombinationProduct>false</deviceCombinationProduct>
    <singleUse>true</singleUse>
    <lotBatch>true</lotBatch>
    <serialNumber>false</serialNumber>
    <manufacturingDate>false</manufacturingDate>
    <expirationDate>false</expirationDate>
    <donationIdNumber>false</donationIdNumber>
    <labeledContainsNRL>false</labeledContainsNRL>
    <labeledNoNRL>false</labeledNoNRL>
    <MRISafetyStatus>Labeling does not contain MRI Safety Information</MRISafetyStatus>
    <rx>false</rx>
    <otc>false</otc>
    <contacts>
      <customerContact>
        <phone>+1(844)428-2667</phone>
        <phoneExtension xsi:nil="true" />
        <email>PIQ@AVANOS.COM</email>
      </customerContact>
    </contacts>
    <gmdnTerms>
      <gmdn>
        <gmdnCode>45172</gmdnCode>
        <gmdnPTName>Oral care kit, single-use</gmdnPTName>
        <gmdnPTDefinition>A collection of various devices and supplies used for a patient's oral hygiene. It typically includes an antiseptic applicator swab, a pre-treated toothbrush, mouth swabs, and a mouthwash/oral moisturizer. Its use will improve the physical condition of the oral cavity and may help reduce the incidence of patient infection. It is typically applied by nursing staff in hospitals and institutions, or attendants in home care settings. This is a single-use device.</gmdnPTDefinition>
        <implantable>false</implantable>
        <gmdnCodeStatus>Active</gmdnCodeStatus>
      </gmdn>
    </gmdnTerms>
    <productCodes>
      <fdaProductCode>
        <productCode>NSB</productCode>
        <productCodeName>Patient personal hygiene kit</productCodeName>
      </fdaProductCode>
    </productCodes>
    <deviceSizes />
    <environmentalConditions />
    <sterilization>
      <deviceSterile>false</deviceSterile>
      <sterilizationPriorToUse>false</sterilizationPriorToUse>
      <methodTypes />
    </sterilization>
  </device>
  <device xmlns:xsi="http://www.w3.org/2001/XMLSchema-instance" xmlns="http://www.fda.gov/cdrh/gudid">
    <publicDeviceRecordKey>b91cee0f-a530-4b7d-8b0c-1e509e0ad963</publicDeviceRecordKey>
    <publicVersionStatus>Update</publicVersionStatus>
    <deviceRecordStatus>Published</deviceRecordStatus>
    <!--Note: publicVersionNumber is system generated and assigned to all device records to track public release updates to a device record-->
    <publicVersionNumber>2</publicVersionNumber>
    <publicVersionDate>2023-06-21</publicVersionDate>
    <devicePublishDate>2020-07-02</devicePublishDate>
    <deviceCommDistributionEndDate xsi:nil="true" />
    <deviceCommDistributionStatus>In Commercial Distribution</deviceCommDistributionStatus>
    <identifiers>
      <identifier>
        <deviceId>10609038474486</deviceId>
        <deviceIdType>Package</deviceIdType>
        <deviceIdIssuingAgency>GS1</deviceIdIssuingAgency>
        <containsDINumber>00609038474489</containsDINumber>
        <pkgQuantity>20</pkgQuantity>
        <pkgDiscontinueDate xsi:nil="true" />
        <pkgStatus>In Commercial Distribution</pkgStatus>
        <pkgType>CS</pkgType>
      </identifier>
      <identifier>
        <deviceId>00609038474489</deviceId>
        <deviceIdType>Primary</deviceIdType>
        <deviceIdIssuingAgency>GS1</deviceIdIssuingAgency>
        <containsDINumber xsi:nil="true" />
        <pkgQuantity xsi:nil="true" />
        <pkgDiscontinueDate xsi:nil="true" />
        <pkgStatus xsi:nil="true" />
        <pkgType xsi:nil="true" />
      </identifier>
    </identifiers>
    <brandName>Ballard* Assisted Care 24-Hour Oral Care Kit</brandName>
    <versionModelNumber>47448</versionModelNumber>
    <catalogNumber>970600</catalogNumber>
    <dunsNumber>079375431</dunsNumber>
    <companyName>Avanos Medical, Inc.</companyName>
    <deviceCount>1</deviceCount>
    <deviceDescription>AVANOS* Assisted Care 24-Hour Oral Care Kit</deviceDescription>
    <DMExempt>false</DMExempt>
    <premarketExempt>true</premarketExempt>
    <deviceHCTP>false</deviceHCTP>
    <deviceKit>false</deviceKit>
    <deviceCombinationProduct>false</deviceCombinationProduct>
    <singleUse>true</singleUse>
    <lotBatch>true</lotBatch>
    <serialNumber>false</serialNumber>
    <manufacturingDate>false</manufacturingDate>
    <expirationDate>false</expirationDate>
    <donationIdNumber>false</donationIdNumber>
    <labeledContainsNRL>false</labeledContainsNRL>
    <labeledNoNRL>false</labeledNoNRL>
    <MRISafetyStatus>Labeling does not contain MRI Safety Information</MRISafetyStatus>
    <rx>false</rx>
    <otc>false</otc>
    <contacts>
      <customerContact>
        <phone>+1(844)428-2667</phone>
        <phoneExtension xsi:nil="true" />
        <email>PIQ@AVANOS.COM</email>
      </customerContact>
    </contacts>
    <gmdnTerms>
      <gmdn>
        <gmdnCode>45172</gmdnCode>
        <gmdnPTName>Oral care kit, single-use</gmdnPTName>
        <gmdnPTDefinition>A collection of various devices and supplies used for a patient's oral hygiene. It typically includes an antiseptic applicator swab, a pre-treated toothbrush, mouth swabs, and a mouthwash/oral moisturizer. Its use will improve the physical condition of the oral cavity and may help reduce the incidence of patient infection. It is typically applied by nursing staff in hospitals and institutions, or attendants in home care settings. This is a single-use device.</gmdnPTDefinition>
        <implantable>false</implantable>
        <gmdnCodeStatus>Active</gmdnCodeStatus>
      </gmdn>
    </gmdnTerms>
    <productCodes>
      <fdaProductCode>
        <productCode>NSB</productCode>
        <productCodeName>Patient personal hygiene kit</productCodeName>
      </fdaProductCode>
    </productCodes>
    <deviceSizes />
    <environmentalConditions />
    <sterilization>
      <deviceSterile>false</deviceSterile>
      <sterilizationPriorToUse>false</sterilizationPriorToUse>
      <methodTypes />
    </sterilization>
  </device>
  <device xmlns:xsi="http://www.w3.org/2001/XMLSchema-instance" xmlns="http://www.fda.gov/cdrh/gudid">
    <publicDeviceRecordKey>96f57de4-2f50-4089-9902-818c59ed4efd</publicDeviceRecordKey>
    <publicVersionStatus>Update</publicVersionStatus>
    <deviceRecordStatus>Published</deviceRecordStatus>
    <!--Note: publicVersionNumber is system generated and assigned to all device records to track public release updates to a device record-->
    <publicVersionNumber>2</publicVersionNumber>
    <publicVersionDate>2023-06-21</publicVersionDate>
    <devicePublishDate>2020-07-02</devicePublishDate>
    <deviceCommDistributionEndDate xsi:nil="true" />
    <deviceCommDistributionStatus>In Commercial Distribution</deviceCommDistributionStatus>
    <identifiers>
      <identifier>
        <deviceId>10609038452552</deviceId>
        <deviceIdType>Package</deviceIdType>
        <deviceIdIssuingAgency>GS1</deviceIdIssuingAgency>
        <containsDINumber>00609038452555</containsDINumber>
        <pkgQuantity>16</pkgQuantity>
        <pkgDiscontinueDate xsi:nil="true" />
        <pkgStatus>In Commercial Distribution</pkgStatus>
        <pkgType>CS</pkgType>
      </identifier>
      <identifier>
        <deviceId>00609038452555</deviceId>
        <deviceIdType>Primary</deviceIdType>
        <deviceIdIssuingAgency>GS1</deviceIdIssuingAgency>
        <containsDINumber xsi:nil="true" />
        <pkgQuantity xsi:nil="true" />
        <pkgDiscontinueDate xsi:nil="true" />
        <pkgStatus xsi:nil="true" />
        <pkgType xsi:nil="true" />
      </identifier>
    </identifiers>
    <brandName>Ballard* mini 24-Hour Oral Care Kit</brandName>
    <versionModelNumber>45255</versionModelNumber>
    <catalogNumber>970008</catalogNumber>
    <dunsNumber>079375431</dunsNumber>
    <companyName>Avanos Medical, Inc.</companyName>
    <deviceCount>1</deviceCount>
    <deviceDescription>BALLARD* MINI ORAL CARE KIT</deviceDescription>
    <DMExempt>false</DMExempt>
    <premarketExempt>true</premarketExempt>
    <deviceHCTP>false</deviceHCTP>
    <deviceKit>true</deviceKit>
    <deviceCombinationProduct>false</deviceCombinationProduct>
    <singleUse>true</singleUse>
    <lotBatch>true</lotBatch>
    <serialNumber>false</serialNumber>
    <manufacturingDate>false</manufacturingDate>
    <expirationDate>false</expirationDate>
    <donationIdNumber>false</donationIdNumber>
    <labeledContainsNRL>false</labeledContainsNRL>
    <labeledNoNRL>false</labeledNoNRL>
    <MRISafetyStatus>Labeling does not contain MRI Safety Information</MRISafetyStatus>
    <rx>false</rx>
    <otc>false</otc>
    <contacts>
      <customerContact>
        <phone>+1(844)428-2667</phone>
        <phoneExtension xsi:nil="true" />
        <email>PIQ@AVANOS.COM</email>
      </customerContact>
    </contacts>
    <gmdnTerms>
      <gmdn>
        <gmdnCode>45172</gmdnCode>
        <gmdnPTName>Oral care kit, single-use</gmdnPTName>
        <gmdnPTDefinition>A collection of various devices and supplies used for a patient's oral hygiene. It typically includes an antiseptic applicator swab, a pre-treated toothbrush, mouth swabs, and a mouthwash/oral moisturizer. Its use will improve the physical condition of the oral cavity and may help reduce the incidence of patient infection. It is typically applied by nursing staff in hospitals and institutions, or attendants in home care settings. This is a single-use device.</gmdnPTDefinition>
        <implantable>false</implantable>
        <gmdnCodeStatus>Active</gmdnCodeStatus>
      </gmdn>
    </gmdnTerms>
    <productCodes>
      <fdaProductCode>
        <productCode>NSB</productCode>
        <productCodeName>Patient personal hygiene kit</productCodeName>
      </fdaProductCode>
    </productCodes>
    <deviceSizes />
    <environmentalConditions />
    <sterilization>
      <deviceSterile>false</deviceSterile>
      <sterilizationPriorToUse>false</sterilizationPriorToUse>
      <methodTypes />
    </sterilization>
  </device>
  <device xmlns:xsi="http://www.w3.org/2001/XMLSchema-instance" xmlns="http://www.fda.gov/cdrh/gudid">
    <publicDeviceRecordKey>c5de3e11-4cfe-4d78-b340-fcffd4e48348</publicDeviceRecordKey>
    <publicVersionStatus>Update</publicVersionStatus>
    <deviceRecordStatus>Published</deviceRecordStatus>
    <!--Note: publicVersionNumber is system generated and assigned to all device records to track public release updates to a device record-->
    <publicVersionNumber>2</publicVersionNumber>
    <publicVersionDate>2023-06-21</publicVersionDate>
    <devicePublishDate>2020-07-02</devicePublishDate>
    <deviceCommDistributionEndDate xsi:nil="true" />
    <deviceCommDistributionStatus>In Commercial Distribution</deviceCommDistributionStatus>
    <identifiers>
      <identifier>
        <deviceId>10609038139040</deviceId>
        <deviceIdType>Package</deviceIdType>
        <deviceIdIssuingAgency>GS1</deviceIdIssuingAgency>
        <containsDINumber>00609038139043</containsDINumber>
        <pkgQuantity>7</pkgQuantity>
        <pkgDiscontinueDate xsi:nil="true" />
        <pkgStatus>In Commercial Distribution</pkgStatus>
        <pkgType>CS</pkgType>
      </identifier>
      <identifier>
        <deviceId>00609038139043</deviceId>
        <deviceIdType>Primary</deviceIdType>
        <deviceIdIssuingAgency>GS1</deviceIdIssuingAgency>
        <containsDINumber xsi:nil="true" />
        <pkgQuantity xsi:nil="true" />
        <pkgDiscontinueDate xsi:nil="true" />
        <pkgStatus xsi:nil="true" />
        <pkgType xsi:nil="true" />
      </identifier>
    </identifiers>
    <brandName>Ballard* 24-Hour Oral Care Kit</brandName>
    <versionModelNumber>13904</versionModelNumber>
    <catalogNumber>97012</catalogNumber>
    <dunsNumber>079375431</dunsNumber>
    <companyName>Avanos Medical, Inc.</companyName>
    <deviceCount>1</deviceCount>
    <deviceDescription>BALLARD* ORAL CARE q2 KIT with CHG</deviceDescription>
    <DMExempt>false</DMExempt>
    <premarketExempt>true</premarketExempt>
    <deviceHCTP>false</deviceHCTP>
    <deviceKit>true</deviceKit>
    <deviceCombinationProduct>false</deviceCombinationProduct>
    <singleUse>true</singleUse>
    <lotBatch>true</lotBatch>
    <serialNumber>false</serialNumber>
    <manufacturingDate>false</manufacturingDate>
    <expirationDate>false</expirationDate>
    <donationIdNumber>false</donationIdNumber>
    <labeledContainsNRL>false</labeledContainsNRL>
    <labeledNoNRL>false</labeledNoNRL>
    <MRISafetyStatus>Labeling does not contain MRI Safety Information</MRISafetyStatus>
    <rx>false</rx>
    <otc>false</otc>
    <contacts>
      <customerContact>
        <phone>+1(844)428-2667</phone>
        <phoneExtension xsi:nil="true" />
        <email>PIQ@AVANOS.COM</email>
      </customerContact>
    </contacts>
    <gmdnTerms>
      <gmdn>
        <gmdnCode>45172</gmdnCode>
        <gmdnPTName>Oral care kit, single-use</gmdnPTName>
        <gmdnPTDefinition>A collection of various devices and supplies used for a patient's oral hygiene. It typically includes an antiseptic applicator swab, a pre-treated toothbrush, mouth swabs, and a mouthwash/oral moisturizer. Its use will improve the physical condition of the oral cavity and may help reduce the incidence of patient infection. It is typically applied by nursing staff in hospitals and institutions, or attendants in home care settings. This is a single-use device.</gmdnPTDefinition>
        <implantable>false</implantable>
        <gmdnCodeStatus>Active</gmdnCodeStatus>
      </gmdn>
    </gmdnTerms>
    <productCodes>
      <fdaProductCode>
        <productCode>NSB</productCode>
        <productCodeName>Patient personal hygiene kit</productCodeName>
      </fdaProductCode>
    </productCodes>
    <deviceSizes />
    <environmentalConditions />
    <sterilization>
      <deviceSterile>false</deviceSterile>
      <sterilizationPriorToUse>false</sterilizationPriorToUse>
      <methodTypes />
    </sterilization>
  </device>
  <device xmlns:xsi="http://www.w3.org/2001/XMLSchema-instance" xmlns="http://www.fda.gov/cdrh/gudid">
    <publicDeviceRecordKey>9933ff06-e10f-4072-a3c0-19402192197f</publicDeviceRecordKey>
    <publicVersionStatus>Update</publicVersionStatus>
    <deviceRecordStatus>Published</deviceRecordStatus>
    <!--Note: publicVersionNumber is system generated and assigned to all device records to track public release updates to a device record-->
    <publicVersionNumber>2</publicVersionNumber>
    <publicVersionDate>2023-06-21</publicVersionDate>
    <devicePublishDate>2020-07-02</devicePublishDate>
    <deviceCommDistributionEndDate xsi:nil="true" />
    <deviceCommDistributionStatus>In Commercial Distribution</deviceCommDistributionStatus>
    <identifiers>
      <identifier>
        <deviceId>10609038139033</deviceId>
        <deviceIdType>Package</deviceIdType>
        <deviceIdIssuingAgency>GS1</deviceIdIssuingAgency>
        <containsDINumber>00609038139036</containsDINumber>
        <pkgQuantity>16</pkgQuantity>
        <pkgDiscontinueDate xsi:nil="true" />
        <pkgStatus>In Commercial Distribution</pkgStatus>
        <pkgType>CS</pkgType>
      </identifier>
      <identifier>
        <deviceId>00609038139036</deviceId>
        <deviceIdType>Primary</deviceIdType>
        <deviceIdIssuingAgency>GS1</deviceIdIssuingAgency>
        <containsDINumber xsi:nil="true" />
        <pkgQuantity xsi:nil="true" />
        <pkgDiscontinueDate xsi:nil="true" />
        <pkgStatus xsi:nil="true" />
        <pkgType xsi:nil="true" />
      </identifier>
    </identifiers>
    <brandName>Ballard* 24-Hour Oral Care Kit</brandName>
    <versionModelNumber>13903</versionModelNumber>
    <catalogNumber>97014</catalogNumber>
    <dunsNumber>079375431</dunsNumber>
    <companyName>Avanos Medical, Inc.</companyName>
    <deviceCount>1</deviceCount>
    <deviceDescription>BALLARD* ORAL CARE q4 KIT with CHG</deviceDescription>
    <DMExempt>false</DMExempt>
    <premarketExempt>true</premarketExempt>
    <deviceHCTP>false</deviceHCTP>
    <deviceKit>true</deviceKit>
    <deviceCombinationProduct>false</deviceCombinationProduct>
    <singleUse>true</singleUse>
    <lotBatch>true</lotBatch>
    <serialNumber>false</serialNumber>
    <manufacturingDate>false</manufacturingDate>
    <expirationDate>false</expirationDate>
    <donationIdNumber>false</donationIdNumber>
    <labeledContainsNRL>false</labeledContainsNRL>
    <labeledNoNRL>false</labeledNoNRL>
    <MRISafetyStatus>Labeling does not contain MRI Safety Information</MRISafetyStatus>
    <rx>false</rx>
    <otc>false</otc>
    <contacts>
      <customerContact>
        <phone>+1(844)428-2667</phone>
        <phoneExtension xsi:nil="true" />
        <email>PIQ@AVANOS.COM</email>
      </customerContact>
    </contacts>
    <gmdnTerms>
      <gmdn>
        <gmdnCode>45172</gmdnCode>
        <gmdnPTName>Oral care kit, single-use</gmdnPTName>
        <gmdnPTDefinition>A collection of various devices and supplies used for a patient's oral hygiene. It typically includes an antiseptic applicator swab, a pre-treated toothbrush, mouth swabs, and a mouthwash/oral moisturizer. Its use will improve the physical condition of the oral cavity and may help reduce the incidence of patient infection. It is typically applied by nursing staff in hospitals and institutions, or attendants in home care settings. This is a single-use device.</gmdnPTDefinition>
        <implantable>false</implantable>
        <gmdnCodeStatus>Active</gmdnCodeStatus>
      </gmdn>
    </gmdnTerms>
    <productCodes>
      <fdaProductCode>
        <productCode>NSB</productCode>
        <productCodeName>Patient personal hygiene kit</productCodeName>
      </fdaProductCode>
    </productCodes>
    <deviceSizes />
    <environmentalConditions />
    <sterilization>
      <deviceSterile>false</deviceSterile>
      <sterilizationPriorToUse>false</sterilizationPriorToUse>
      <methodTypes />
    </sterilization>
  </device>
</devices>