﻿<?xml version="1.0" encoding="UTF-8"?>
<devices>
  <device xmlns:xsi="http://www.w3.org/2001/XMLSchema-instance" xmlns="http://www.fda.gov/cdrh/gudid">
    <publicDeviceRecordKey>007ec714-a1df-4fae-9f71-d112e08fce0d</publicDeviceRecordKey>
    <publicVersionStatus>Update</publicVersionStatus>
    <deviceRecordStatus>Published</deviceRecordStatus>
    <!--Note: publicVersionNumber is system generated and assigned to all device records to track public release updates to a device record-->
    <publicVersionNumber>2</publicVersionNumber>
    <publicVersionDate>2022-06-29</publicVersionDate>
    <devicePublishDate>2022-03-23</devicePublishDate>
    <deviceCommDistributionEndDate>2022-06-28</deviceCommDistributionEndDate>
    <deviceCommDistributionStatus>Not in Commercial Distribution</deviceCommDistributionStatus>
    <identifiers>
      <identifier>
        <deviceId>00810077212134</deviceId>
        <deviceIdType>Unit of Use</deviceIdType>
        <deviceIdIssuingAgency>GS1</deviceIdIssuingAgency>
        <containsDINumber xsi:nil="true" />
        <pkgQuantity xsi:nil="true" />
        <pkgDiscontinueDate xsi:nil="true" />
        <pkgStatus xsi:nil="true" />
        <pkgType xsi:nil="true" />
      </identifier>
      <identifier>
        <deviceId>00647679164215</deviceId>
        <deviceIdType>Primary</deviceIdType>
        <deviceIdIssuingAgency>GS1</deviceIdIssuingAgency>
        <containsDINumber xsi:nil="true" />
        <pkgQuantity xsi:nil="true" />
        <pkgDiscontinueDate xsi:nil="true" />
        <pkgStatus xsi:nil="true" />
        <pkgType xsi:nil="true" />
      </identifier>
    </identifiers>
    <brandName>Avaline Medical NJ LLC</brandName>
    <versionModelNumber>vk048tb</versionModelNumber>
    <catalogNumber>vk048tb</catalogNumber>
    <dunsNumber>079767953</dunsNumber>
    <companyName>Avaline Medical NJ Limited Liability Company</companyName>
    <deviceCount>48</deviceCount>
    <deviceDescription>Disposable Toothbrushes 48</deviceDescription>
    <DMExempt>true</DMExempt>
    <premarketExempt>true</premarketExempt>
    <deviceHCTP>false</deviceHCTP>
    <deviceKit>false</deviceKit>
    <deviceCombinationProduct>false</deviceCombinationProduct>
    <singleUse>true</singleUse>
    <lotBatch>false</lotBatch>
    <serialNumber>false</serialNumber>
    <manufacturingDate>false</manufacturingDate>
    <expirationDate>false</expirationDate>
    <donationIdNumber>false</donationIdNumber>
    <labeledContainsNRL>false</labeledContainsNRL>
    <labeledNoNRL>false</labeledNoNRL>
    <MRISafetyStatus>Labeling does not contain MRI Safety Information</MRISafetyStatus>
    <rx>false</rx>
    <otc>false</otc>
    <contacts>
      <customerContact>
        <phone>+1(732)813-7799</phone>
        <phoneExtension>204</phoneExtension>
        <email>jstein@avalinemedical.com</email>
      </customerContact>
    </contacts>
    <gmdnTerms>
      <gmdn>
        <gmdnCode>31817</gmdnCode>
        <gmdnPTName>Basic manual toothbrush</gmdnPTName>
        <gmdnPTDefinition>An instrument designed to be used by a patient to manually brush clean their teeth and gums (i.e., remove plaque, tartar, stains). It typically consists of a proximal handle and distal head with rows of bristles (e.g., nylon) grouped in separate tufts or evenly distributed. The device is typically used with toothpaste. This is a reusable device.</gmdnPTDefinition>
        <implantable>false</implantable>
        <gmdnCodeStatus>Active</gmdnCodeStatus>
      </gmdn>
    </gmdnTerms>
    <productCodes>
      <fdaProductCode>
        <productCode>EFW</productCode>
        <productCodeName>TOOTHBRUSH, MANUAL</productCodeName>
      </fdaProductCode>
    </productCodes>
    <deviceSizes />
    <environmentalConditions />
    <sterilization>
      <deviceSterile>false</deviceSterile>
      <sterilizationPriorToUse>false</sterilizationPriorToUse>
      <methodTypes />
    </sterilization>
  </device>
  <device xmlns:xsi="http://www.w3.org/2001/XMLSchema-instance" xmlns="http://www.fda.gov/cdrh/gudid">
    <publicDeviceRecordKey>c1a7ebb0-ea65-44cb-afd6-79ec10edaf9c</publicDeviceRecordKey>
    <publicVersionStatus>Update</publicVersionStatus>
    <deviceRecordStatus>Published</deviceRecordStatus>
    <!--Note: publicVersionNumber is system generated and assigned to all device records to track public release updates to a device record-->
    <publicVersionNumber>5</publicVersionNumber>
    <publicVersionDate>2023-06-12</publicVersionDate>
    <devicePublishDate>2016-12-13</devicePublishDate>
    <deviceCommDistributionEndDate xsi:nil="true" />
    <deviceCommDistributionStatus>In Commercial Distribution</deviceCommDistributionStatus>
    <identifiers>
      <identifier>
        <deviceId>00647529000113</deviceId>
        <deviceIdType>Primary</deviceIdType>
        <deviceIdIssuingAgency>GS1</deviceIdIssuingAgency>
        <containsDINumber xsi:nil="true" />
        <pkgQuantity xsi:nil="true" />
        <pkgDiscontinueDate xsi:nil="true" />
        <pkgStatus xsi:nil="true" />
        <pkgType xsi:nil="true" />
      </identifier>
      <identifier>
        <deviceId>00647529000281</deviceId>
        <deviceIdType>Package</deviceIdType>
        <deviceIdIssuingAgency>GS1</deviceIdIssuingAgency>
        <containsDINumber>00647529000113</containsDINumber>
        <pkgQuantity>5</pkgQuantity>
        <pkgDiscontinueDate xsi:nil="true" />
        <pkgStatus>In Commercial Distribution</pkgStatus>
        <pkgType>Carton</pkgType>
      </identifier>
    </identifiers>
    <brandName>laserwhite20 Whitening Gel</brandName>
    <versionModelNumber>laserwhite20</versionModelNumber>
    <catalogNumber>7400030</catalogNumber>
    <dunsNumber>152165700</dunsNumber>
    <companyName>Biolase, Inc.</companyName>
    <deviceCount>1</deviceCount>
    <deviceDescription>laserwhite20 Whitening Gel contains 5 patient treatment kits. Each kit contains one syringe of whitening gel base, one syringe of gel activator, one syringe of liquid dam and one syringe of desensitizer. Accessories such as applicators are also included.  The product is intended for use with Biolase diode lasers.  </deviceDescription>
    <DMExempt>false</DMExempt>
    <premarketExempt>false</premarketExempt>
    <deviceHCTP>false</deviceHCTP>
    <deviceKit>true</deviceKit>
    <deviceCombinationProduct>false</deviceCombinationProduct>
    <singleUse>false</singleUse>
    <lotBatch>true</lotBatch>
    <serialNumber>false</serialNumber>
    <manufacturingDate>false</manufacturingDate>
    <expirationDate>true</expirationDate>
    <donationIdNumber>false</donationIdNumber>
    <labeledContainsNRL>false</labeledContainsNRL>
    <labeledNoNRL>false</labeledNoNRL>
    <MRISafetyStatus>Labeling does not contain MRI Safety Information</MRISafetyStatus>
    <rx>true</rx>
    <otc>false</otc>
    <contacts>
      <customerContact>
        <phone>1-800-321-6717</phone>
        <phoneExtension xsi:nil="true" />
        <email>Diodeservice@biolase.com</email>
      </customerContact>
    </contacts>
    <gmdnTerms>
      <gmdn>
        <gmdnCode>45232</gmdnCode>
        <gmdnPTName>Dental coating, tooth-desensitizing</gmdnPTName>
        <gmdnPTDefinition>A substance intended to be applied to exposed dentine (resulting from enamel erosion, breakage, or gingival recession) to treat dental hypersensitivity caused by physical, chemical, and physiological agents (e.g., cold, heat, contact, acid, bruxism) by forming a barrier within the dentine tubules. It is a mixture of synthetic and/or plant-derived ingredients in fluid form (e.g., gel, mouth-rinse resin, varnish); it may also have antimicrobial properties or contain fluoride for caries prevention. It is normally available [non-prescription] over-the-counter (OTC) for use in the home or healthcare facility. After application, this device cannot be reused.</gmdnPTDefinition>
        <implantable>false</implantable>
        <gmdnCodeStatus>Obsolete</gmdnCodeStatus>
      </gmdn>
    </gmdnTerms>
    <productCodes>
      <fdaProductCode>
        <productCode>LBH</productCode>
        <productCodeName>Varnish, Cavity</productCodeName>
      </fdaProductCode>
    </productCodes>
    <deviceSizes />
    <environmentalConditions>
      <storageHandling>
        <storageHandlingType>Storage Environment Temperature</storageHandlingType>
        <storageHandlingHigh value="8" unit="Degrees Celsius" />
        <storageHandlingLow value="2" unit="Degrees Celsius" />
        <storageHandlingSpecialConditionText xsi:nil="true" />
      </storageHandling>
    </environmentalConditions>
    <sterilization>
      <deviceSterile>false</deviceSterile>
      <sterilizationPriorToUse>false</sterilizationPriorToUse>
      <methodTypes />
    </sterilization>
  </device>
  <device xmlns:xsi="http://www.w3.org/2001/XMLSchema-instance" xmlns="http://www.fda.gov/cdrh/gudid">
    <publicDeviceRecordKey>b36bae76-d3ab-426f-b0d9-7777d282cdfe</publicDeviceRecordKey>
    <publicVersionStatus>Update</publicVersionStatus>
    <deviceRecordStatus>Published</deviceRecordStatus>
    <!--Note: publicVersionNumber is system generated and assigned to all device records to track public release updates to a device record-->
    <publicVersionNumber>3</publicVersionNumber>
    <publicVersionDate>2018-07-06</publicVersionDate>
    <devicePublishDate>2017-12-15</devicePublishDate>
    <deviceCommDistributionEndDate xsi:nil="true" />
    <deviceCommDistributionStatus>In Commercial Distribution</deviceCommDistributionStatus>
    <identifiers>
      <identifier>
        <deviceId>00643169965010</deviceId>
        <deviceIdType>Primary</deviceIdType>
        <deviceIdIssuingAgency>GS1</deviceIdIssuingAgency>
        <containsDINumber xsi:nil="true" />
        <pkgQuantity xsi:nil="true" />
        <pkgDiscontinueDate xsi:nil="true" />
        <pkgStatus xsi:nil="true" />
        <pkgType xsi:nil="true" />
      </identifier>
    </identifiers>
    <brandName>GRAFTON® DBM</brandName>
    <versionModelNumber>T43204INT</versionModelNumber>
    <catalogNumber xsi:nil="true" />
    <dunsNumber>830350380</dunsNumber>
    <companyName>MEDTRONIC SOFAMOR DANEK, INC.</companyName>
    <deviceCount>1</deviceCount>
    <deviceDescription>DBM T43204INT 0.25CC GRAFTON PUTTY SYRNG</deviceDescription>
    <DMExempt>false</DMExempt>
    <premarketExempt>false</premarketExempt>
    <deviceHCTP>true</deviceHCTP>
    <deviceKit>false</deviceKit>
    <deviceCombinationProduct>false</deviceCombinationProduct>
    <singleUse>true</singleUse>
    <lotBatch>false</lotBatch>
    <serialNumber>true</serialNumber>
    <manufacturingDate>false</manufacturingDate>
    <expirationDate>false</expirationDate>
    <donationIdNumber>true</donationIdNumber>
    <labeledContainsNRL>false</labeledContainsNRL>
    <labeledNoNRL>false</labeledNoNRL>
    <MRISafetyStatus>MR Safe</MRISafetyStatus>
    <rx>true</rx>
    <otc>false</otc>
    <contacts>
      <customerContact>
        <phone>+1(800)633-8766</phone>
        <phoneExtension xsi:nil="true" />
        <email>Corporate.UDI@medtronic.com</email>
      </customerContact>
    </contacts>
    <premarketSubmissions>
      <premarketSubmission>
        <submissionNumber>K051188</submissionNumber>
        <supplementNumber>000</supplementNumber>
      </premarketSubmission>
    </premarketSubmissions>
    <gmdnTerms>
      <gmdn>
        <gmdnCode>47257</gmdnCode>
        <gmdnPTName>Bone matrix implant, human-derived</gmdnPTName>
        <gmdnPTDefinition>An sterile implantable device made primarily of human demineralized bone matrix (DBM) (acid extraction of allogeneic bone resulting in loss of most of the mineralized component but retention of proteins) intended to fill bony voids or gaps caused by trauma or surgery, including use in the maxillofacial and/or mandibular bone. The device is bioabsorbable, osteoconductive, and has demonstrated at least potential osteoinductivity for the stimulation of new bone growth. The DBM may be combined with various carrier compounds (e.g., gelatin, hydrogel, starch) or other materials. It is available in the form of powder, crushed granules, putty, chips, or a gel that can be injected through a syringe.</gmdnPTDefinition>
        <implantable>true</implantable>
        <gmdnCodeStatus>Active</gmdnCodeStatus>
      </gmdn>
    </gmdnTerms>
    <productCodes>
      <fdaProductCode>
        <productCode>NUN</productCode>
        <productCodeName>BONE GRAFTING MATERIAL, HUMAN SOURCE</productCodeName>
      </fdaProductCode>
    </productCodes>
    <deviceSizes />
    <environmentalConditions />
    <sterilization>
      <deviceSterile>true</deviceSterile>
      <sterilizationPriorToUse>false</sterilizationPriorToUse>
      <methodTypes />
    </sterilization>
  </device>
  <device xmlns:xsi="http://www.w3.org/2001/XMLSchema-instance" xmlns="http://www.fda.gov/cdrh/gudid">
    <publicDeviceRecordKey>86a03ad4-26ea-4577-ba86-f0505901e23f</publicDeviceRecordKey>
    <publicVersionStatus>New</publicVersionStatus>
    <deviceRecordStatus>Published</deviceRecordStatus>
    <!--Note: publicVersionNumber is system generated and assigned to all device records to track public release updates to a device record-->
    <publicVersionNumber>1</publicVersionNumber>
    <publicVersionDate>2018-09-17</publicVersionDate>
    <devicePublishDate>2018-08-17</devicePublishDate>
    <deviceCommDistributionEndDate xsi:nil="true" />
    <deviceCommDistributionStatus>In Commercial Distribution</deviceCommDistributionStatus>
    <identifiers>
      <identifier>
        <deviceId>00643169965003</deviceId>
        <deviceIdType>Primary</deviceIdType>
        <deviceIdIssuingAgency>GS1</deviceIdIssuingAgency>
        <containsDINumber xsi:nil="true" />
        <pkgQuantity xsi:nil="true" />
        <pkgDiscontinueDate xsi:nil="true" />
        <pkgStatus xsi:nil="true" />
        <pkgType xsi:nil="true" />
      </identifier>
    </identifiers>
    <brandName>GRAFTON® DBM</brandName>
    <versionModelNumber>T43110INT</versionModelNumber>
    <catalogNumber xsi:nil="true" />
    <dunsNumber>830350380</dunsNumber>
    <companyName>MEDTRONIC SOFAMOR DANEK, INC.</companyName>
    <deviceCount>1</deviceCount>
    <deviceDescription>DBM T43110INT 10CC GRAFTON PUTTY</deviceDescription>
    <DMExempt>false</DMExempt>
    <premarketExempt>false</premarketExempt>
    <deviceHCTP>true</deviceHCTP>
    <deviceKit>false</deviceKit>
    <deviceCombinationProduct>false</deviceCombinationProduct>
    <singleUse>true</singleUse>
    <lotBatch>false</lotBatch>
    <serialNumber>true</serialNumber>
    <manufacturingDate>false</manufacturingDate>
    <expirationDate>false</expirationDate>
    <donationIdNumber>true</donationIdNumber>
    <labeledContainsNRL>false</labeledContainsNRL>
    <labeledNoNRL>false</labeledNoNRL>
    <MRISafetyStatus>MR Safe</MRISafetyStatus>
    <rx>true</rx>
    <otc>false</otc>
    <contacts>
      <customerContact>
        <phone>+1(800)633-8766</phone>
        <phoneExtension xsi:nil="true" />
        <email>Corporate.UDI@medtronic.com</email>
      </customerContact>
    </contacts>
    <premarketSubmissions>
      <premarketSubmission>
        <submissionNumber>K051188</submissionNumber>
        <supplementNumber>000</supplementNumber>
      </premarketSubmission>
    </premarketSubmissions>
    <gmdnTerms>
      <gmdn>
        <gmdnCode>47257</gmdnCode>
        <gmdnPTName>Bone matrix implant, human-derived</gmdnPTName>
        <gmdnPTDefinition>An sterile implantable device made primarily of human demineralized bone matrix (DBM) (acid extraction of allogeneic bone resulting in loss of most of the mineralized component but retention of proteins) intended to fill bony voids or gaps caused by trauma or surgery, including use in the maxillofacial and/or mandibular bone. The device is bioabsorbable, osteoconductive, and has demonstrated at least potential osteoinductivity for the stimulation of new bone growth. The DBM may be combined with various carrier compounds (e.g., gelatin, hydrogel, starch) or other materials. It is available in the form of powder, crushed granules, putty, chips, or a gel that can be injected through a syringe.</gmdnPTDefinition>
        <implantable>true</implantable>
        <gmdnCodeStatus>Active</gmdnCodeStatus>
      </gmdn>
    </gmdnTerms>
    <productCodes>
      <fdaProductCode>
        <productCode>NUN</productCode>
        <productCodeName>BONE GRAFTING MATERIAL, HUMAN SOURCE</productCodeName>
      </fdaProductCode>
    </productCodes>
    <deviceSizes>
      <deviceSize>
        <sizeType>Device Size Text, specify</sizeType>
        <size value="" unit="" />
        <sizeText>10cc</sizeText>
      </deviceSize>
    </deviceSizes>
    <environmentalConditions />
    <sterilization>
      <deviceSterile>true</deviceSterile>
      <sterilizationPriorToUse>false</sterilizationPriorToUse>
      <methodTypes />
    </sterilization>
  </device>
  <device xmlns:xsi="http://www.w3.org/2001/XMLSchema-instance" xmlns="http://www.fda.gov/cdrh/gudid">
    <publicDeviceRecordKey>87d293cb-8ce4-4049-b54a-37e3113dd74c</publicDeviceRecordKey>
    <publicVersionStatus>New</publicVersionStatus>
    <deviceRecordStatus>Published</deviceRecordStatus>
    <!--Note: publicVersionNumber is system generated and assigned to all device records to track public release updates to a device record-->
    <publicVersionNumber>1</publicVersionNumber>
    <publicVersionDate>2018-07-12</publicVersionDate>
    <devicePublishDate>2018-06-11</devicePublishDate>
    <deviceCommDistributionEndDate xsi:nil="true" />
    <deviceCommDistributionStatus>In Commercial Distribution</deviceCommDistributionStatus>
    <identifiers>
      <identifier>
        <deviceId>00643169964990</deviceId>
        <deviceIdType>Primary</deviceIdType>
        <deviceIdIssuingAgency>GS1</deviceIdIssuingAgency>
        <containsDINumber xsi:nil="true" />
        <pkgQuantity xsi:nil="true" />
        <pkgDiscontinueDate xsi:nil="true" />
        <pkgStatus xsi:nil="true" />
        <pkgType xsi:nil="true" />
      </identifier>
    </identifiers>
    <brandName>GRAFTON® DBM</brandName>
    <versionModelNumber>T43105INT</versionModelNumber>
    <catalogNumber xsi:nil="true" />
    <dunsNumber>830350380</dunsNumber>
    <companyName>MEDTRONIC SOFAMOR DANEK, INC.</companyName>
    <deviceCount>1</deviceCount>
    <deviceDescription>DBM T43105INT 5CC GRAFTON PUTTY</deviceDescription>
    <DMExempt>false</DMExempt>
    <premarketExempt>false</premarketExempt>
    <deviceHCTP>true</deviceHCTP>
    <deviceKit>false</deviceKit>
    <deviceCombinationProduct>false</deviceCombinationProduct>
    <singleUse>true</singleUse>
    <lotBatch>false</lotBatch>
    <serialNumber>true</serialNumber>
    <manufacturingDate>false</manufacturingDate>
    <expirationDate>false</expirationDate>
    <donationIdNumber>true</donationIdNumber>
    <labeledContainsNRL>false</labeledContainsNRL>
    <labeledNoNRL>false</labeledNoNRL>
    <MRISafetyStatus>MR Safe</MRISafetyStatus>
    <rx>true</rx>
    <otc>false</otc>
    <contacts>
      <customerContact>
        <phone>+1(800)633-8766</phone>
        <phoneExtension xsi:nil="true" />
        <email>Corporate.UDI@medtronic.com</email>
      </customerContact>
    </contacts>
    <premarketSubmissions>
      <premarketSubmission>
        <submissionNumber>K051195</submissionNumber>
        <supplementNumber>000</supplementNumber>
      </premarketSubmission>
    </premarketSubmissions>
    <gmdnTerms>
      <gmdn>
        <gmdnCode>47257</gmdnCode>
        <gmdnPTName>Bone matrix implant, human-derived</gmdnPTName>
        <gmdnPTDefinition>An sterile implantable device made primarily of human demineralized bone matrix (DBM) (acid extraction of allogeneic bone resulting in loss of most of the mineralized component but retention of proteins) intended to fill bony voids or gaps caused by trauma or surgery, including use in the maxillofacial and/or mandibular bone. The device is bioabsorbable, osteoconductive, and has demonstrated at least potential osteoinductivity for the stimulation of new bone growth. The DBM may be combined with various carrier compounds (e.g., gelatin, hydrogel, starch) or other materials. It is available in the form of powder, crushed granules, putty, chips, or a gel that can be injected through a syringe.</gmdnPTDefinition>
        <implantable>true</implantable>
        <gmdnCodeStatus>Active</gmdnCodeStatus>
      </gmdn>
    </gmdnTerms>
    <productCodes>
      <fdaProductCode>
        <productCode>NUN</productCode>
        <productCodeName>BONE GRAFTING MATERIAL, HUMAN SOURCE</productCodeName>
      </fdaProductCode>
    </productCodes>
    <deviceSizes>
      <deviceSize>
        <sizeType>Device Size Text, specify</sizeType>
        <size value="" unit="" />
        <sizeText>5CC</sizeText>
      </deviceSize>
    </deviceSizes>
    <environmentalConditions>
      <storageHandling>
        <storageHandlingType>Storage Environment Temperature</storageHandlingType>
        <storageHandlingHigh value="30" unit="Degrees Celsius" />
        <storageHandlingLow value="15" unit="Degrees Celsius" />
        <storageHandlingSpecialConditionText xsi:nil="true" />
      </storageHandling>
    </environmentalConditions>
    <sterilization>
      <deviceSterile>true</deviceSterile>
      <sterilizationPriorToUse>false</sterilizationPriorToUse>
      <methodTypes />
    </sterilization>
  </device>
  <device xmlns:xsi="http://www.w3.org/2001/XMLSchema-instance" xmlns="http://www.fda.gov/cdrh/gudid">
    <publicDeviceRecordKey>433b7357-47c1-40dd-bce4-b2872580d173</publicDeviceRecordKey>
    <publicVersionStatus>Update</publicVersionStatus>
    <deviceRecordStatus>Published</deviceRecordStatus>
    <!--Note: publicVersionNumber is system generated and assigned to all device records to track public release updates to a device record-->
    <publicVersionNumber>3</publicVersionNumber>
    <publicVersionDate>2018-07-06</publicVersionDate>
    <devicePublishDate>2018-01-26</devicePublishDate>
    <deviceCommDistributionEndDate xsi:nil="true" />
    <deviceCommDistributionStatus>In Commercial Distribution</deviceCommDistributionStatus>
    <identifiers>
      <identifier>
        <deviceId>00643169964983</deviceId>
        <deviceIdType>Primary</deviceIdType>
        <deviceIdIssuingAgency>GS1</deviceIdIssuingAgency>
        <containsDINumber xsi:nil="true" />
        <pkgQuantity xsi:nil="true" />
        <pkgDiscontinueDate xsi:nil="true" />
        <pkgStatus xsi:nil="true" />
        <pkgType xsi:nil="true" />
      </identifier>
    </identifiers>
    <brandName>GRAFTON® DBM</brandName>
    <versionModelNumber>T43103INT</versionModelNumber>
    <catalogNumber xsi:nil="true" />
    <dunsNumber>830350380</dunsNumber>
    <companyName>MEDTRONIC SOFAMOR DANEK, INC.</companyName>
    <deviceCount>1</deviceCount>
    <deviceDescription>DBM T43103INT 2.5CC GRAFTON PUTTY</deviceDescription>
    <DMExempt>false</DMExempt>
    <premarketExempt>false</premarketExempt>
    <deviceHCTP>true</deviceHCTP>
    <deviceKit>false</deviceKit>
    <deviceCombinationProduct>false</deviceCombinationProduct>
    <singleUse>true</singleUse>
    <lotBatch>false</lotBatch>
    <serialNumber>true</serialNumber>
    <manufacturingDate>false</manufacturingDate>
    <expirationDate>false</expirationDate>
    <donationIdNumber>true</donationIdNumber>
    <labeledContainsNRL>false</labeledContainsNRL>
    <labeledNoNRL>false</labeledNoNRL>
    <MRISafetyStatus>MR Safe</MRISafetyStatus>
    <rx>true</rx>
    <otc>false</otc>
    <contacts>
      <customerContact>
        <phone>+1(800)633-8766</phone>
        <phoneExtension xsi:nil="true" />
        <email>Corporate.UDI@medtronic.com</email>
      </customerContact>
    </contacts>
    <premarketSubmissions>
      <premarketSubmission>
        <submissionNumber>K051195</submissionNumber>
        <supplementNumber>000</supplementNumber>
      </premarketSubmission>
    </premarketSubmissions>
    <gmdnTerms>
      <gmdn>
        <gmdnCode>47257</gmdnCode>
        <gmdnPTName>Bone matrix implant, human-derived</gmdnPTName>
        <gmdnPTDefinition>An sterile implantable device made primarily of human demineralized bone matrix (DBM) (acid extraction of allogeneic bone resulting in loss of most of the mineralized component but retention of proteins) intended to fill bony voids or gaps caused by trauma or surgery, including use in the maxillofacial and/or mandibular bone. The device is bioabsorbable, osteoconductive, and has demonstrated at least potential osteoinductivity for the stimulation of new bone growth. The DBM may be combined with various carrier compounds (e.g., gelatin, hydrogel, starch) or other materials. It is available in the form of powder, crushed granules, putty, chips, or a gel that can be injected through a syringe.</gmdnPTDefinition>
        <implantable>true</implantable>
        <gmdnCodeStatus>Active</gmdnCodeStatus>
      </gmdn>
    </gmdnTerms>
    <productCodes>
      <fdaProductCode>
        <productCode>NUN</productCode>
        <productCodeName>BONE GRAFTING MATERIAL, HUMAN SOURCE</productCodeName>
      </fdaProductCode>
    </productCodes>
    <deviceSizes>
      <deviceSize>
        <sizeType>Device Size Text, specify</sizeType>
        <size value="" unit="" />
        <sizeText>2.5cc</sizeText>
      </deviceSize>
    </deviceSizes>
    <environmentalConditions />
    <sterilization>
      <deviceSterile>true</deviceSterile>
      <sterilizationPriorToUse>false</sterilizationPriorToUse>
      <methodTypes />
    </sterilization>
  </device>
  <device xmlns:xsi="http://www.w3.org/2001/XMLSchema-instance" xmlns="http://www.fda.gov/cdrh/gudid">
    <publicDeviceRecordKey>85e8424b-9149-463b-8a4d-ed3122ebc2cd</publicDeviceRecordKey>
    <publicVersionStatus>Update</publicVersionStatus>
    <deviceRecordStatus>Published</deviceRecordStatus>
    <!--Note: publicVersionNumber is system generated and assigned to all device records to track public release updates to a device record-->
    <publicVersionNumber>3</publicVersionNumber>
    <publicVersionDate>2018-07-06</publicVersionDate>
    <devicePublishDate>2017-12-15</devicePublishDate>
    <deviceCommDistributionEndDate xsi:nil="true" />
    <deviceCommDistributionStatus>In Commercial Distribution</deviceCommDistributionStatus>
    <identifiers>
      <identifier>
        <deviceId>00643169964976</deviceId>
        <deviceIdType>Primary</deviceIdType>
        <deviceIdIssuingAgency>GS1</deviceIdIssuingAgency>
        <containsDINumber xsi:nil="true" />
        <pkgQuantity xsi:nil="true" />
        <pkgDiscontinueDate xsi:nil="true" />
        <pkgStatus xsi:nil="true" />
        <pkgType xsi:nil="true" />
      </identifier>
    </identifiers>
    <brandName>GRAFTON® DBM</brandName>
    <versionModelNumber>T43102INT</versionModelNumber>
    <catalogNumber xsi:nil="true" />
    <dunsNumber>830350380</dunsNumber>
    <companyName>MEDTRONIC SOFAMOR DANEK, INC.</companyName>
    <deviceCount>1</deviceCount>
    <deviceDescription>DBM T43102INT 1CC GRAFTON PUTTY</deviceDescription>
    <DMExempt>false</DMExempt>
    <premarketExempt>false</premarketExempt>
    <deviceHCTP>true</deviceHCTP>
    <deviceKit>false</deviceKit>
    <deviceCombinationProduct>false</deviceCombinationProduct>
    <singleUse>true</singleUse>
    <lotBatch>false</lotBatch>
    <serialNumber>true</serialNumber>
    <manufacturingDate>false</manufacturingDate>
    <expirationDate>false</expirationDate>
    <donationIdNumber>true</donationIdNumber>
    <labeledContainsNRL>false</labeledContainsNRL>
    <labeledNoNRL>false</labeledNoNRL>
    <MRISafetyStatus>MR Safe</MRISafetyStatus>
    <rx>true</rx>
    <otc>false</otc>
    <contacts>
      <customerContact>
        <phone>+1(800)633-8766</phone>
        <phoneExtension xsi:nil="true" />
        <email>Corporate.UDI@medtronic.com</email>
      </customerContact>
    </contacts>
    <premarketSubmissions>
      <premarketSubmission>
        <submissionNumber>K051188</submissionNumber>
        <supplementNumber>000</supplementNumber>
      </premarketSubmission>
    </premarketSubmissions>
    <gmdnTerms>
      <gmdn>
        <gmdnCode>47257</gmdnCode>
        <gmdnPTName>Bone matrix implant, human-derived</gmdnPTName>
        <gmdnPTDefinition>An sterile implantable device made primarily of human demineralized bone matrix (DBM) (acid extraction of allogeneic bone resulting in loss of most of the mineralized component but retention of proteins) intended to fill bony voids or gaps caused by trauma or surgery, including use in the maxillofacial and/or mandibular bone. The device is bioabsorbable, osteoconductive, and has demonstrated at least potential osteoinductivity for the stimulation of new bone growth. The DBM may be combined with various carrier compounds (e.g., gelatin, hydrogel, starch) or other materials. It is available in the form of powder, crushed granules, putty, chips, or a gel that can be injected through a syringe.</gmdnPTDefinition>
        <implantable>true</implantable>
        <gmdnCodeStatus>Active</gmdnCodeStatus>
      </gmdn>
    </gmdnTerms>
    <productCodes>
      <fdaProductCode>
        <productCode>NUN</productCode>
        <productCodeName>BONE GRAFTING MATERIAL, HUMAN SOURCE</productCodeName>
      </fdaProductCode>
    </productCodes>
    <deviceSizes />
    <environmentalConditions />
    <sterilization>
      <deviceSterile>true</deviceSterile>
      <sterilizationPriorToUse>false</sterilizationPriorToUse>
      <methodTypes />
    </sterilization>
  </device>
  <device xmlns:xsi="http://www.w3.org/2001/XMLSchema-instance" xmlns="http://www.fda.gov/cdrh/gudid">
    <publicDeviceRecordKey>d4d58cfb-7f3c-4995-abf7-1f80ee26e6aa</publicDeviceRecordKey>
    <publicVersionStatus>Update</publicVersionStatus>
    <deviceRecordStatus>Published</deviceRecordStatus>
    <!--Note: publicVersionNumber is system generated and assigned to all device records to track public release updates to a device record-->
    <publicVersionNumber>3</publicVersionNumber>
    <publicVersionDate>2018-07-06</publicVersionDate>
    <devicePublishDate>2018-01-21</devicePublishDate>
    <deviceCommDistributionEndDate xsi:nil="true" />
    <deviceCommDistributionStatus>In Commercial Distribution</deviceCommDistributionStatus>
    <identifiers>
      <identifier>
        <deviceId>00643169964969</deviceId>
        <deviceIdType>Primary</deviceIdType>
        <deviceIdIssuingAgency>GS1</deviceIdIssuingAgency>
        <containsDINumber xsi:nil="true" />
        <pkgQuantity xsi:nil="true" />
        <pkgDiscontinueDate xsi:nil="true" />
        <pkgStatus xsi:nil="true" />
        <pkgType xsi:nil="true" />
      </identifier>
    </identifiers>
    <brandName>GRAFTON® DBM</brandName>
    <versionModelNumber>T43101INT</versionModelNumber>
    <catalogNumber xsi:nil="true" />
    <dunsNumber>830350380</dunsNumber>
    <companyName>MEDTRONIC SOFAMOR DANEK, INC.</companyName>
    <deviceCount>1</deviceCount>
    <deviceDescription>DBM T43101INT 0.5CC GRAFTON PUTTY</deviceDescription>
    <DMExempt>false</DMExempt>
    <premarketExempt>false</premarketExempt>
    <deviceHCTP>true</deviceHCTP>
    <deviceKit>false</deviceKit>
    <deviceCombinationProduct>false</deviceCombinationProduct>
    <singleUse>true</singleUse>
    <lotBatch>false</lotBatch>
    <serialNumber>true</serialNumber>
    <manufacturingDate>false</manufacturingDate>
    <expirationDate>false</expirationDate>
    <donationIdNumber>true</donationIdNumber>
    <labeledContainsNRL>false</labeledContainsNRL>
    <labeledNoNRL>false</labeledNoNRL>
    <MRISafetyStatus>MR Safe</MRISafetyStatus>
    <rx>true</rx>
    <otc>false</otc>
    <contacts>
      <customerContact>
        <phone>+1(800)633-8766</phone>
        <phoneExtension xsi:nil="true" />
        <email>Corporate.UDI@medtronic.com</email>
      </customerContact>
    </contacts>
    <premarketSubmissions>
      <premarketSubmission>
        <submissionNumber>K051188</submissionNumber>
        <supplementNumber>000</supplementNumber>
      </premarketSubmission>
    </premarketSubmissions>
    <gmdnTerms>
      <gmdn>
        <gmdnCode>47257</gmdnCode>
        <gmdnPTName>Bone matrix implant, human-derived</gmdnPTName>
        <gmdnPTDefinition>An sterile implantable device made primarily of human demineralized bone matrix (DBM) (acid extraction of allogeneic bone resulting in loss of most of the mineralized component but retention of proteins) intended to fill bony voids or gaps caused by trauma or surgery, including use in the maxillofacial and/or mandibular bone. The device is bioabsorbable, osteoconductive, and has demonstrated at least potential osteoinductivity for the stimulation of new bone growth. The DBM may be combined with various carrier compounds (e.g., gelatin, hydrogel, starch) or other materials. It is available in the form of powder, crushed granules, putty, chips, or a gel that can be injected through a syringe.</gmdnPTDefinition>
        <implantable>true</implantable>
        <gmdnCodeStatus>Active</gmdnCodeStatus>
      </gmdn>
    </gmdnTerms>
    <productCodes>
      <fdaProductCode>
        <productCode>NUN</productCode>
        <productCodeName>BONE GRAFTING MATERIAL, HUMAN SOURCE</productCodeName>
      </fdaProductCode>
    </productCodes>
    <deviceSizes />
    <environmentalConditions />
    <sterilization>
      <deviceSterile>true</deviceSterile>
      <sterilizationPriorToUse>false</sterilizationPriorToUse>
      <methodTypes />
    </sterilization>
  </device>
  <device xmlns:xsi="http://www.w3.org/2001/XMLSchema-instance" xmlns="http://www.fda.gov/cdrh/gudid">
    <publicDeviceRecordKey>777efdae-f6b0-4b9c-b25c-253ba6efa8b6</publicDeviceRecordKey>
    <publicVersionStatus>New</publicVersionStatus>
    <deviceRecordStatus>Published</deviceRecordStatus>
    <!--Note: publicVersionNumber is system generated and assigned to all device records to track public release updates to a device record-->
    <publicVersionNumber>1</publicVersionNumber>
    <publicVersionDate>2018-08-13</publicVersionDate>
    <devicePublishDate>2018-07-12</devicePublishDate>
    <deviceCommDistributionEndDate xsi:nil="true" />
    <deviceCommDistributionStatus>In Commercial Distribution</deviceCommDistributionStatus>
    <identifiers>
      <identifier>
        <deviceId>00643169964952</deviceId>
        <deviceIdType>Primary</deviceIdType>
        <deviceIdIssuingAgency>GS1</deviceIdIssuingAgency>
        <containsDINumber xsi:nil="true" />
        <pkgQuantity xsi:nil="true" />
        <pkgDiscontinueDate xsi:nil="true" />
        <pkgStatus xsi:nil="true" />
        <pkgType xsi:nil="true" />
      </identifier>
    </identifiers>
    <brandName>GRAFTON® DBM</brandName>
    <versionModelNumber>T42308INT</versionModelNumber>
    <catalogNumber xsi:nil="true" />
    <dunsNumber>830350380</dunsNumber>
    <companyName>MEDTRONIC SOFAMOR DANEK, INC.</companyName>
    <deviceCount>1</deviceCount>
    <deviceDescription>DBM T42308INT GRAFTON M PLUGS 8MMX10MM</deviceDescription>
    <DMExempt>false</DMExempt>
    <premarketExempt>false</premarketExempt>
    <deviceHCTP>true</deviceHCTP>
    <deviceKit>false</deviceKit>
    <deviceCombinationProduct>false</deviceCombinationProduct>
    <singleUse>true</singleUse>
    <lotBatch>false</lotBatch>
    <serialNumber>true</serialNumber>
    <manufacturingDate>false</manufacturingDate>
    <expirationDate>false</expirationDate>
    <donationIdNumber>true</donationIdNumber>
    <labeledContainsNRL>false</labeledContainsNRL>
    <labeledNoNRL>false</labeledNoNRL>
    <MRISafetyStatus>MR Safe</MRISafetyStatus>
    <rx>true</rx>
    <otc>false</otc>
    <contacts>
      <customerContact>
        <phone>+1(800)633-8766</phone>
        <phoneExtension xsi:nil="true" />
        <email>Corporate.UDI@medtronic.com</email>
      </customerContact>
    </contacts>
    <premarketSubmissions>
      <premarketSubmission>
        <submissionNumber>K051188</submissionNumber>
        <supplementNumber>000</supplementNumber>
      </premarketSubmission>
    </premarketSubmissions>
    <gmdnTerms>
      <gmdn>
        <gmdnCode>47257</gmdnCode>
        <gmdnPTName>Bone matrix implant, human-derived</gmdnPTName>
        <gmdnPTDefinition>An sterile implantable device made primarily of human demineralized bone matrix (DBM) (acid extraction of allogeneic bone resulting in loss of most of the mineralized component but retention of proteins) intended to fill bony voids or gaps caused by trauma or surgery, including use in the maxillofacial and/or mandibular bone. The device is bioabsorbable, osteoconductive, and has demonstrated at least potential osteoinductivity for the stimulation of new bone growth. The DBM may be combined with various carrier compounds (e.g., gelatin, hydrogel, starch) or other materials. It is available in the form of powder, crushed granules, putty, chips, or a gel that can be injected through a syringe.</gmdnPTDefinition>
        <implantable>true</implantable>
        <gmdnCodeStatus>Active</gmdnCodeStatus>
      </gmdn>
    </gmdnTerms>
    <productCodes>
      <fdaProductCode>
        <productCode>NUN</productCode>
        <productCodeName>BONE GRAFTING MATERIAL, HUMAN SOURCE</productCodeName>
      </fdaProductCode>
    </productCodes>
    <deviceSizes>
      <deviceSize>
        <sizeType>Device Size Text, specify</sizeType>
        <size value="" unit="" />
        <sizeText>8mm x 10mm</sizeText>
      </deviceSize>
    </deviceSizes>
    <environmentalConditions />
    <sterilization>
      <deviceSterile>true</deviceSterile>
      <sterilizationPriorToUse>false</sterilizationPriorToUse>
      <methodTypes />
    </sterilization>
  </device>
</devices>