﻿<?xml version="1.0" encoding="UTF-8"?>
<devices>
  <device xmlns:xsi="http://www.w3.org/2001/XMLSchema-instance" xmlns="http://www.fda.gov/cdrh/gudid">
    <publicDeviceRecordKey>240e4149-6f63-4432-8425-7b3834b310a9</publicDeviceRecordKey>
    <publicVersionStatus>New</publicVersionStatus>
    <deviceRecordStatus>Published</deviceRecordStatus>
    <!--Note: publicVersionNumber is system generated and assigned to all device records to track public release updates to a device record-->
    <publicVersionNumber>2</publicVersionNumber>
    <publicVersionDate>2018-07-06</publicVersionDate>
    <devicePublishDate>2018-04-02</devicePublishDate>
    <deviceCommDistributionEndDate xsi:nil="true" />
    <deviceCommDistributionStatus>In Commercial Distribution</deviceCommDistributionStatus>
    <identifiers>
      <identifier>
        <deviceId>B406CKT000000300100</deviceId>
        <deviceIdType>Primary</deviceIdType>
        <deviceIdIssuingAgency>HIBCC</deviceIdIssuingAgency>
        <containsDINumber xsi:nil="true" />
        <pkgQuantity xsi:nil="true" />
        <pkgDiscontinueDate xsi:nil="true" />
        <pkgStatus xsi:nil="true" />
        <pkgType xsi:nil="true" />
      </identifier>
    </identifiers>
    <brandName>Remotely controlled mandibular positioner (MATRx)</brandName>
    <versionModelNumber>Z10-005-1.0</versionModelNumber>
    <catalogNumber xsi:nil="true" />
    <dunsNumber>245252833</dunsNumber>
    <companyName>Zephyr Sleep Technologies Inc</companyName>
    <deviceCount>1</deviceCount>
    <deviceDescription xsi:nil="true" />
    <DMExempt>false</DMExempt>
    <premarketExempt>false</premarketExempt>
    <deviceHCTP>false</deviceHCTP>
    <deviceKit>false</deviceKit>
    <deviceCombinationProduct>false</deviceCombinationProduct>
    <singleUse>false</singleUse>
    <lotBatch>false</lotBatch>
    <serialNumber>true</serialNumber>
    <manufacturingDate>true</manufacturingDate>
    <expirationDate>false</expirationDate>
    <donationIdNumber>false</donationIdNumber>
    <labeledContainsNRL>false</labeledContainsNRL>
    <labeledNoNRL>false</labeledNoNRL>
    <MRISafetyStatus>Labeling does not contain MRI Safety Information</MRISafetyStatus>
    <rx>true</rx>
    <otc>false</otc>
    <contacts>
      <customerContact>
        <phone>1-877-341-8814</phone>
        <phoneExtension xsi:nil="true" />
        <email>support@zephyrsleep.com</email>
      </customerContact>
    </contacts>
    <premarketSubmissions>
      <premarketSubmission>
        <submissionNumber>K103704</submissionNumber>
        <supplementNumber>000</supplementNumber>
      </premarketSubmission>
    </premarketSubmissions>
    <gmdnTerms>
      <gmdn>
        <gmdnPTName>Mandible-repositioning sleep-disordered breathing orthosis</gmdnPTName>
        <gmdnPTDefinition>A removable intraoral device designed to alleviate sleep-disordered breathing conditions (e.g., snoring, obstructive sleep apnoea) by repositioning and/or controlling the lower jaw (mandible), typically in a downward and forward position. It works by locking the mandible (e.g., holding the teeth) and preventing it from retruding, thus increasing the patency of the airway and decreasing both air turbulence and airway obstruction. A number of different fixed (non-adjustable) and adjustable types using several techniques and materials are available. This is a reusable device.</gmdnPTDefinition>
      </gmdn>
    </gmdnTerms>
    <productCodes>
      <fdaProductCode>
        <productCode>LRK</productCode>
        <productCodeName>Device, Anti-Snoring</productCodeName>
      </fdaProductCode>
    </productCodes>
    <deviceSizes />
    <environmentalConditions />
    <sterilization>
      <deviceSterile>false</deviceSterile>
      <sterilizationPriorToUse>false</sterilizationPriorToUse>
      <methodTypes />
    </sterilization>
  </device>
  <device xmlns:xsi="http://www.w3.org/2001/XMLSchema-instance" xmlns="http://www.fda.gov/cdrh/gudid">
    <publicDeviceRecordKey>e9af5210-1b79-44b9-a787-6d17a3c35d7d</publicDeviceRecordKey>
    <publicVersionStatus>New</publicVersionStatus>
    <deviceRecordStatus>Published</deviceRecordStatus>
    <!--Note: publicVersionNumber is system generated and assigned to all device records to track public release updates to a device record-->
    <publicVersionNumber>1</publicVersionNumber>
    <publicVersionDate>2019-07-30</publicVersionDate>
    <devicePublishDate>2019-07-22</devicePublishDate>
    <deviceCommDistributionEndDate xsi:nil="true" />
    <deviceCommDistributionStatus>In Commercial Distribution</deviceCommDistributionStatus>
    <identifiers>
      <identifier>
        <deviceId>B406CAT039020</deviceId>
        <deviceIdType>Primary</deviceIdType>
        <deviceIdIssuingAgency>HIBCC</deviceIdIssuingAgency>
        <containsDINumber xsi:nil="true" />
        <pkgQuantity xsi:nil="true" />
        <pkgDiscontinueDate xsi:nil="true" />
        <pkgStatus xsi:nil="true" />
        <pkgType xsi:nil="true" />
      </identifier>
    </identifiers>
    <brandName>TD Clip</brandName>
    <versionModelNumber>TD Clip - Large</versionModelNumber>
    <catalogNumber>CAT-039-02</catalogNumber>
    <dunsNumber>245252833</dunsNumber>
    <companyName>Zephyr Sleep Technologies Inc</companyName>
    <deviceCount>1</deviceCount>
    <deviceDescription xsi:nil="true" />
    <DMExempt>false</DMExempt>
    <premarketExempt>false</premarketExempt>
    <deviceHCTP>false</deviceHCTP>
    <deviceKit>false</deviceKit>
    <deviceCombinationProduct>false</deviceCombinationProduct>
    <singleUse>false</singleUse>
    <lotBatch>true</lotBatch>
    <serialNumber>false</serialNumber>
    <manufacturingDate>false</manufacturingDate>
    <expirationDate>false</expirationDate>
    <donationIdNumber>false</donationIdNumber>
    <labeledContainsNRL>false</labeledContainsNRL>
    <labeledNoNRL>false</labeledNoNRL>
    <MRISafetyStatus>Labeling does not contain MRI Safety Information</MRISafetyStatus>
    <rx>true</rx>
    <otc>false</otc>
    <contacts />
    <premarketSubmissions>
      <premarketSubmission>
        <submissionNumber>K190051</submissionNumber>
        <supplementNumber>000</supplementNumber>
      </premarketSubmission>
    </premarketSubmissions>
    <gmdnTerms>
      <gmdn>
        <gmdnPTName>Mandible-repositioning sleep-disordered breathing orthosis</gmdnPTName>
        <gmdnPTDefinition>A removable intraoral device designed to alleviate sleep-disordered breathing conditions (e.g., snoring, obstructive sleep apnoea) by repositioning and/or controlling the lower jaw (mandible), typically in a downward and forward position. It works by locking the mandible (e.g., holding the teeth) and preventing it from retruding, thus increasing the patency of the airway and decreasing both air turbulence and airway obstruction. A number of different fixed (non-adjustable) and adjustable types using several techniques and materials are available. This is a reusable device.</gmdnPTDefinition>
      </gmdn>
    </gmdnTerms>
    <productCodes>
      <fdaProductCode>
        <productCode>LRK</productCode>
        <productCodeName>Device, Anti-Snoring</productCodeName>
      </fdaProductCode>
    </productCodes>
    <deviceSizes />
    <environmentalConditions />
    <sterilization>
      <deviceSterile>false</deviceSterile>
      <sterilizationPriorToUse>false</sterilizationPriorToUse>
      <methodTypes />
    </sterilization>
  </device>
  <device xmlns:xsi="http://www.w3.org/2001/XMLSchema-instance" xmlns="http://www.fda.gov/cdrh/gudid">
    <publicDeviceRecordKey>476d7094-58df-4821-a206-4889fbe3694d</publicDeviceRecordKey>
    <publicVersionStatus>New</publicVersionStatus>
    <deviceRecordStatus>Published</deviceRecordStatus>
    <!--Note: publicVersionNumber is system generated and assigned to all device records to track public release updates to a device record-->
    <publicVersionNumber>1</publicVersionNumber>
    <publicVersionDate>2019-07-30</publicVersionDate>
    <devicePublishDate>2019-07-22</devicePublishDate>
    <deviceCommDistributionEndDate xsi:nil="true" />
    <deviceCommDistributionStatus>In Commercial Distribution</deviceCommDistributionStatus>
    <identifiers>
      <identifier>
        <deviceId>B406CAT038020</deviceId>
        <deviceIdType>Primary</deviceIdType>
        <deviceIdIssuingAgency>HIBCC</deviceIdIssuingAgency>
        <containsDINumber xsi:nil="true" />
        <pkgQuantity xsi:nil="true" />
        <pkgDiscontinueDate xsi:nil="true" />
        <pkgStatus xsi:nil="true" />
        <pkgType xsi:nil="true" />
      </identifier>
    </identifiers>
    <brandName>TD Clip</brandName>
    <versionModelNumber>TD Clip - Medium</versionModelNumber>
    <catalogNumber>CAT-038-02</catalogNumber>
    <dunsNumber>245252833</dunsNumber>
    <companyName>Zephyr Sleep Technologies Inc</companyName>
    <deviceCount>1</deviceCount>
    <deviceDescription xsi:nil="true" />
    <DMExempt>false</DMExempt>
    <premarketExempt>false</premarketExempt>
    <deviceHCTP>false</deviceHCTP>
    <deviceKit>false</deviceKit>
    <deviceCombinationProduct>false</deviceCombinationProduct>
    <singleUse>false</singleUse>
    <lotBatch>true</lotBatch>
    <serialNumber>false</serialNumber>
    <manufacturingDate>false</manufacturingDate>
    <expirationDate>false</expirationDate>
    <donationIdNumber>false</donationIdNumber>
    <labeledContainsNRL>false</labeledContainsNRL>
    <labeledNoNRL>false</labeledNoNRL>
    <MRISafetyStatus>Labeling does not contain MRI Safety Information</MRISafetyStatus>
    <rx>true</rx>
    <otc>false</otc>
    <contacts>
      <customerContact>
        <phone>1 (877) 341-8814</phone>
        <phoneExtension xsi:nil="true" />
        <email>info@zephyrsleep.com</email>
      </customerContact>
    </contacts>
    <premarketSubmissions>
      <premarketSubmission>
        <submissionNumber>K190051</submissionNumber>
        <supplementNumber>000</supplementNumber>
      </premarketSubmission>
    </premarketSubmissions>
    <gmdnTerms>
      <gmdn>
        <gmdnPTName>Mandible-repositioning sleep-disordered breathing orthosis</gmdnPTName>
        <gmdnPTDefinition>A removable intraoral device designed to alleviate sleep-disordered breathing conditions (e.g., snoring, obstructive sleep apnoea) by repositioning and/or controlling the lower jaw (mandible), typically in a downward and forward position. It works by locking the mandible (e.g., holding the teeth) and preventing it from retruding, thus increasing the patency of the airway and decreasing both air turbulence and airway obstruction. A number of different fixed (non-adjustable) and adjustable types using several techniques and materials are available. This is a reusable device.</gmdnPTDefinition>
      </gmdn>
    </gmdnTerms>
    <productCodes>
      <fdaProductCode>
        <productCode>LRK</productCode>
        <productCodeName>Device, Anti-Snoring</productCodeName>
      </fdaProductCode>
    </productCodes>
    <deviceSizes />
    <environmentalConditions />
    <sterilization>
      <deviceSterile>false</deviceSterile>
      <sterilizationPriorToUse>false</sterilizationPriorToUse>
      <methodTypes />
    </sterilization>
  </device>
  <device xmlns:xsi="http://www.w3.org/2001/XMLSchema-instance" xmlns="http://www.fda.gov/cdrh/gudid">
    <publicDeviceRecordKey>97fb9982-c565-46a5-802f-2e23737bb148</publicDeviceRecordKey>
    <publicVersionStatus>New</publicVersionStatus>
    <deviceRecordStatus>Published</deviceRecordStatus>
    <!--Note: publicVersionNumber is system generated and assigned to all device records to track public release updates to a device record-->
    <publicVersionNumber>1</publicVersionNumber>
    <publicVersionDate>2022-09-15</publicVersionDate>
    <devicePublishDate>2022-09-07</devicePublishDate>
    <deviceCommDistributionEndDate xsi:nil="true" />
    <deviceCommDistributionStatus>In Commercial Distribution</deviceCommDistributionStatus>
    <identifiers>
      <identifier>
        <deviceId>B356ED151160</deviceId>
        <deviceIdType>Primary</deviceIdType>
        <deviceIdIssuingAgency>HIBCC</deviceIdIssuingAgency>
        <containsDINumber xsi:nil="true" />
        <pkgQuantity xsi:nil="true" />
        <pkgDiscontinueDate xsi:nil="true" />
        <pkgStatus xsi:nil="true" />
        <pkgType xsi:nil="true" />
      </identifier>
    </identifiers>
    <brandName>American Medicals</brandName>
    <versionModelNumber>1</versionModelNumber>
    <catalogNumber xsi:nil="true" />
    <dunsNumber>109909627</dunsNumber>
    <companyName>American Medicals</companyName>
    <deviceCount>1</deviceCount>
    <deviceDescription xsi:nil="true" />
    <DMExempt>false</DMExempt>
    <premarketExempt>true</premarketExempt>
    <deviceHCTP>false</deviceHCTP>
    <deviceKit>false</deviceKit>
    <deviceCombinationProduct>false</deviceCombinationProduct>
    <singleUse>false</singleUse>
    <lotBatch>false</lotBatch>
    <serialNumber>false</serialNumber>
    <manufacturingDate>false</manufacturingDate>
    <expirationDate>false</expirationDate>
    <donationIdNumber>false</donationIdNumber>
    <labeledContainsNRL>false</labeledContainsNRL>
    <labeledNoNRL>false</labeledNoNRL>
    <MRISafetyStatus>Labeling does not contain MRI Safety Information</MRISafetyStatus>
    <rx>false</rx>
    <otc>false</otc>
    <contacts />
    <gmdnTerms>
      <gmdn>
        <gmdnPTName>Orthopaedic joint/limb rongeur</gmdnPTName>
        <gmdnPTDefinition>A hand-held manual surgical instrument designed to remove bone during an orthopaedic intervention of the limbs/joints; it is not primarily intended for nasal, spinal, or cranial use and is not a dedicated rib rongeur. It is a heavy-duty metallic instrument that has a forceps- or pliers-like design and terminates at the distal end with sharp-edged, scoop-shaped jaws attached to strong, sprung (self-opening), pivoted or multi-pivoted handles that, when squeezed together, close the jaws to bite (cut) through the bone. This is a reusable device.</gmdnPTDefinition>
      </gmdn>
    </gmdnTerms>
    <productCodes>
      <fdaProductCode>
        <productCode>EMH</productCode>
        <productCodeName>Forceps, Rongeur, Surgical</productCodeName>
      </fdaProductCode>
    </productCodes>
    <deviceSizes />
    <environmentalConditions />
    <sterilization>
      <deviceSterile>false</deviceSterile>
      <sterilizationPriorToUse>true</sterilizationPriorToUse>
      <methodTypes>
        <sterilizationMethod>Microwave Radiation</sterilizationMethod>
      </methodTypes>
    </sterilization>
  </device>
  <device xmlns:xsi="http://www.w3.org/2001/XMLSchema-instance" xmlns="http://www.fda.gov/cdrh/gudid">
    <publicDeviceRecordKey>c9081ff5-e93f-44e4-831c-69d6c438f6d2</publicDeviceRecordKey>
    <publicVersionStatus>New</publicVersionStatus>
    <deviceRecordStatus>Published</deviceRecordStatus>
    <!--Note: publicVersionNumber is system generated and assigned to all device records to track public release updates to a device record-->
    <publicVersionNumber>1</publicVersionNumber>
    <publicVersionDate>2022-09-21</publicVersionDate>
    <devicePublishDate>2022-09-13</devicePublishDate>
    <deviceCommDistributionEndDate xsi:nil="true" />
    <deviceCommDistributionStatus>In Commercial Distribution</deviceCommDistributionStatus>
    <identifiers>
      <identifier>
        <deviceId>B35683101010</deviceId>
        <deviceIdType>Primary</deviceIdType>
        <deviceIdIssuingAgency>HIBCC</deviceIdIssuingAgency>
        <containsDINumber xsi:nil="true" />
        <pkgQuantity xsi:nil="true" />
        <pkgDiscontinueDate xsi:nil="true" />
        <pkgStatus xsi:nil="true" />
        <pkgType xsi:nil="true" />
      </identifier>
    </identifiers>
    <brandName>American Medicals</brandName>
    <versionModelNumber>1</versionModelNumber>
    <catalogNumber xsi:nil="true" />
    <dunsNumber>109909627</dunsNumber>
    <companyName>American Medicals</companyName>
    <deviceCount>1</deviceCount>
    <deviceDescription xsi:nil="true" />
    <DMExempt>false</DMExempt>
    <premarketExempt>true</premarketExempt>
    <deviceHCTP>false</deviceHCTP>
    <deviceKit>false</deviceKit>
    <deviceCombinationProduct>false</deviceCombinationProduct>
    <singleUse>false</singleUse>
    <lotBatch>false</lotBatch>
    <serialNumber>false</serialNumber>
    <manufacturingDate>true</manufacturingDate>
    <expirationDate>false</expirationDate>
    <donationIdNumber>false</donationIdNumber>
    <labeledContainsNRL>false</labeledContainsNRL>
    <labeledNoNRL>false</labeledNoNRL>
    <MRISafetyStatus>Labeling does not contain MRI Safety Information</MRISafetyStatus>
    <rx>false</rx>
    <otc>false</otc>
    <contacts />
    <gmdnTerms>
      <gmdn>
        <gmdnPTName>Dressing/utility forceps, tweezers-like, reusable</gmdnPTName>
        <gmdnPTDefinition>A hand-held manual instrument designed primarily for non-dedicated grasping of devices, sponges and/or dressings during a procedure; it is neither intended for tissue manipulation nor endoscopic use. It typically has a tweezers-like design with two blades joined at the proximal (non-working) end with variously designed tips at the working end. It is made of metal and/or plastic materials and is available in various sizes. This is a reusable device intended to be sterilized prior to use.</gmdnPTDefinition>
      </gmdn>
    </gmdnTerms>
    <productCodes>
      <fdaProductCode>
        <productCode>EFL</productCode>
        <productCodeName>Forceps, Dressing, Dental</productCodeName>
      </fdaProductCode>
    </productCodes>
    <deviceSizes />
    <environmentalConditions />
    <sterilization>
      <deviceSterile>false</deviceSterile>
      <sterilizationPriorToUse>true</sterilizationPriorToUse>
      <methodTypes>
        <sterilizationMethod>Microwave Radiation</sterilizationMethod>
      </methodTypes>
    </sterilization>
  </device>
  <device xmlns:xsi="http://www.w3.org/2001/XMLSchema-instance" xmlns="http://www.fda.gov/cdrh/gudid">
    <publicDeviceRecordKey>788cedbf-4d80-4d41-b652-358ae44d07da</publicDeviceRecordKey>
    <publicVersionStatus>New</publicVersionStatus>
    <deviceRecordStatus>Published</deviceRecordStatus>
    <!--Note: publicVersionNumber is system generated and assigned to all device records to track public release updates to a device record-->
    <publicVersionNumber>1</publicVersionNumber>
    <publicVersionDate>2022-09-21</publicVersionDate>
    <devicePublishDate>2022-09-13</devicePublishDate>
    <deviceCommDistributionEndDate xsi:nil="true" />
    <deviceCommDistributionStatus>In Commercial Distribution</deviceCommDistributionStatus>
    <identifiers>
      <identifier>
        <deviceId>B35682567020</deviceId>
        <deviceIdType>Primary</deviceIdType>
        <deviceIdIssuingAgency>HIBCC</deviceIdIssuingAgency>
        <containsDINumber xsi:nil="true" />
        <pkgQuantity xsi:nil="true" />
        <pkgDiscontinueDate xsi:nil="true" />
        <pkgStatus xsi:nil="true" />
        <pkgType xsi:nil="true" />
      </identifier>
    </identifiers>
    <brandName>American Medicals</brandName>
    <versionModelNumber>1</versionModelNumber>
    <catalogNumber xsi:nil="true" />
    <dunsNumber>109909627</dunsNumber>
    <companyName>American Medicals</companyName>
    <deviceCount>1</deviceCount>
    <deviceDescription xsi:nil="true" />
    <DMExempt>false</DMExempt>
    <premarketExempt>true</premarketExempt>
    <deviceHCTP>false</deviceHCTP>
    <deviceKit>false</deviceKit>
    <deviceCombinationProduct>false</deviceCombinationProduct>
    <singleUse>false</singleUse>
    <lotBatch>false</lotBatch>
    <serialNumber>false</serialNumber>
    <manufacturingDate>false</manufacturingDate>
    <expirationDate>false</expirationDate>
    <donationIdNumber>false</donationIdNumber>
    <labeledContainsNRL>false</labeledContainsNRL>
    <labeledNoNRL>false</labeledNoNRL>
    <MRISafetyStatus>Labeling does not contain MRI Safety Information</MRISafetyStatus>
    <rx>false</rx>
    <otc>false</otc>
    <contacts />
    <gmdnTerms>
      <gmdn>
        <gmdnPTName>Dental elevator, tooth/root</gmdnPTName>
        <gmdnPTDefinition>A hand-held, manual, dental surgical instrument intended to be used as a lever during the extraction of a tooth or retained roots. It is typically a one-piece instrument with a strong but slender blade at the distal working end, or it may be double-ended with a central handle. It is available in a variety of sizes and blade designs and is pushed in between the gums and the tooth exterior to loosen the tissue surrounding the tooth. Sometimes this can be enough to loosen and extract the tooth without the use of other instruments. This is a reusable device.</gmdnPTDefinition>
      </gmdn>
    </gmdnTerms>
    <productCodes>
      <fdaProductCode>
        <productCode>EMJ</productCode>
        <productCodeName>Elevator, Surgical, Dental</productCodeName>
      </fdaProductCode>
    </productCodes>
    <deviceSizes />
    <environmentalConditions />
    <sterilization>
      <deviceSterile>false</deviceSterile>
      <sterilizationPriorToUse>true</sterilizationPriorToUse>
      <methodTypes>
        <sterilizationMethod>Microwave Radiation</sterilizationMethod>
      </methodTypes>
    </sterilization>
  </device>
  <device xmlns:xsi="http://www.w3.org/2001/XMLSchema-instance" xmlns="http://www.fda.gov/cdrh/gudid">
    <publicDeviceRecordKey>7baa8962-cafe-4cd7-abe5-5e28066ad80a</publicDeviceRecordKey>
    <publicVersionStatus>New</publicVersionStatus>
    <deviceRecordStatus>Published</deviceRecordStatus>
    <!--Note: publicVersionNumber is system generated and assigned to all device records to track public release updates to a device record-->
    <publicVersionNumber>1</publicVersionNumber>
    <publicVersionDate>2022-09-22</publicVersionDate>
    <devicePublishDate>2022-09-14</devicePublishDate>
    <deviceCommDistributionEndDate xsi:nil="true" />
    <deviceCommDistributionStatus>In Commercial Distribution</deviceCommDistributionStatus>
    <identifiers>
      <identifier>
        <deviceId>B35682567010</deviceId>
        <deviceIdType>Primary</deviceIdType>
        <deviceIdIssuingAgency>HIBCC</deviceIdIssuingAgency>
        <containsDINumber xsi:nil="true" />
        <pkgQuantity xsi:nil="true" />
        <pkgDiscontinueDate xsi:nil="true" />
        <pkgStatus xsi:nil="true" />
        <pkgType xsi:nil="true" />
      </identifier>
    </identifiers>
    <brandName>American Medicals</brandName>
    <versionModelNumber>1</versionModelNumber>
    <catalogNumber xsi:nil="true" />
    <dunsNumber>109909627</dunsNumber>
    <companyName>American Medicals</companyName>
    <deviceCount>1</deviceCount>
    <deviceDescription xsi:nil="true" />
    <DMExempt>false</DMExempt>
    <premarketExempt>true</premarketExempt>
    <deviceHCTP>false</deviceHCTP>
    <deviceKit>false</deviceKit>
    <deviceCombinationProduct>false</deviceCombinationProduct>
    <singleUse>false</singleUse>
    <lotBatch>false</lotBatch>
    <serialNumber>false</serialNumber>
    <manufacturingDate>false</manufacturingDate>
    <expirationDate>false</expirationDate>
    <donationIdNumber>false</donationIdNumber>
    <labeledContainsNRL>false</labeledContainsNRL>
    <labeledNoNRL>false</labeledNoNRL>
    <MRISafetyStatus>Labeling does not contain MRI Safety Information</MRISafetyStatus>
    <rx>false</rx>
    <otc>false</otc>
    <contacts />
    <gmdnTerms>
      <gmdn>
        <gmdnPTName>Dental elevator, tooth/root</gmdnPTName>
        <gmdnPTDefinition>A hand-held, manual, dental surgical instrument intended to be used as a lever during the extraction of a tooth or retained roots. It is typically a one-piece instrument with a strong but slender blade at the distal working end, or it may be double-ended with a central handle. It is available in a variety of sizes and blade designs and is pushed in between the gums and the tooth exterior to loosen the tissue surrounding the tooth. Sometimes this can be enough to loosen and extract the tooth without the use of other instruments. This is a reusable device.</gmdnPTDefinition>
      </gmdn>
    </gmdnTerms>
    <productCodes>
      <fdaProductCode>
        <productCode>EMJ</productCode>
        <productCodeName>Elevator, Surgical, Dental</productCodeName>
      </fdaProductCode>
    </productCodes>
    <deviceSizes />
    <environmentalConditions />
    <sterilization>
      <deviceSterile>false</deviceSterile>
      <sterilizationPriorToUse>true</sterilizationPriorToUse>
      <methodTypes>
        <sterilizationMethod>Microwave Radiation</sterilizationMethod>
      </methodTypes>
    </sterilization>
  </device>
  <device xmlns:xsi="http://www.w3.org/2001/XMLSchema-instance" xmlns="http://www.fda.gov/cdrh/gudid">
    <publicDeviceRecordKey>2b51681a-1374-4c09-9f85-d468e7243f0b</publicDeviceRecordKey>
    <publicVersionStatus>New</publicVersionStatus>
    <deviceRecordStatus>Published</deviceRecordStatus>
    <!--Note: publicVersionNumber is system generated and assigned to all device records to track public release updates to a device record-->
    <publicVersionNumber>1</publicVersionNumber>
    <publicVersionDate>2022-09-21</publicVersionDate>
    <devicePublishDate>2022-09-13</devicePublishDate>
    <deviceCommDistributionEndDate xsi:nil="true" />
    <deviceCommDistributionStatus>In Commercial Distribution</deviceCommDistributionStatus>
    <identifiers>
      <identifier>
        <deviceId>B35682034090</deviceId>
        <deviceIdType>Primary</deviceIdType>
        <deviceIdIssuingAgency>HIBCC</deviceIdIssuingAgency>
        <containsDINumber xsi:nil="true" />
        <pkgQuantity xsi:nil="true" />
        <pkgDiscontinueDate xsi:nil="true" />
        <pkgStatus xsi:nil="true" />
        <pkgType xsi:nil="true" />
      </identifier>
    </identifiers>
    <brandName>American Medicals</brandName>
    <versionModelNumber>1</versionModelNumber>
    <catalogNumber xsi:nil="true" />
    <dunsNumber>109909627</dunsNumber>
    <companyName>American Medicals</companyName>
    <deviceCount>1</deviceCount>
    <deviceDescription xsi:nil="true" />
    <DMExempt>false</DMExempt>
    <premarketExempt>true</premarketExempt>
    <deviceHCTP>false</deviceHCTP>
    <deviceKit>false</deviceKit>
    <deviceCombinationProduct>false</deviceCombinationProduct>
    <singleUse>false</singleUse>
    <lotBatch>false</lotBatch>
    <serialNumber>false</serialNumber>
    <manufacturingDate>false</manufacturingDate>
    <expirationDate>false</expirationDate>
    <donationIdNumber>false</donationIdNumber>
    <labeledContainsNRL>false</labeledContainsNRL>
    <labeledNoNRL>false</labeledNoNRL>
    <MRISafetyStatus>Labeling does not contain MRI Safety Information</MRISafetyStatus>
    <rx>false</rx>
    <otc>false</otc>
    <contacts />
    <gmdnTerms>
      <gmdn>
        <gmdnPTName>Dental elevator, tooth/root</gmdnPTName>
        <gmdnPTDefinition>A hand-held, manual, dental surgical instrument intended to be used as a lever during the extraction of a tooth or retained roots. It is typically a one-piece instrument with a strong but slender blade at the distal working end, or it may be double-ended with a central handle. It is available in a variety of sizes and blade designs and is pushed in between the gums and the tooth exterior to loosen the tissue surrounding the tooth. Sometimes this can be enough to loosen and extract the tooth without the use of other instruments. This is a reusable device.</gmdnPTDefinition>
      </gmdn>
    </gmdnTerms>
    <productCodes>
      <fdaProductCode>
        <productCode>EMJ</productCode>
        <productCodeName>Elevator, Surgical, Dental</productCodeName>
      </fdaProductCode>
    </productCodes>
    <deviceSizes />
    <environmentalConditions />
    <sterilization>
      <deviceSterile>false</deviceSterile>
      <sterilizationPriorToUse>true</sterilizationPriorToUse>
      <methodTypes>
        <sterilizationMethod>Microwave Radiation</sterilizationMethod>
      </methodTypes>
    </sterilization>
  </device>
  <device xmlns:xsi="http://www.w3.org/2001/XMLSchema-instance" xmlns="http://www.fda.gov/cdrh/gudid">
    <publicDeviceRecordKey>5b1c2ea3-a4d0-4ffe-b0c4-87ec44383fc7</publicDeviceRecordKey>
    <publicVersionStatus>New</publicVersionStatus>
    <deviceRecordStatus>Published</deviceRecordStatus>
    <!--Note: publicVersionNumber is system generated and assigned to all device records to track public release updates to a device record-->
    <publicVersionNumber>1</publicVersionNumber>
    <publicVersionDate>2022-09-21</publicVersionDate>
    <devicePublishDate>2022-09-13</devicePublishDate>
    <deviceCommDistributionEndDate xsi:nil="true" />
    <deviceCommDistributionStatus>In Commercial Distribution</deviceCommDistributionStatus>
    <identifiers>
      <identifier>
        <deviceId>B35682006000</deviceId>
        <deviceIdType>Primary</deviceIdType>
        <deviceIdIssuingAgency>HIBCC</deviceIdIssuingAgency>
        <containsDINumber xsi:nil="true" />
        <pkgQuantity xsi:nil="true" />
        <pkgDiscontinueDate xsi:nil="true" />
        <pkgStatus xsi:nil="true" />
        <pkgType xsi:nil="true" />
      </identifier>
    </identifiers>
    <brandName>American Medicals</brandName>
    <versionModelNumber>1</versionModelNumber>
    <catalogNumber xsi:nil="true" />
    <dunsNumber>109909627</dunsNumber>
    <companyName>American Medicals</companyName>
    <deviceCount>1</deviceCount>
    <deviceDescription xsi:nil="true" />
    <DMExempt>false</DMExempt>
    <premarketExempt>true</premarketExempt>
    <deviceHCTP>false</deviceHCTP>
    <deviceKit>false</deviceKit>
    <deviceCombinationProduct>false</deviceCombinationProduct>
    <singleUse>false</singleUse>
    <lotBatch>false</lotBatch>
    <serialNumber>false</serialNumber>
    <manufacturingDate>false</manufacturingDate>
    <expirationDate>false</expirationDate>
    <donationIdNumber>false</donationIdNumber>
    <labeledContainsNRL>false</labeledContainsNRL>
    <labeledNoNRL>false</labeledNoNRL>
    <MRISafetyStatus>Labeling does not contain MRI Safety Information</MRISafetyStatus>
    <rx>false</rx>
    <otc>false</otc>
    <contacts />
    <gmdnTerms>
      <gmdn>
        <gmdnPTName>Dental elevator, tooth/root</gmdnPTName>
        <gmdnPTDefinition>A hand-held, manual, dental surgical instrument intended to be used as a lever during the extraction of a tooth or retained roots. It is typically a one-piece instrument with a strong but slender blade at the distal working end, or it may be double-ended with a central handle. It is available in a variety of sizes and blade designs and is pushed in between the gums and the tooth exterior to loosen the tissue surrounding the tooth. Sometimes this can be enough to loosen and extract the tooth without the use of other instruments. This is a reusable device.</gmdnPTDefinition>
      </gmdn>
    </gmdnTerms>
    <productCodes>
      <fdaProductCode>
        <productCode>EMJ</productCode>
        <productCodeName>Elevator, Surgical, Dental</productCodeName>
      </fdaProductCode>
    </productCodes>
    <deviceSizes />
    <environmentalConditions />
    <sterilization>
      <deviceSterile>false</deviceSterile>
      <sterilizationPriorToUse>true</sterilizationPriorToUse>
      <methodTypes>
        <sterilizationMethod>Microwave Radiation</sterilizationMethod>
      </methodTypes>
    </sterilization>
  </device>
  <device xmlns:xsi="http://www.w3.org/2001/XMLSchema-instance" xmlns="http://www.fda.gov/cdrh/gudid">
    <publicDeviceRecordKey>f6225295-4a93-41f9-ab6e-f48b8fcd6d18</publicDeviceRecordKey>
    <publicVersionStatus>New</publicVersionStatus>
    <deviceRecordStatus>Published</deviceRecordStatus>
    <!--Note: publicVersionNumber is system generated and assigned to all device records to track public release updates to a device record-->
    <publicVersionNumber>1</publicVersionNumber>
    <publicVersionDate>2022-09-19</publicVersionDate>
    <devicePublishDate>2022-09-10</devicePublishDate>
    <deviceCommDistributionEndDate xsi:nil="true" />
    <deviceCommDistributionStatus>In Commercial Distribution</deviceCommDistributionStatus>
    <identifiers>
      <identifier>
        <deviceId>B35644051815A0</deviceId>
        <deviceIdType>Primary</deviceIdType>
        <deviceIdIssuingAgency>HIBCC</deviceIdIssuingAgency>
        <containsDINumber xsi:nil="true" />
        <pkgQuantity xsi:nil="true" />
        <pkgDiscontinueDate xsi:nil="true" />
        <pkgStatus xsi:nil="true" />
        <pkgType xsi:nil="true" />
      </identifier>
    </identifiers>
    <brandName>American Medicals</brandName>
    <versionModelNumber>1</versionModelNumber>
    <catalogNumber xsi:nil="true" />
    <dunsNumber>109909627</dunsNumber>
    <companyName>American Medicals</companyName>
    <deviceCount>1</deviceCount>
    <deviceDescription xsi:nil="true" />
    <DMExempt>false</DMExempt>
    <premarketExempt>true</premarketExempt>
    <deviceHCTP>false</deviceHCTP>
    <deviceKit>false</deviceKit>
    <deviceCombinationProduct>false</deviceCombinationProduct>
    <singleUse>false</singleUse>
    <lotBatch>false</lotBatch>
    <serialNumber>false</serialNumber>
    <manufacturingDate>false</manufacturingDate>
    <expirationDate>false</expirationDate>
    <donationIdNumber>false</donationIdNumber>
    <labeledContainsNRL>false</labeledContainsNRL>
    <labeledNoNRL>false</labeledNoNRL>
    <MRISafetyStatus>Labeling does not contain MRI Safety Information</MRISafetyStatus>
    <rx>false</rx>
    <otc>false</otc>
    <contacts />
    <gmdnTerms>
      <gmdn>
        <gmdnPTName>Surgical soft-tissue manipulation forceps, tweezers-like, reusable</gmdnPTName>
        <gmdnPTDefinition>A hand-held, manual, open-surgery instrument designed to facilitate grasping and manipulation of soft-tissues. It has a tweezers-like design (may be a micro/fine instrument) with variously designed tips at the working end, whereby the blades are designed to be opened/closed by squeezing between the fingers (i.e., without ring handles). It is made of high-grade stainless steel, available in various sizes, and may have carbide inserts at the working end. It is not an electrosurgical device and not dedicated to ophthalmic surgery. This is a reusable device intended to be sterilized prior to use.</gmdnPTDefinition>
      </gmdn>
    </gmdnTerms>
    <productCodes>
      <fdaProductCode>
        <productCode>EFL</productCode>
        <productCodeName>Forceps, Dressing, Dental</productCodeName>
      </fdaProductCode>
    </productCodes>
    <deviceSizes />
    <environmentalConditions />
    <sterilization>
      <deviceSterile>false</deviceSterile>
      <sterilizationPriorToUse>true</sterilizationPriorToUse>
      <methodTypes>
        <sterilizationMethod>Microwave Radiation</sterilizationMethod>
      </methodTypes>
    </sterilization>
  </device>
  <device xmlns:xsi="http://www.w3.org/2001/XMLSchema-instance" xmlns="http://www.fda.gov/cdrh/gudid">
    <publicDeviceRecordKey>f6bc6245-30ac-473b-97fc-ec1e03a28a4f</publicDeviceRecordKey>
    <publicVersionStatus>New</publicVersionStatus>
    <deviceRecordStatus>Published</deviceRecordStatus>
    <!--Note: publicVersionNumber is system generated and assigned to all device records to track public release updates to a device record-->
    <publicVersionNumber>1</publicVersionNumber>
    <publicVersionDate>2022-09-23</publicVersionDate>
    <devicePublishDate>2022-09-15</devicePublishDate>
    <deviceCommDistributionEndDate xsi:nil="true" />
    <deviceCommDistributionStatus>In Commercial Distribution</deviceCommDistributionStatus>
    <identifiers>
      <identifier>
        <deviceId>B35633131150</deviceId>
        <deviceIdType>Primary</deviceIdType>
        <deviceIdIssuingAgency>HIBCC</deviceIdIssuingAgency>
        <containsDINumber xsi:nil="true" />
        <pkgQuantity xsi:nil="true" />
        <pkgDiscontinueDate xsi:nil="true" />
        <pkgStatus xsi:nil="true" />
        <pkgType xsi:nil="true" />
      </identifier>
    </identifiers>
    <brandName>American Medicals</brandName>
    <versionModelNumber>1</versionModelNumber>
    <catalogNumber xsi:nil="true" />
    <dunsNumber>109909627</dunsNumber>
    <companyName>American Medicals</companyName>
    <deviceCount>1</deviceCount>
    <deviceDescription xsi:nil="true" />
    <DMExempt>false</DMExempt>
    <premarketExempt>true</premarketExempt>
    <deviceHCTP>false</deviceHCTP>
    <deviceKit>false</deviceKit>
    <deviceCombinationProduct>false</deviceCombinationProduct>
    <singleUse>false</singleUse>
    <lotBatch>false</lotBatch>
    <serialNumber>false</serialNumber>
    <manufacturingDate>false</manufacturingDate>
    <expirationDate>false</expirationDate>
    <donationIdNumber>false</donationIdNumber>
    <labeledContainsNRL>false</labeledContainsNRL>
    <labeledNoNRL>false</labeledNoNRL>
    <MRISafetyStatus>Labeling does not contain MRI Safety Information</MRISafetyStatus>
    <rx>false</rx>
    <otc>false</otc>
    <contacts />
    <gmdnTerms>
      <gmdn>
        <gmdnPTName>Orthopaedic joint/limb rongeur</gmdnPTName>
        <gmdnPTDefinition>A hand-held manual surgical instrument designed to remove bone during an orthopaedic intervention of the limbs/joints; it is not primarily intended for nasal, spinal, or cranial use and is not a dedicated rib rongeur. It is a heavy-duty metallic instrument that has a forceps- or pliers-like design and terminates at the distal end with sharp-edged, scoop-shaped jaws attached to strong, sprung (self-opening), pivoted or multi-pivoted handles that, when squeezed together, close the jaws to bite (cut) through the bone. This is a reusable device.</gmdnPTDefinition>
      </gmdn>
    </gmdnTerms>
    <productCodes>
      <fdaProductCode>
        <productCode>EMH</productCode>
        <productCodeName>Forceps, Rongeur, Surgical</productCodeName>
      </fdaProductCode>
    </productCodes>
    <deviceSizes />
    <environmentalConditions />
    <sterilization>
      <deviceSterile>false</deviceSterile>
      <sterilizationPriorToUse>true</sterilizationPriorToUse>
      <methodTypes>
        <sterilizationMethod>Microwave Radiation</sterilizationMethod>
      </methodTypes>
    </sterilization>
  </device>
  <device xmlns:xsi="http://www.w3.org/2001/XMLSchema-instance" xmlns="http://www.fda.gov/cdrh/gudid">
    <publicDeviceRecordKey>f4a2efd8-2509-4f93-b4c0-80ce32811de7</publicDeviceRecordKey>
    <publicVersionStatus>New</publicVersionStatus>
    <deviceRecordStatus>Published</deviceRecordStatus>
    <!--Note: publicVersionNumber is system generated and assigned to all device records to track public release updates to a device record-->
    <publicVersionNumber>1</publicVersionNumber>
    <publicVersionDate>2022-09-30</publicVersionDate>
    <devicePublishDate>2022-09-22</devicePublishDate>
    <deviceCommDistributionEndDate xsi:nil="true" />
    <deviceCommDistributionStatus>In Commercial Distribution</deviceCommDistributionStatus>
    <identifiers>
      <identifier>
        <deviceId>B35632107160</deviceId>
        <deviceIdType>Primary</deviceIdType>
        <deviceIdIssuingAgency>HIBCC</deviceIdIssuingAgency>
        <containsDINumber xsi:nil="true" />
        <pkgQuantity xsi:nil="true" />
        <pkgDiscontinueDate xsi:nil="true" />
        <pkgStatus xsi:nil="true" />
        <pkgType xsi:nil="true" />
      </identifier>
    </identifiers>
    <brandName>American Medicals</brandName>
    <versionModelNumber>1</versionModelNumber>
    <catalogNumber xsi:nil="true" />
    <dunsNumber>109909627</dunsNumber>
    <companyName>American Medicals</companyName>
    <deviceCount>1</deviceCount>
    <deviceDescription xsi:nil="true" />
    <DMExempt>false</DMExempt>
    <premarketExempt>true</premarketExempt>
    <deviceHCTP>false</deviceHCTP>
    <deviceKit>false</deviceKit>
    <deviceCombinationProduct>false</deviceCombinationProduct>
    <singleUse>false</singleUse>
    <lotBatch>false</lotBatch>
    <serialNumber>false</serialNumber>
    <manufacturingDate>false</manufacturingDate>
    <expirationDate>false</expirationDate>
    <donationIdNumber>false</donationIdNumber>
    <labeledContainsNRL>false</labeledContainsNRL>
    <labeledNoNRL>false</labeledNoNRL>
    <MRISafetyStatus>Labeling does not contain MRI Safety Information</MRISafetyStatus>
    <rx>false</rx>
    <otc>false</otc>
    <contacts />
    <gmdnTerms>
      <gmdn>
        <gmdnPTName>Orthopaedic joint/limb rongeur</gmdnPTName>
        <gmdnPTDefinition>A hand-held manual surgical instrument designed to remove bone during an orthopaedic intervention of the limbs/joints; it is not primarily intended for nasal, spinal, or cranial use and is not a dedicated rib rongeur. It is a heavy-duty metallic instrument that has a forceps- or pliers-like design and terminates at the distal end with sharp-edged, scoop-shaped jaws attached to strong, sprung (self-opening), pivoted or multi-pivoted handles that, when squeezed together, close the jaws to bite (cut) through the bone. This is a reusable device.</gmdnPTDefinition>
      </gmdn>
    </gmdnTerms>
    <productCodes>
      <fdaProductCode>
        <productCode>EMH</productCode>
        <productCodeName>Forceps, Rongeur, Surgical</productCodeName>
      </fdaProductCode>
    </productCodes>
    <deviceSizes />
    <environmentalConditions />
    <sterilization>
      <deviceSterile>false</deviceSterile>
      <sterilizationPriorToUse>true</sterilizationPriorToUse>
      <methodTypes>
        <sterilizationMethod>Microwave Radiation</sterilizationMethod>
      </methodTypes>
    </sterilization>
  </device>
  <device xmlns:xsi="http://www.w3.org/2001/XMLSchema-instance" xmlns="http://www.fda.gov/cdrh/gudid">
    <publicDeviceRecordKey>a919f6c9-ac74-4de9-8024-6fa30f55727a</publicDeviceRecordKey>
    <publicVersionStatus>New</publicVersionStatus>
    <deviceRecordStatus>Published</deviceRecordStatus>
    <!--Note: publicVersionNumber is system generated and assigned to all device records to track public release updates to a device record-->
    <publicVersionNumber>1</publicVersionNumber>
    <publicVersionDate>2022-09-30</publicVersionDate>
    <devicePublishDate>2022-09-22</devicePublishDate>
    <deviceCommDistributionEndDate xsi:nil="true" />
    <deviceCommDistributionStatus>In Commercial Distribution</deviceCommDistributionStatus>
    <identifiers>
      <identifier>
        <deviceId>B35632103140</deviceId>
        <deviceIdType>Primary</deviceIdType>
        <deviceIdIssuingAgency>HIBCC</deviceIdIssuingAgency>
        <containsDINumber xsi:nil="true" />
        <pkgQuantity xsi:nil="true" />
        <pkgDiscontinueDate xsi:nil="true" />
        <pkgStatus xsi:nil="true" />
        <pkgType xsi:nil="true" />
      </identifier>
    </identifiers>
    <brandName>American Medicals</brandName>
    <versionModelNumber>1</versionModelNumber>
    <catalogNumber xsi:nil="true" />
    <dunsNumber>109909627</dunsNumber>
    <companyName>American Medicals</companyName>
    <deviceCount>1</deviceCount>
    <deviceDescription xsi:nil="true" />
    <DMExempt>false</DMExempt>
    <premarketExempt>true</premarketExempt>
    <deviceHCTP>false</deviceHCTP>
    <deviceKit>false</deviceKit>
    <deviceCombinationProduct>false</deviceCombinationProduct>
    <singleUse>false</singleUse>
    <lotBatch>false</lotBatch>
    <serialNumber>false</serialNumber>
    <manufacturingDate>false</manufacturingDate>
    <expirationDate>false</expirationDate>
    <donationIdNumber>false</donationIdNumber>
    <labeledContainsNRL>false</labeledContainsNRL>
    <labeledNoNRL>false</labeledNoNRL>
    <MRISafetyStatus>Labeling does not contain MRI Safety Information</MRISafetyStatus>
    <rx>false</rx>
    <otc>false</otc>
    <contacts />
    <gmdnTerms>
      <gmdn>
        <gmdnPTName>Orthopaedic joint/limb rongeur</gmdnPTName>
        <gmdnPTDefinition>A hand-held manual surgical instrument designed to remove bone during an orthopaedic intervention of the limbs/joints; it is not primarily intended for nasal, spinal, or cranial use and is not a dedicated rib rongeur. It is a heavy-duty metallic instrument that has a forceps- or pliers-like design and terminates at the distal end with sharp-edged, scoop-shaped jaws attached to strong, sprung (self-opening), pivoted or multi-pivoted handles that, when squeezed together, close the jaws to bite (cut) through the bone. This is a reusable device.</gmdnPTDefinition>
      </gmdn>
    </gmdnTerms>
    <productCodes>
      <fdaProductCode>
        <productCode>EMH</productCode>
        <productCodeName>Forceps, Rongeur, Surgical</productCodeName>
      </fdaProductCode>
    </productCodes>
    <deviceSizes />
    <environmentalConditions />
    <sterilization>
      <deviceSterile>false</deviceSterile>
      <sterilizationPriorToUse>true</sterilizationPriorToUse>
      <methodTypes>
        <sterilizationMethod>Microwave Radiation</sterilizationMethod>
      </methodTypes>
    </sterilization>
  </device>
  <device xmlns:xsi="http://www.w3.org/2001/XMLSchema-instance" xmlns="http://www.fda.gov/cdrh/gudid">
    <publicDeviceRecordKey>a74dc2d3-85a4-4852-8600-449a44a5ec05</publicDeviceRecordKey>
    <publicVersionStatus>New</publicVersionStatus>
    <deviceRecordStatus>Published</deviceRecordStatus>
    <!--Note: publicVersionNumber is system generated and assigned to all device records to track public release updates to a device record-->
    <publicVersionNumber>1</publicVersionNumber>
    <publicVersionDate>2022-09-30</publicVersionDate>
    <devicePublishDate>2022-09-22</devicePublishDate>
    <deviceCommDistributionEndDate xsi:nil="true" />
    <deviceCommDistributionStatus>In Commercial Distribution</deviceCommDistributionStatus>
    <identifiers>
      <identifier>
        <deviceId>B35632101140</deviceId>
        <deviceIdType>Primary</deviceIdType>
        <deviceIdIssuingAgency>HIBCC</deviceIdIssuingAgency>
        <containsDINumber xsi:nil="true" />
        <pkgQuantity xsi:nil="true" />
        <pkgDiscontinueDate xsi:nil="true" />
        <pkgStatus xsi:nil="true" />
        <pkgType xsi:nil="true" />
      </identifier>
    </identifiers>
    <brandName>American Medicals</brandName>
    <versionModelNumber>1</versionModelNumber>
    <catalogNumber xsi:nil="true" />
    <dunsNumber>109909627</dunsNumber>
    <companyName>American Medicals</companyName>
    <deviceCount>1</deviceCount>
    <deviceDescription xsi:nil="true" />
    <DMExempt>false</DMExempt>
    <premarketExempt>true</premarketExempt>
    <deviceHCTP>false</deviceHCTP>
    <deviceKit>false</deviceKit>
    <deviceCombinationProduct>false</deviceCombinationProduct>
    <singleUse>false</singleUse>
    <lotBatch>false</lotBatch>
    <serialNumber>false</serialNumber>
    <manufacturingDate>false</manufacturingDate>
    <expirationDate>false</expirationDate>
    <donationIdNumber>false</donationIdNumber>
    <labeledContainsNRL>false</labeledContainsNRL>
    <labeledNoNRL>false</labeledNoNRL>
    <MRISafetyStatus>Labeling does not contain MRI Safety Information</MRISafetyStatus>
    <rx>false</rx>
    <otc>false</otc>
    <contacts />
    <gmdnTerms>
      <gmdn>
        <gmdnPTName>Orthopaedic joint/limb rongeur</gmdnPTName>
        <gmdnPTDefinition>A hand-held manual surgical instrument designed to remove bone during an orthopaedic intervention of the limbs/joints; it is not primarily intended for nasal, spinal, or cranial use and is not a dedicated rib rongeur. It is a heavy-duty metallic instrument that has a forceps- or pliers-like design and terminates at the distal end with sharp-edged, scoop-shaped jaws attached to strong, sprung (self-opening), pivoted or multi-pivoted handles that, when squeezed together, close the jaws to bite (cut) through the bone. This is a reusable device.</gmdnPTDefinition>
      </gmdn>
    </gmdnTerms>
    <productCodes>
      <fdaProductCode>
        <productCode>EMH</productCode>
        <productCodeName>Forceps, Rongeur, Surgical</productCodeName>
      </fdaProductCode>
    </productCodes>
    <deviceSizes />
    <environmentalConditions />
    <sterilization>
      <deviceSterile>false</deviceSterile>
      <sterilizationPriorToUse>true</sterilizationPriorToUse>
      <methodTypes>
        <sterilizationMethod>Microwave Radiation</sterilizationMethod>
      </methodTypes>
    </sterilization>
  </device>
  <device xmlns:xsi="http://www.w3.org/2001/XMLSchema-instance" xmlns="http://www.fda.gov/cdrh/gudid">
    <publicDeviceRecordKey>9d1a10a5-8ae0-4ae9-8708-ee8dc2cabd4e</publicDeviceRecordKey>
    <publicVersionStatus>New</publicVersionStatus>
    <deviceRecordStatus>Published</deviceRecordStatus>
    <!--Note: publicVersionNumber is system generated and assigned to all device records to track public release updates to a device record-->
    <publicVersionNumber>1</publicVersionNumber>
    <publicVersionDate>2019-10-21</publicVersionDate>
    <devicePublishDate>2019-10-11</devicePublishDate>
    <deviceCommDistributionEndDate xsi:nil="true" />
    <deviceCommDistributionStatus>In Commercial Distribution</deviceCommDistributionStatus>
    <identifiers>
      <identifier>
        <deviceId>B268Y5288L9</deviceId>
        <deviceIdType>Package</deviceIdType>
        <deviceIdIssuingAgency>HIBCC</deviceIdIssuingAgency>
        <containsDINumber>B268Y5288L6</containsDINumber>
        <pkgQuantity>4</pkgQuantity>
        <pkgDiscontinueDate xsi:nil="true" />
        <pkgStatus>In Commercial Distribution</pkgStatus>
        <pkgType>Master Carton</pkgType>
      </identifier>
      <identifier>
        <deviceId>B268Y5288L6</deviceId>
        <deviceIdType>Package</deviceIdType>
        <deviceIdIssuingAgency>HIBCC</deviceIdIssuingAgency>
        <containsDINumber>B268Y5288L1</containsDINumber>
        <pkgQuantity>6</pkgQuantity>
        <pkgDiscontinueDate xsi:nil="true" />
        <pkgStatus>In Commercial Distribution</pkgStatus>
        <pkgType>Inner Carton</pkgType>
      </identifier>
      <identifier>
        <deviceId>B268Y5288L1</deviceId>
        <deviceIdType>Package</deviceIdType>
        <deviceIdIssuingAgency>HIBCC</deviceIdIssuingAgency>
        <containsDINumber>B268Y5288L0</containsDINumber>
        <pkgQuantity>1</pkgQuantity>
        <pkgDiscontinueDate xsi:nil="true" />
        <pkgStatus>In Commercial Distribution</pkgStatus>
        <pkgType>Retail Package</pkgType>
      </identifier>
      <identifier>
        <deviceId>B268Y5288L0</deviceId>
        <deviceIdType>Primary</deviceIdType>
        <deviceIdIssuingAgency>HIBCC</deviceIdIssuingAgency>
        <containsDINumber xsi:nil="true" />
        <pkgQuantity xsi:nil="true" />
        <pkgDiscontinueDate xsi:nil="true" />
        <pkgStatus xsi:nil="true" />
        <pkgType xsi:nil="true" />
      </identifier>
    </identifiers>
    <brandName>Lamaze</brandName>
    <versionModelNumber>Y5228L</versionModelNumber>
    <catalogNumber xsi:nil="true" />
    <dunsNumber>065183758</dunsNumber>
    <companyName>TOMY INTERNATIONAL, INC.</companyName>
    <deviceCount>1</deviceCount>
    <deviceDescription>Teether</deviceDescription>
    <DMExempt>false</DMExempt>
    <premarketExempt>true</premarketExempt>
    <deviceHCTP>false</deviceHCTP>
    <deviceKit>false</deviceKit>
    <deviceCombinationProduct>false</deviceCombinationProduct>
    <singleUse>false</singleUse>
    <lotBatch>false</lotBatch>
    <serialNumber>false</serialNumber>
    <manufacturingDate>true</manufacturingDate>
    <expirationDate>false</expirationDate>
    <donationIdNumber>false</donationIdNumber>
    <labeledContainsNRL>false</labeledContainsNRL>
    <labeledNoNRL>false</labeledNoNRL>
    <MRISafetyStatus>Labeling does not contain MRI Safety Information</MRISafetyStatus>
    <rx>false</rx>
    <otc>false</otc>
    <contacts />
    <gmdnTerms>
      <gmdn>
        <gmdnPTName>Teething device, fluid-filled</gmdnPTName>
        <gmdnPTDefinition>A circular or cylindrical device filled with fluid (e.g., water) intended to be bitten by a patient (infant or adult) to soothe gums during the teething process. This is a reusable device.</gmdnPTDefinition>
      </gmdn>
    </gmdnTerms>
    <productCodes>
      <fdaProductCode>
        <productCode>KKO</productCode>
        <productCodeName>Ring, Teething, Fluid-Filled</productCodeName>
      </fdaProductCode>
    </productCodes>
    <deviceSizes />
    <environmentalConditions />
    <sterilization>
      <deviceSterile>false</deviceSterile>
      <sterilizationPriorToUse>false</sterilizationPriorToUse>
      <methodTypes />
    </sterilization>
  </device>
  <device xmlns:xsi="http://www.w3.org/2001/XMLSchema-instance" xmlns="http://www.fda.gov/cdrh/gudid">
    <publicDeviceRecordKey>d3f5f7f8-7547-41be-afd9-daf518584357</publicDeviceRecordKey>
    <publicVersionStatus>Update</publicVersionStatus>
    <deviceRecordStatus>Published</deviceRecordStatus>
    <!--Note: publicVersionNumber is system generated and assigned to all device records to track public release updates to a device record-->
    <publicVersionNumber>3</publicVersionNumber>
    <publicVersionDate>2019-09-13</publicVersionDate>
    <devicePublishDate>2017-02-11</devicePublishDate>
    <deviceCommDistributionEndDate xsi:nil="true" />
    <deviceCommDistributionStatus>In Commercial Distribution</deviceCommDistributionStatus>
    <identifiers>
      <identifier>
        <deviceId>B268Y52880</deviceId>
        <deviceIdType>Primary</deviceIdType>
        <deviceIdIssuingAgency>HIBCC</deviceIdIssuingAgency>
        <containsDINumber xsi:nil="true" />
        <pkgQuantity xsi:nil="true" />
        <pkgDiscontinueDate xsi:nil="true" />
        <pkgStatus xsi:nil="true" />
        <pkgType xsi:nil="true" />
      </identifier>
      <identifier>
        <deviceId>B268Y52281</deviceId>
        <deviceIdType>Package</deviceIdType>
        <deviceIdIssuingAgency>HIBCC</deviceIdIssuingAgency>
        <containsDINumber>B268Y52880</containsDINumber>
        <pkgQuantity>1</pkgQuantity>
        <pkgDiscontinueDate xsi:nil="true" />
        <pkgStatus xsi:nil="true" />
        <pkgType>Retail</pkgType>
      </identifier>
      <identifier>
        <deviceId>B268Y52886</deviceId>
        <deviceIdType>Package</deviceIdType>
        <deviceIdIssuingAgency>HIBCC</deviceIdIssuingAgency>
        <containsDINumber>B268Y52281</containsDINumber>
        <pkgQuantity>6</pkgQuantity>
        <pkgDiscontinueDate xsi:nil="true" />
        <pkgStatus xsi:nil="true" />
        <pkgType>Inner Carton</pkgType>
      </identifier>
      <identifier>
        <deviceId>B268Y52889</deviceId>
        <deviceIdType>Package</deviceIdType>
        <deviceIdIssuingAgency>HIBCC</deviceIdIssuingAgency>
        <containsDINumber>B268Y52886</containsDINumber>
        <pkgQuantity>4</pkgQuantity>
        <pkgDiscontinueDate xsi:nil="true" />
        <pkgStatus xsi:nil="true" />
        <pkgType>Master Carton</pkgType>
      </identifier>
    </identifiers>
    <brandName>The First Years</brandName>
    <versionModelNumber>Y5288</versionModelNumber>
    <catalogNumber xsi:nil="true" />
    <dunsNumber>065183758</dunsNumber>
    <companyName>TOMY INTERNATIONAL, INC.</companyName>
    <deviceCount>1</deviceCount>
    <deviceDescription>Star Teether</deviceDescription>
    <DMExempt>false</DMExempt>
    <premarketExempt>true</premarketExempt>
    <deviceHCTP>false</deviceHCTP>
    <deviceKit>false</deviceKit>
    <deviceCombinationProduct>false</deviceCombinationProduct>
    <singleUse>false</singleUse>
    <lotBatch>false</lotBatch>
    <serialNumber>false</serialNumber>
    <manufacturingDate>true</manufacturingDate>
    <expirationDate>false</expirationDate>
    <donationIdNumber>false</donationIdNumber>
    <labeledContainsNRL>false</labeledContainsNRL>
    <labeledNoNRL>false</labeledNoNRL>
    <MRISafetyStatus>Labeling does not contain MRI Safety Information</MRISafetyStatus>
    <rx>false</rx>
    <otc>false</otc>
    <contacts />
    <gmdnTerms>
      <gmdn>
        <gmdnPTName>Teething device, fluid-filled</gmdnPTName>
        <gmdnPTDefinition>A circular or cylindrical device filled with fluid (e.g., water) intended to be bitten by a patient (infant or adult) to soothe gums during the teething process. This is a reusable device.</gmdnPTDefinition>
      </gmdn>
    </gmdnTerms>
    <productCodes>
      <fdaProductCode>
        <productCode>KKO</productCode>
        <productCodeName>Ring, Teething, Fluid-Filled</productCodeName>
      </fdaProductCode>
    </productCodes>
    <deviceSizes />
    <environmentalConditions />
    <sterilization>
      <deviceSterile>false</deviceSterile>
      <sterilizationPriorToUse>false</sterilizationPriorToUse>
      <methodTypes />
    </sterilization>
  </device>
  <device xmlns:xsi="http://www.w3.org/2001/XMLSchema-instance" xmlns="http://www.fda.gov/cdrh/gudid">
    <publicDeviceRecordKey>7c3fc839-46d7-4cf6-a244-cc0f680efc75</publicDeviceRecordKey>
    <publicVersionStatus>Update</publicVersionStatus>
    <deviceRecordStatus>Published</deviceRecordStatus>
    <!--Note: publicVersionNumber is system generated and assigned to all device records to track public release updates to a device record-->
    <publicVersionNumber>3</publicVersionNumber>
    <publicVersionDate>2019-09-13</publicVersionDate>
    <devicePublishDate>2018-07-01</devicePublishDate>
    <deviceCommDistributionEndDate xsi:nil="true" />
    <deviceCommDistributionStatus>In Commercial Distribution</deviceCommDistributionStatus>
    <identifiers>
      <identifier>
        <deviceId>B268L276198</deviceId>
        <deviceIdType>Package</deviceIdType>
        <deviceIdIssuingAgency>HIBCC</deviceIdIssuingAgency>
        <containsDINumber>B268L276192</containsDINumber>
        <pkgQuantity>4</pkgQuantity>
        <pkgDiscontinueDate xsi:nil="true" />
        <pkgStatus>In Commercial Distribution</pkgStatus>
        <pkgType>Master</pkgType>
      </identifier>
      <identifier>
        <deviceId>B268L276192</deviceId>
        <deviceIdType>Package</deviceIdType>
        <deviceIdIssuingAgency>HIBCC</deviceIdIssuingAgency>
        <containsDINumber>B268L276190</containsDINumber>
        <pkgQuantity>2</pkgQuantity>
        <pkgDiscontinueDate xsi:nil="true" />
        <pkgStatus>In Commercial Distribution</pkgStatus>
        <pkgType>Retail</pkgType>
      </identifier>
      <identifier>
        <deviceId>B268L276190</deviceId>
        <deviceIdType>Primary</deviceIdType>
        <deviceIdIssuingAgency>HIBCC</deviceIdIssuingAgency>
        <containsDINumber xsi:nil="true" />
        <pkgQuantity xsi:nil="true" />
        <pkgDiscontinueDate xsi:nil="true" />
        <pkgStatus xsi:nil="true" />
        <pkgType xsi:nil="true" />
      </identifier>
      <identifier>
        <deviceId>B268L276199</deviceId>
        <deviceIdType>Package</deviceIdType>
        <deviceIdIssuingAgency>HIBCC</deviceIdIssuingAgency>
        <containsDINumber>B268L276198</containsDINumber>
        <pkgQuantity>3</pkgQuantity>
        <pkgDiscontinueDate xsi:nil="true" />
        <pkgStatus>In Commercial Distribution</pkgStatus>
        <pkgType>Master</pkgType>
      </identifier>
    </identifiers>
    <brandName>Lamaze</brandName>
    <versionModelNumber>L27619</versionModelNumber>
    <catalogNumber>L27619</catalogNumber>
    <dunsNumber>065183758</dunsNumber>
    <companyName>TOMY INTERNATIONAL, INC.</companyName>
    <deviceCount>1</deviceCount>
    <deviceDescription>Water Filled Chill Teethers</deviceDescription>
    <DMExempt>false</DMExempt>
    <premarketExempt>true</premarketExempt>
    <deviceHCTP>false</deviceHCTP>
    <deviceKit>false</deviceKit>
    <deviceCombinationProduct>false</deviceCombinationProduct>
    <singleUse>false</singleUse>
    <lotBatch>false</lotBatch>
    <serialNumber>false</serialNumber>
    <manufacturingDate>true</manufacturingDate>
    <expirationDate>false</expirationDate>
    <donationIdNumber>false</donationIdNumber>
    <labeledContainsNRL>false</labeledContainsNRL>
    <labeledNoNRL>false</labeledNoNRL>
    <MRISafetyStatus>Labeling does not contain MRI Safety Information</MRISafetyStatus>
    <rx>false</rx>
    <otc>false</otc>
    <contacts />
    <gmdnTerms>
      <gmdn>
        <gmdnPTName>Teething device, fluid-filled</gmdnPTName>
        <gmdnPTDefinition>A circular or cylindrical device filled with fluid (e.g., water) intended to be bitten by a patient (infant or adult) to soothe gums during the teething process. This is a reusable device.</gmdnPTDefinition>
      </gmdn>
    </gmdnTerms>
    <productCodes>
      <fdaProductCode>
        <productCode>KKO</productCode>
        <productCodeName>Ring, Teething, Fluid-Filled</productCodeName>
      </fdaProductCode>
    </productCodes>
    <deviceSizes />
    <environmentalConditions />
    <sterilization>
      <deviceSterile>false</deviceSterile>
      <sterilizationPriorToUse>false</sterilizationPriorToUse>
      <methodTypes />
    </sterilization>
  </device>
  <device xmlns:xsi="http://www.w3.org/2001/XMLSchema-instance" xmlns="http://www.fda.gov/cdrh/gudid">
    <publicDeviceRecordKey>46d1a14b-7203-4d10-b879-2747a802515f</publicDeviceRecordKey>
    <publicVersionStatus>New</publicVersionStatus>
    <deviceRecordStatus>Published</deviceRecordStatus>
    <!--Note: publicVersionNumber is system generated and assigned to all device records to track public release updates to a device record-->
    <publicVersionNumber>1</publicVersionNumber>
    <publicVersionDate>2019-10-01</publicVersionDate>
    <devicePublishDate>2019-09-23</devicePublishDate>
    <deviceCommDistributionEndDate xsi:nil="true" />
    <deviceCommDistributionStatus>In Commercial Distribution</deviceCommDistributionStatus>
    <identifiers>
      <identifier>
        <deviceId>B268L274120</deviceId>
        <deviceIdType>Primary</deviceIdType>
        <deviceIdIssuingAgency>HIBCC</deviceIdIssuingAgency>
        <containsDINumber xsi:nil="true" />
        <pkgQuantity xsi:nil="true" />
        <pkgDiscontinueDate xsi:nil="true" />
        <pkgStatus xsi:nil="true" />
        <pkgType xsi:nil="true" />
      </identifier>
      <identifier>
        <deviceId>B268L274122</deviceId>
        <deviceIdType>Package</deviceIdType>
        <deviceIdIssuingAgency>HIBCC</deviceIdIssuingAgency>
        <containsDINumber>B268L274120</containsDINumber>
        <pkgQuantity>2</pkgQuantity>
        <pkgDiscontinueDate xsi:nil="true" />
        <pkgStatus>In Commercial Distribution</pkgStatus>
        <pkgType>Retail Package</pkgType>
      </identifier>
      <identifier>
        <deviceId>B268L274128</deviceId>
        <deviceIdType>Package</deviceIdType>
        <deviceIdIssuingAgency>HIBCC</deviceIdIssuingAgency>
        <containsDINumber>B268L274122</containsDINumber>
        <pkgQuantity>4</pkgQuantity>
        <pkgDiscontinueDate xsi:nil="true" />
        <pkgStatus>In Commercial Distribution</pkgStatus>
        <pkgType>Inner Carton</pkgType>
      </identifier>
      <identifier>
        <deviceId>B268L274129</deviceId>
        <deviceIdType>Package</deviceIdType>
        <deviceIdIssuingAgency>HIBCC</deviceIdIssuingAgency>
        <containsDINumber>B268L274128</containsDINumber>
        <pkgQuantity>3</pkgQuantity>
        <pkgDiscontinueDate xsi:nil="true" />
        <pkgStatus>In Commercial Distribution</pkgStatus>
        <pkgType>Master Carton</pkgType>
      </identifier>
    </identifiers>
    <brandName>LAMAZE/JOHN DEERE</brandName>
    <versionModelNumber>L27412</versionModelNumber>
    <catalogNumber>L27412</catalogNumber>
    <dunsNumber>065183758</dunsNumber>
    <companyName>TOMY INTERNATIONAL, INC.</companyName>
    <deviceCount>1</deviceCount>
    <deviceDescription>LAMAZE JD Chill Teether</deviceDescription>
    <DMExempt>false</DMExempt>
    <premarketExempt>true</premarketExempt>
    <deviceHCTP>false</deviceHCTP>
    <deviceKit>false</deviceKit>
    <deviceCombinationProduct>false</deviceCombinationProduct>
    <singleUse>false</singleUse>
    <lotBatch>false</lotBatch>
    <serialNumber>false</serialNumber>
    <manufacturingDate>true</manufacturingDate>
    <expirationDate>false</expirationDate>
    <donationIdNumber>false</donationIdNumber>
    <labeledContainsNRL>false</labeledContainsNRL>
    <labeledNoNRL>false</labeledNoNRL>
    <MRISafetyStatus>Labeling does not contain MRI Safety Information</MRISafetyStatus>
    <rx>false</rx>
    <otc>false</otc>
    <contacts />
    <gmdnTerms>
      <gmdn>
        <gmdnPTName>Teething device, fluid-filled</gmdnPTName>
        <gmdnPTDefinition>A circular or cylindrical device filled with fluid (e.g., water) intended to be bitten by a patient (infant or adult) to soothe gums during the teething process. This is a reusable device.</gmdnPTDefinition>
      </gmdn>
    </gmdnTerms>
    <productCodes>
      <fdaProductCode>
        <productCode>KKO</productCode>
        <productCodeName>Ring, Teething, Fluid-Filled</productCodeName>
      </fdaProductCode>
    </productCodes>
    <deviceSizes />
    <environmentalConditions />
    <sterilization>
      <deviceSterile>false</deviceSterile>
      <sterilizationPriorToUse>false</sterilizationPriorToUse>
      <methodTypes />
    </sterilization>
  </device>
</devices>