﻿<?xml version="1.0" encoding="UTF-8"?>
<devices>
  <device xmlns:xsi="http://www.w3.org/2001/XMLSchema-instance" xmlns="http://www.fda.gov/cdrh/gudid">
    <publicDeviceRecordKey>c5efdb39-970b-4893-b582-9abe33ffd8de</publicDeviceRecordKey>
    <publicVersionStatus>Update</publicVersionStatus>
    <deviceRecordStatus>Published</deviceRecordStatus>
    <!--Note: publicVersionNumber is system generated and assigned to all device records to track public release updates to a device record-->
    <publicVersionNumber>5</publicVersionNumber>
    <publicVersionDate>2023-04-04</publicVersionDate>
    <devicePublishDate>2019-07-11</devicePublishDate>
    <deviceCommDistributionEndDate>2022-03-01</deviceCommDistributionEndDate>
    <deviceCommDistributionStatus>Not in Commercial Distribution</deviceCommDistributionStatus>
    <identifiers>
      <identifier>
        <deviceId>50885380054165</deviceId>
        <deviceIdType>Package</deviceIdType>
        <deviceIdIssuingAgency>GS1</deviceIdIssuingAgency>
        <containsDINumber>10885380054167</containsDINumber>
        <pkgQuantity>10</pkgQuantity>
        <pkgDiscontinueDate>2022-03-01</pkgDiscontinueDate>
        <pkgStatus>Not in Commercial Distribution</pkgStatus>
        <pkgType>CASE</pkgType>
      </identifier>
      <identifier>
        <deviceId>10885380054167</deviceId>
        <deviceIdType>Primary</deviceIdType>
        <deviceIdIssuingAgency>GS1</deviceIdIssuingAgency>
        <containsDINumber xsi:nil="true" />
        <pkgQuantity xsi:nil="true" />
        <pkgDiscontinueDate xsi:nil="true" />
        <pkgStatus xsi:nil="true" />
        <pkgType xsi:nil="true" />
      </identifier>
    </identifiers>
    <brandName>CARDINAL HEALTH</brandName>
    <versionModelNumber>C-RGS1LB</versionModelNumber>
    <catalogNumber>C-RGS1LB</catalogNumber>
    <dunsNumber>961027315</dunsNumber>
    <companyName>Cardinal Health 200, LLC</companyName>
    <deviceCount>1</deviceCount>
    <deviceDescription>COTTON ROLL 1LB STERILE</deviceDescription>
    <DMExempt>false</DMExempt>
    <premarketExempt>true</premarketExempt>
    <deviceHCTP>false</deviceHCTP>
    <deviceKit>false</deviceKit>
    <deviceCombinationProduct>false</deviceCombinationProduct>
    <singleUse>true</singleUse>
    <lotBatch>true</lotBatch>
    <serialNumber>false</serialNumber>
    <manufacturingDate>false</manufacturingDate>
    <expirationDate>false</expirationDate>
    <donationIdNumber>false</donationIdNumber>
    <labeledContainsNRL>false</labeledContainsNRL>
    <labeledNoNRL>false</labeledNoNRL>
    <MRISafetyStatus>Labeling does not contain MRI Safety Information</MRISafetyStatus>
    <rx>false</rx>
    <otc>true</otc>
    <contacts />
    <gmdnTerms>
      <gmdn>
        <gmdnCode>48127</gmdnCode>
        <gmdnPTName>Woven gauze roll/sheet</gmdnPTName>
        <gmdnPTDefinition>A device in the form of a long length of stretchable, absorbent, woven material (e.g., cotton, cellulose), wound into a roll or folded, and typically designed for a variety of applications (non-dedicated) such as a primary wound dressing, dressing retention, and injury padding and compression. It is not a dedicated pressure dressing and does not include latex. This is a single-use device.</gmdnPTDefinition>
        <implantable>false</implantable>
        <gmdnCodeStatus>Active</gmdnCodeStatus>
      </gmdn>
    </gmdnTerms>
    <productCodes>
      <fdaProductCode>
        <productCode>EFN</productCode>
        <productCodeName>COTTON, ROLL</productCodeName>
      </fdaProductCode>
    </productCodes>
    <deviceSizes />
    <environmentalConditions />
    <sterilization>
      <deviceSterile>false</deviceSterile>
      <sterilizationPriorToUse>false</sterilizationPriorToUse>
      <methodTypes />
    </sterilization>
  </device>
  <device xmlns:xsi="http://www.w3.org/2001/XMLSchema-instance" xmlns="http://www.fda.gov/cdrh/gudid">
    <publicDeviceRecordKey>4a181226-6611-4625-87eb-9abdb11765c4</publicDeviceRecordKey>
    <publicVersionStatus>Update</publicVersionStatus>
    <deviceRecordStatus>Published</deviceRecordStatus>
    <!--Note: publicVersionNumber is system generated and assigned to all device records to track public release updates to a device record-->
    <publicVersionNumber>3</publicVersionNumber>
    <publicVersionDate>2022-03-01</publicVersionDate>
    <devicePublishDate>2019-07-10</devicePublishDate>
    <deviceCommDistributionEndDate>2022-03-01</deviceCommDistributionEndDate>
    <deviceCommDistributionStatus>Not in Commercial Distribution</deviceCommDistributionStatus>
    <identifiers>
      <identifier>
        <deviceId>50885380054158</deviceId>
        <deviceIdType>Package</deviceIdType>
        <deviceIdIssuingAgency>GS1</deviceIdIssuingAgency>
        <containsDINumber>10885380054150</containsDINumber>
        <pkgQuantity>25</pkgQuantity>
        <pkgDiscontinueDate>2022-03-01</pkgDiscontinueDate>
        <pkgStatus>Not in Commercial Distribution</pkgStatus>
        <pkgType>CASE</pkgType>
      </identifier>
      <identifier>
        <deviceId>10885380054150</deviceId>
        <deviceIdType>Primary</deviceIdType>
        <deviceIdIssuingAgency>GS1</deviceIdIssuingAgency>
        <containsDINumber xsi:nil="true" />
        <pkgQuantity xsi:nil="true" />
        <pkgDiscontinueDate xsi:nil="true" />
        <pkgStatus xsi:nil="true" />
        <pkgType xsi:nil="true" />
      </identifier>
    </identifiers>
    <brandName>CARDINAL HEALTH</brandName>
    <versionModelNumber>C-RG1LB</versionModelNumber>
    <catalogNumber>C-RG1LB</catalogNumber>
    <dunsNumber>961027315</dunsNumber>
    <companyName>Cardinal Health 200, LLC</companyName>
    <deviceCount>1</deviceCount>
    <deviceDescription>COTTON ROLL, 1LB, NON-STERILE</deviceDescription>
    <DMExempt>false</DMExempt>
    <premarketExempt>true</premarketExempt>
    <deviceHCTP>false</deviceHCTP>
    <deviceKit>false</deviceKit>
    <deviceCombinationProduct>false</deviceCombinationProduct>
    <singleUse>true</singleUse>
    <lotBatch>true</lotBatch>
    <serialNumber>false</serialNumber>
    <manufacturingDate>false</manufacturingDate>
    <expirationDate>false</expirationDate>
    <donationIdNumber>false</donationIdNumber>
    <labeledContainsNRL>false</labeledContainsNRL>
    <labeledNoNRL>false</labeledNoNRL>
    <MRISafetyStatus>Labeling does not contain MRI Safety Information</MRISafetyStatus>
    <rx>false</rx>
    <otc>true</otc>
    <contacts />
    <gmdnTerms>
      <gmdn>
        <gmdnCode>48126</gmdnCode>
        <gmdnPTName>Woven gauze roll, non-sterile</gmdnPTName>
        <gmdnPTDefinition>A non-sterile device in the form of a long strip of stretchable, absorbent, woven material (e.g., cotton, cellulose), wound into a roll, and typically designed for a variety of applications (non-dedicated) such as a primary wound dressing, dressing retention, injury padding and compression. It is not a dedicated pressure dressing and does not include latex. This is a single-use device.</gmdnPTDefinition>
        <implantable>false</implantable>
        <gmdnCodeStatus>Obsolete</gmdnCodeStatus>
      </gmdn>
    </gmdnTerms>
    <productCodes>
      <fdaProductCode>
        <productCode>EFN</productCode>
        <productCodeName>COTTON, ROLL</productCodeName>
      </fdaProductCode>
    </productCodes>
    <deviceSizes />
    <environmentalConditions />
    <sterilization>
      <deviceSterile>false</deviceSterile>
      <sterilizationPriorToUse>false</sterilizationPriorToUse>
      <methodTypes />
    </sterilization>
  </device>
  <device xmlns:xsi="http://www.w3.org/2001/XMLSchema-instance" xmlns="http://www.fda.gov/cdrh/gudid">
    <publicDeviceRecordKey>2d62c14c-bbcf-4318-8c86-6478cf3aa5c1</publicDeviceRecordKey>
    <publicVersionStatus>Update</publicVersionStatus>
    <deviceRecordStatus>Published</deviceRecordStatus>
    <!--Note: publicVersionNumber is system generated and assigned to all device records to track public release updates to a device record-->
    <publicVersionNumber>3</publicVersionNumber>
    <publicVersionDate>2022-03-01</publicVersionDate>
    <devicePublishDate>2019-07-10</devicePublishDate>
    <deviceCommDistributionEndDate>2022-03-01</deviceCommDistributionEndDate>
    <deviceCommDistributionStatus>Not in Commercial Distribution</deviceCommDistributionStatus>
    <identifiers>
      <identifier>
        <deviceId>50885380054141</deviceId>
        <deviceIdType>Package</deviceIdType>
        <deviceIdIssuingAgency>GS1</deviceIdIssuingAgency>
        <containsDINumber>10885380054143</containsDINumber>
        <pkgQuantity>10</pkgQuantity>
        <pkgDiscontinueDate>2022-03-01</pkgDiscontinueDate>
        <pkgStatus>Not in Commercial Distribution</pkgStatus>
        <pkgType>CASE</pkgType>
      </identifier>
      <identifier>
        <deviceId>10885380054143</deviceId>
        <deviceIdType>Primary</deviceIdType>
        <deviceIdIssuingAgency>GS1</deviceIdIssuingAgency>
        <containsDINumber xsi:nil="true" />
        <pkgQuantity xsi:nil="true" />
        <pkgDiscontinueDate xsi:nil="true" />
        <pkgStatus xsi:nil="true" />
        <pkgType xsi:nil="true" />
      </identifier>
    </identifiers>
    <brandName>CARDINAL HEALTH</brandName>
    <versionModelNumber>C-RG91008</versionModelNumber>
    <catalogNumber>C-RG91008</catalogNumber>
    <dunsNumber>961027315</dunsNumber>
    <companyName>Cardinal Health 200, LLC</companyName>
    <deviceCount>1</deviceCount>
    <deviceDescription>ROLL GAUZE BNDG 9INX100YD, 4-PLY NS</deviceDescription>
    <DMExempt>false</DMExempt>
    <premarketExempt>true</premarketExempt>
    <deviceHCTP>false</deviceHCTP>
    <deviceKit>false</deviceKit>
    <deviceCombinationProduct>false</deviceCombinationProduct>
    <singleUse>true</singleUse>
    <lotBatch>true</lotBatch>
    <serialNumber>false</serialNumber>
    <manufacturingDate>false</manufacturingDate>
    <expirationDate>false</expirationDate>
    <donationIdNumber>false</donationIdNumber>
    <labeledContainsNRL>false</labeledContainsNRL>
    <labeledNoNRL>false</labeledNoNRL>
    <MRISafetyStatus>Labeling does not contain MRI Safety Information</MRISafetyStatus>
    <rx>false</rx>
    <otc>true</otc>
    <contacts />
    <gmdnTerms>
      <gmdn>
        <gmdnCode>48126</gmdnCode>
        <gmdnPTName>Woven gauze roll, non-sterile</gmdnPTName>
        <gmdnPTDefinition>A non-sterile device in the form of a long strip of stretchable, absorbent, woven material (e.g., cotton, cellulose), wound into a roll, and typically designed for a variety of applications (non-dedicated) such as a primary wound dressing, dressing retention, injury padding and compression. It is not a dedicated pressure dressing and does not include latex. This is a single-use device.</gmdnPTDefinition>
        <implantable>false</implantable>
        <gmdnCodeStatus>Obsolete</gmdnCodeStatus>
      </gmdn>
    </gmdnTerms>
    <productCodes>
      <fdaProductCode>
        <productCode>EFN</productCode>
        <productCodeName>COTTON, ROLL</productCodeName>
      </fdaProductCode>
    </productCodes>
    <deviceSizes />
    <environmentalConditions />
    <sterilization>
      <deviceSterile>false</deviceSterile>
      <sterilizationPriorToUse>false</sterilizationPriorToUse>
      <methodTypes />
    </sterilization>
  </device>
  <device xmlns:xsi="http://www.w3.org/2001/XMLSchema-instance" xmlns="http://www.fda.gov/cdrh/gudid">
    <publicDeviceRecordKey>54ccf07b-f26d-4b46-a710-a5d85f9e16ad</publicDeviceRecordKey>
    <publicVersionStatus>Update</publicVersionStatus>
    <deviceRecordStatus>Published</deviceRecordStatus>
    <!--Note: publicVersionNumber is system generated and assigned to all device records to track public release updates to a device record-->
    <publicVersionNumber>3</publicVersionNumber>
    <publicVersionDate>2022-03-01</publicVersionDate>
    <devicePublishDate>2019-07-10</devicePublishDate>
    <deviceCommDistributionEndDate>2022-03-01</deviceCommDistributionEndDate>
    <deviceCommDistributionStatus>Not in Commercial Distribution</deviceCommDistributionStatus>
    <identifiers>
      <identifier>
        <deviceId>50885380054134</deviceId>
        <deviceIdType>Package</deviceIdType>
        <deviceIdIssuingAgency>GS1</deviceIdIssuingAgency>
        <containsDINumber>10885380054136</containsDINumber>
        <pkgQuantity>10</pkgQuantity>
        <pkgDiscontinueDate>2022-03-01</pkgDiscontinueDate>
        <pkgStatus>Not in Commercial Distribution</pkgStatus>
        <pkgType>CASE</pkgType>
      </identifier>
      <identifier>
        <deviceId>10885380054136</deviceId>
        <deviceIdType>Primary</deviceIdType>
        <deviceIdIssuingAgency>GS1</deviceIdIssuingAgency>
        <containsDINumber xsi:nil="true" />
        <pkgQuantity xsi:nil="true" />
        <pkgDiscontinueDate xsi:nil="true" />
        <pkgStatus xsi:nil="true" />
        <pkgType xsi:nil="true" />
      </identifier>
    </identifiers>
    <brandName>CARDINAL HEALTH</brandName>
    <versionModelNumber>C-RG451008</versionModelNumber>
    <catalogNumber>C-RG451008</catalogNumber>
    <dunsNumber>961027315</dunsNumber>
    <companyName>Cardinal Health 200, LLC</companyName>
    <deviceCount>1</deviceCount>
    <deviceDescription>ROLL GAUZE BNDG 4.5INX100YD 8PLY NS</deviceDescription>
    <DMExempt>false</DMExempt>
    <premarketExempt>true</premarketExempt>
    <deviceHCTP>false</deviceHCTP>
    <deviceKit>false</deviceKit>
    <deviceCombinationProduct>false</deviceCombinationProduct>
    <singleUse>true</singleUse>
    <lotBatch>true</lotBatch>
    <serialNumber>false</serialNumber>
    <manufacturingDate>false</manufacturingDate>
    <expirationDate>false</expirationDate>
    <donationIdNumber>false</donationIdNumber>
    <labeledContainsNRL>false</labeledContainsNRL>
    <labeledNoNRL>false</labeledNoNRL>
    <MRISafetyStatus>Labeling does not contain MRI Safety Information</MRISafetyStatus>
    <rx>false</rx>
    <otc>true</otc>
    <contacts />
    <gmdnTerms>
      <gmdn>
        <gmdnCode>48126</gmdnCode>
        <gmdnPTName>Woven gauze roll, non-sterile</gmdnPTName>
        <gmdnPTDefinition>A non-sterile device in the form of a long strip of stretchable, absorbent, woven material (e.g., cotton, cellulose), wound into a roll, and typically designed for a variety of applications (non-dedicated) such as a primary wound dressing, dressing retention, injury padding and compression. It is not a dedicated pressure dressing and does not include latex. This is a single-use device.</gmdnPTDefinition>
        <implantable>false</implantable>
        <gmdnCodeStatus>Obsolete</gmdnCodeStatus>
      </gmdn>
    </gmdnTerms>
    <productCodes>
      <fdaProductCode>
        <productCode>EFN</productCode>
        <productCodeName>COTTON, ROLL</productCodeName>
      </fdaProductCode>
    </productCodes>
    <deviceSizes />
    <environmentalConditions />
    <sterilization>
      <deviceSterile>false</deviceSterile>
      <sterilizationPriorToUse>false</sterilizationPriorToUse>
      <methodTypes />
    </sterilization>
  </device>
  <device xmlns:xsi="http://www.w3.org/2001/XMLSchema-instance" xmlns="http://www.fda.gov/cdrh/gudid">
    <publicDeviceRecordKey>6165be05-7197-42b8-a3e0-bd6761e6850e</publicDeviceRecordKey>
    <publicVersionStatus>Update</publicVersionStatus>
    <deviceRecordStatus>Published</deviceRecordStatus>
    <!--Note: publicVersionNumber is system generated and assigned to all device records to track public release updates to a device record-->
    <publicVersionNumber>2</publicVersionNumber>
    <publicVersionDate>2019-02-15</publicVersionDate>
    <devicePublishDate>2018-06-22</devicePublishDate>
    <deviceCommDistributionEndDate xsi:nil="true" />
    <deviceCommDistributionStatus>In Commercial Distribution</deviceCommDistributionStatus>
    <identifiers>
      <identifier>
        <deviceId>20884521195544</deviceId>
        <deviceIdType>Package</deviceIdType>
        <deviceIdIssuingAgency>GS1</deviceIdIssuingAgency>
        <containsDINumber>10884521195547</containsDINumber>
        <pkgQuantity>100</pkgQuantity>
        <pkgDiscontinueDate xsi:nil="true" />
        <pkgStatus>In Commercial Distribution</pkgStatus>
        <pkgType>PACK_OR_INNER_PACK</pkgType>
      </identifier>
      <identifier>
        <deviceId>10884521195547</deviceId>
        <deviceIdType>Primary</deviceIdType>
        <deviceIdIssuingAgency>GS1</deviceIdIssuingAgency>
        <containsDINumber xsi:nil="true" />
        <pkgQuantity xsi:nil="true" />
        <pkgDiscontinueDate xsi:nil="true" />
        <pkgStatus xsi:nil="true" />
        <pkgType xsi:nil="true" />
      </identifier>
      <identifier>
        <deviceId>30884521195541</deviceId>
        <deviceIdType>Package</deviceIdType>
        <deviceIdIssuingAgency>GS1</deviceIdIssuingAgency>
        <containsDINumber>10884521195547</containsDINumber>
        <pkgQuantity>800</pkgQuantity>
        <pkgDiscontinueDate xsi:nil="true" />
        <pkgStatus>In Commercial Distribution</pkgStatus>
        <pkgType>CASE</pkgType>
      </identifier>
    </identifiers>
    <brandName>Monoject</brandName>
    <versionModelNumber>1180327114E</versionModelNumber>
    <catalogNumber>1180327114E</catalogNumber>
    <dunsNumber>080935429</dunsNumber>
    <companyName>Cardinal Health, Inc.</companyName>
    <deviceCount>1</deviceCount>
    <deviceDescription>Endodontic Irrigation Syringe with Needle</deviceDescription>
    <DMExempt>false</DMExempt>
    <premarketExempt>true</premarketExempt>
    <deviceHCTP>false</deviceHCTP>
    <deviceKit>false</deviceKit>
    <deviceCombinationProduct>false</deviceCombinationProduct>
    <singleUse>true</singleUse>
    <lotBatch>true</lotBatch>
    <serialNumber>false</serialNumber>
    <manufacturingDate>false</manufacturingDate>
    <expirationDate>true</expirationDate>
    <donationIdNumber>false</donationIdNumber>
    <labeledContainsNRL>false</labeledContainsNRL>
    <labeledNoNRL>false</labeledNoNRL>
    <MRISafetyStatus>Labeling does not contain MRI Safety Information</MRISafetyStatus>
    <rx>true</rx>
    <otc>false</otc>
    <contacts>
      <customerContact>
        <phone>+1(508)261-8000</phone>
        <phoneExtension xsi:nil="true" />
        <email>covidien.udi@covidien.com</email>
      </customerContact>
    </contacts>
    <gmdnTerms>
      <gmdn>
        <gmdnCode>12740</gmdnCode>
        <gmdnPTName>Dental syringe needle, single-use</gmdnPTName>
        <gmdnPTDefinition>A sterile, sharp bevel-edged, hollow tubular metal instrument with an integral hub, typically intended to be attached to a dental cartridge syringe for the injection of local anaesthetics. This is a single-use device.</gmdnPTDefinition>
        <implantable>false</implantable>
        <gmdnCodeStatus>Active</gmdnCodeStatus>
      </gmdn>
    </gmdnTerms>
    <productCodes>
      <fdaProductCode>
        <productCode>EIC</productCode>
        <productCodeName>SYRINGE, PERIODONTIC, ENDODONTIC, IRRIGATING</productCodeName>
      </fdaProductCode>
    </productCodes>
    <deviceSizes>
      <deviceSize>
        <sizeType>Length</sizeType>
        <size value="1.25" unit="Inch" />
        <sizeText xsi:nil="true" />
      </deviceSize>
      <deviceSize>
        <sizeType>Device Size Text, specify</sizeType>
        <size value="" unit="" />
        <sizeText>Needle Gauge,27,Gauge;</sizeText>
      </deviceSize>
    </deviceSizes>
    <environmentalConditions>
      <storageHandling>
        <storageHandlingType>Special Storage Condition, Specify</storageHandlingType>
        <storageHandlingHigh value="" unit="" />
        <storageHandlingLow value="" unit="" />
        <storageHandlingSpecialConditionText>Keep dry;</storageHandlingSpecialConditionText>
      </storageHandling>
    </environmentalConditions>
    <sterilization>
      <deviceSterile>true</deviceSterile>
      <sterilizationPriorToUse>false</sterilizationPriorToUse>
      <methodTypes />
    </sterilization>
  </device>
  <device xmlns:xsi="http://www.w3.org/2001/XMLSchema-instance" xmlns="http://www.fda.gov/cdrh/gudid">
    <publicDeviceRecordKey>f880c39b-29f1-47f0-bd69-cf61fb5b6587</publicDeviceRecordKey>
    <publicVersionStatus>Update</publicVersionStatus>
    <deviceRecordStatus>Published</deviceRecordStatus>
    <!--Note: publicVersionNumber is system generated and assigned to all device records to track public release updates to a device record-->
    <publicVersionNumber>4</publicVersionNumber>
    <publicVersionDate>2022-05-10</publicVersionDate>
    <devicePublishDate>2018-06-30</devicePublishDate>
    <deviceCommDistributionEndDate>2025-12-31</deviceCommDistributionEndDate>
    <deviceCommDistributionStatus>In Commercial Distribution</deviceCommDistributionStatus>
    <identifiers>
      <identifier>
        <deviceId>20884521158204</deviceId>
        <deviceIdType>Package</deviceIdType>
        <deviceIdIssuingAgency>GS1</deviceIdIssuingAgency>
        <containsDINumber>10884521158207</containsDINumber>
        <pkgQuantity>500</pkgQuantity>
        <pkgDiscontinueDate>2025-12-31</pkgDiscontinueDate>
        <pkgStatus>In Commercial Distribution</pkgStatus>
        <pkgType>CASE</pkgType>
      </identifier>
      <identifier>
        <deviceId>10884521158207</deviceId>
        <deviceIdType>Primary</deviceIdType>
        <deviceIdIssuingAgency>GS1</deviceIdIssuingAgency>
        <containsDINumber xsi:nil="true" />
        <pkgQuantity xsi:nil="true" />
        <pkgDiscontinueDate xsi:nil="true" />
        <pkgStatus xsi:nil="true" />
        <pkgType xsi:nil="true" />
      </identifier>
      <identifier>
        <deviceId>30884521158201</deviceId>
        <deviceIdType>Unit of Use</deviceIdType>
        <deviceIdIssuingAgency>GS1</deviceIdIssuingAgency>
        <containsDINumber xsi:nil="true" />
        <pkgQuantity xsi:nil="true" />
        <pkgDiscontinueDate xsi:nil="true" />
        <pkgStatus xsi:nil="true" />
        <pkgType xsi:nil="true" />
      </identifier>
    </identifiers>
    <brandName>Argyle</brandName>
    <versionModelNumber>8881443009</versionModelNumber>
    <catalogNumber>8881443009</catalogNumber>
    <dunsNumber>080935429</dunsNumber>
    <companyName>Cardinal Health, Inc.</companyName>
    <deviceCount>100</deviceCount>
    <deviceDescription>Oral Evacuator,Opaque</deviceDescription>
    <DMExempt>false</DMExempt>
    <premarketExempt>true</premarketExempt>
    <deviceHCTP>false</deviceHCTP>
    <deviceKit>false</deviceKit>
    <deviceCombinationProduct>false</deviceCombinationProduct>
    <singleUse>true</singleUse>
    <lotBatch>true</lotBatch>
    <serialNumber>false</serialNumber>
    <manufacturingDate>false</manufacturingDate>
    <expirationDate>false</expirationDate>
    <donationIdNumber>false</donationIdNumber>
    <labeledContainsNRL>false</labeledContainsNRL>
    <labeledNoNRL>false</labeledNoNRL>
    <MRISafetyStatus>Labeling does not contain MRI Safety Information</MRISafetyStatus>
    <rx>false</rx>
    <otc>true</otc>
    <contacts>
      <customerContact>
        <phone>+1(508)261-8000</phone>
        <phoneExtension xsi:nil="true" />
        <email>covidien.udi@covidien.com</email>
      </customerContact>
    </contacts>
    <gmdnTerms>
      <gmdn>
        <gmdnCode>34859</gmdnCode>
        <gmdnPTName>Dental suction system</gmdnPTName>
        <gmdnPTDefinition>An assembly of devices designed to aspirate water, blood, saliva, and tooth debris from the oral cavity by means of suction, to maintain a clear operative site during dental surgical, professional hygiene, and orthodontic procedures. It consists of an electrically-powered suction pump with a control knob and patient contact devices (typically suction handpiece/tip); collection containers, spittoon, tubing, and amalgam separator are also often included.</gmdnPTDefinition>
        <implantable>false</implantable>
        <gmdnCodeStatus>Active</gmdnCodeStatus>
      </gmdn>
    </gmdnTerms>
    <productCodes>
      <fdaProductCode>
        <productCode>EHZ</productCode>
        <productCodeName>Evacuator, oral cavity</productCodeName>
      </fdaProductCode>
    </productCodes>
    <deviceSizes />
    <environmentalConditions>
      <storageHandling>
        <storageHandlingType>Special Storage Condition, Specify</storageHandlingType>
        <storageHandlingHigh value="" unit="" />
        <storageHandlingLow value="" unit="" />
        <storageHandlingSpecialConditionText>Keep dry;AVOID DIRECT SUNLIGHT</storageHandlingSpecialConditionText>
      </storageHandling>
    </environmentalConditions>
    <sterilization>
      <deviceSterile>false</deviceSterile>
      <sterilizationPriorToUse>false</sterilizationPriorToUse>
      <methodTypes />
    </sterilization>
  </device>
  <device xmlns:xsi="http://www.w3.org/2001/XMLSchema-instance" xmlns="http://www.fda.gov/cdrh/gudid">
    <publicDeviceRecordKey>52914890-aa8a-4c03-ba0e-0d6bc107a56b</publicDeviceRecordKey>
    <publicVersionStatus>Update</publicVersionStatus>
    <deviceRecordStatus>Published</deviceRecordStatus>
    <!--Note: publicVersionNumber is system generated and assigned to all device records to track public release updates to a device record-->
    <publicVersionNumber>4</publicVersionNumber>
    <publicVersionDate>2023-10-27</publicVersionDate>
    <devicePublishDate>2018-06-30</devicePublishDate>
    <deviceCommDistributionEndDate>2025-12-31</deviceCommDistributionEndDate>
    <deviceCommDistributionStatus>In Commercial Distribution</deviceCommDistributionStatus>
    <identifiers>
      <identifier>
        <deviceId>20884521020334</deviceId>
        <deviceIdType>Package</deviceIdType>
        <deviceIdIssuingAgency>GS1</deviceIdIssuingAgency>
        <containsDINumber>10884521020337</containsDINumber>
        <pkgQuantity>1000</pkgQuantity>
        <pkgDiscontinueDate>2025-12-31</pkgDiscontinueDate>
        <pkgStatus>In Commercial Distribution</pkgStatus>
        <pkgType>CASE</pkgType>
      </identifier>
      <identifier>
        <deviceId>10884521020337</deviceId>
        <deviceIdType>Primary</deviceIdType>
        <deviceIdIssuingAgency>GS1</deviceIdIssuingAgency>
        <containsDINumber xsi:nil="true" />
        <pkgQuantity xsi:nil="true" />
        <pkgDiscontinueDate xsi:nil="true" />
        <pkgStatus xsi:nil="true" />
        <pkgType xsi:nil="true" />
      </identifier>
      <identifier>
        <deviceId>30884521020331</deviceId>
        <deviceIdType>Unit of Use</deviceIdType>
        <deviceIdIssuingAgency>GS1</deviceIdIssuingAgency>
        <containsDINumber xsi:nil="true" />
        <pkgQuantity xsi:nil="true" />
        <pkgDiscontinueDate xsi:nil="true" />
        <pkgStatus xsi:nil="true" />
        <pkgType xsi:nil="true" />
      </identifier>
    </identifiers>
    <brandName>Argyle</brandName>
    <versionModelNumber>8881450004</versionModelNumber>
    <catalogNumber>8881450004</catalogNumber>
    <dunsNumber>080935429</dunsNumber>
    <companyName>Cardinal Health, Inc.</companyName>
    <deviceCount>250</deviceCount>
    <deviceDescription>Saliva Ejector Flexible Lightweight Vinyl</deviceDescription>
    <DMExempt>false</DMExempt>
    <premarketExempt>true</premarketExempt>
    <deviceHCTP>false</deviceHCTP>
    <deviceKit>false</deviceKit>
    <deviceCombinationProduct>false</deviceCombinationProduct>
    <singleUse>true</singleUse>
    <lotBatch>true</lotBatch>
    <serialNumber>false</serialNumber>
    <manufacturingDate>false</manufacturingDate>
    <expirationDate>false</expirationDate>
    <donationIdNumber>false</donationIdNumber>
    <labeledContainsNRL>false</labeledContainsNRL>
    <labeledNoNRL>false</labeledNoNRL>
    <MRISafetyStatus>Labeling does not contain MRI Safety Information</MRISafetyStatus>
    <rx>false</rx>
    <otc>true</otc>
    <contacts />
    <gmdnTerms>
      <gmdn>
        <gmdnCode>34859</gmdnCode>
        <gmdnPTName>Dental suction system</gmdnPTName>
        <gmdnPTDefinition>An assembly of devices designed to aspirate water, blood, saliva, and tooth debris from the oral cavity by means of suction, to maintain a clear operative site during dental surgical, professional hygiene, and orthodontic procedures. It consists of an electrically-powered suction pump with a control knob and patient contact devices (typically suction handpiece/tip); collection containers, spittoon, tubing, and amalgam separator are also often included.</gmdnPTDefinition>
        <implantable>false</implantable>
        <gmdnCodeStatus>Active</gmdnCodeStatus>
      </gmdn>
    </gmdnTerms>
    <productCodes>
      <fdaProductCode>
        <productCode>DYN</productCode>
        <productCodeName>Mouthpiece, saliva ejector</productCodeName>
      </fdaProductCode>
    </productCodes>
    <deviceSizes />
    <environmentalConditions>
      <storageHandling>
        <storageHandlingType>Special Storage Condition, Specify</storageHandlingType>
        <storageHandlingHigh value="" unit="" />
        <storageHandlingLow value="" unit="" />
        <storageHandlingSpecialConditionText>Keep dry;AVOID DIRECT SUNLIGHT</storageHandlingSpecialConditionText>
      </storageHandling>
    </environmentalConditions>
    <sterilization>
      <deviceSterile>false</deviceSterile>
      <sterilizationPriorToUse>false</sterilizationPriorToUse>
      <methodTypes />
    </sterilization>
  </device>
  <device xmlns:xsi="http://www.w3.org/2001/XMLSchema-instance" xmlns="http://www.fda.gov/cdrh/gudid">
    <publicDeviceRecordKey>f72dd883-c74f-4c50-a8ef-b85caddf4ac3</publicDeviceRecordKey>
    <publicVersionStatus>Update</publicVersionStatus>
    <deviceRecordStatus>Published</deviceRecordStatus>
    <!--Note: publicVersionNumber is system generated and assigned to all device records to track public release updates to a device record-->
    <publicVersionNumber>2</publicVersionNumber>
    <publicVersionDate>2019-02-15</publicVersionDate>
    <devicePublishDate>2018-06-30</devicePublishDate>
    <deviceCommDistributionEndDate xsi:nil="true" />
    <deviceCommDistributionStatus>In Commercial Distribution</deviceCommDistributionStatus>
    <identifiers>
      <identifier>
        <deviceId>20884521010441</deviceId>
        <deviceIdType>Package</deviceIdType>
        <deviceIdIssuingAgency>GS1</deviceIdIssuingAgency>
        <containsDINumber>10884521010444</containsDINumber>
        <pkgQuantity>100</pkgQuantity>
        <pkgDiscontinueDate xsi:nil="true" />
        <pkgStatus>In Commercial Distribution</pkgStatus>
        <pkgType>CASE</pkgType>
      </identifier>
      <identifier>
        <deviceId>10884521010444</deviceId>
        <deviceIdType>Primary</deviceIdType>
        <deviceIdIssuingAgency>GS1</deviceIdIssuingAgency>
        <containsDINumber xsi:nil="true" />
        <pkgQuantity xsi:nil="true" />
        <pkgDiscontinueDate xsi:nil="true" />
        <pkgStatus xsi:nil="true" />
        <pkgType xsi:nil="true" />
      </identifier>
      <identifier>
        <deviceId>40884521010445</deviceId>
        <deviceIdType>Package</deviceIdType>
        <deviceIdIssuingAgency>GS1</deviceIdIssuingAgency>
        <containsDINumber>10884521010444</containsDINumber>
        <pkgQuantity>2800</pkgQuantity>
        <pkgDiscontinueDate xsi:nil="true" />
        <pkgStatus>In Commercial Distribution</pkgStatus>
        <pkgType>CASE</pkgType>
      </identifier>
      <identifier>
        <deviceId>50884521010442</deviceId>
        <deviceIdType>Unit of Use</deviceIdType>
        <deviceIdIssuingAgency>GS1</deviceIdIssuingAgency>
        <containsDINumber xsi:nil="true" />
        <pkgQuantity xsi:nil="true" />
        <pkgDiscontinueDate xsi:nil="true" />
        <pkgStatus xsi:nil="true" />
        <pkgType xsi:nil="true" />
      </identifier>
    </identifiers>
    <brandName>Monoject</brandName>
    <versionModelNumber>8881471273</versionModelNumber>
    <catalogNumber>8881471273</catalogNumber>
    <dunsNumber>080935429</dunsNumber>
    <companyName>Cardinal Health, Inc.</companyName>
    <deviceCount>25</deviceCount>
    <deviceDescription>Endodontic Needle</deviceDescription>
    <DMExempt>false</DMExempt>
    <premarketExempt>true</premarketExempt>
    <deviceHCTP>false</deviceHCTP>
    <deviceKit>false</deviceKit>
    <deviceCombinationProduct>false</deviceCombinationProduct>
    <singleUse>true</singleUse>
    <lotBatch>true</lotBatch>
    <serialNumber>false</serialNumber>
    <manufacturingDate>false</manufacturingDate>
    <expirationDate>true</expirationDate>
    <donationIdNumber>false</donationIdNumber>
    <labeledContainsNRL>false</labeledContainsNRL>
    <labeledNoNRL>false</labeledNoNRL>
    <MRISafetyStatus>Labeling does not contain MRI Safety Information</MRISafetyStatus>
    <rx>false</rx>
    <otc>true</otc>
    <contacts>
      <customerContact>
        <phone>+1(508)261-8000</phone>
        <phoneExtension xsi:nil="true" />
        <email>covidien.udi@covidien.com</email>
      </customerContact>
    </contacts>
    <gmdnTerms>
      <gmdn>
        <gmdnCode>35970</gmdnCode>
        <gmdnPTName>Dental irrigation/aspiration syringe</gmdnPTName>
        <gmdnPTDefinition>A hand-held manual dental device (a plunger-type syringe) designed to inject and/or aspirate a volume of solution into the working area in the oral cavity. It typically consists of a small syringe (e.g., 3 ml) and is used for washing and aspirating the pulp cavity and root canal to remove debris. It is hand-operated by the user who exerts a steady pressure on, e.g., thumb rings and/or swivel finger bars, which exerts pressure on the syringe plunger forcing the washing/rinsing fluids through an attached needle (e.g., a blunt or very fine needle) directly at the operative site. This is a reusable device.</gmdnPTDefinition>
        <implantable>false</implantable>
        <gmdnCodeStatus>Active</gmdnCodeStatus>
      </gmdn>
    </gmdnTerms>
    <productCodes>
      <fdaProductCode>
        <productCode>EIC</productCode>
        <productCodeName>SYRINGE, PERIODONTIC, ENDODONTIC, IRRIGATING</productCodeName>
      </fdaProductCode>
    </productCodes>
    <deviceSizes>
      <deviceSize>
        <sizeType>Device Size Text, specify</sizeType>
        <size value="" unit="" />
        <sizeText>Needle Gauge,27,Gauge;</sizeText>
      </deviceSize>
      <deviceSize>
        <sizeType>Length</sizeType>
        <size value="1.25" unit="Inch" />
        <sizeText xsi:nil="true" />
      </deviceSize>
    </deviceSizes>
    <environmentalConditions>
      <storageHandling>
        <storageHandlingType>Special Storage Condition, Specify</storageHandlingType>
        <storageHandlingHigh value="" unit="" />
        <storageHandlingLow value="" unit="" />
        <storageHandlingSpecialConditionText>Keep Dry;AVOID DIRECT SUNLIGHT</storageHandlingSpecialConditionText>
      </storageHandling>
    </environmentalConditions>
    <sterilization>
      <deviceSterile>true</deviceSterile>
      <sterilizationPriorToUse>false</sterilizationPriorToUse>
      <methodTypes />
    </sterilization>
  </device>
  <device xmlns:xsi="http://www.w3.org/2001/XMLSchema-instance" xmlns="http://www.fda.gov/cdrh/gudid">
    <publicDeviceRecordKey>598ceead-65d9-4764-9a53-d229016553b5</publicDeviceRecordKey>
    <publicVersionStatus>Update</publicVersionStatus>
    <deviceRecordStatus>Published</deviceRecordStatus>
    <!--Note: publicVersionNumber is system generated and assigned to all device records to track public release updates to a device record-->
    <publicVersionNumber>2</publicVersionNumber>
    <publicVersionDate>2019-02-15</publicVersionDate>
    <devicePublishDate>2018-06-30</devicePublishDate>
    <deviceCommDistributionEndDate xsi:nil="true" />
    <deviceCommDistributionStatus>In Commercial Distribution</deviceCommDistributionStatus>
    <identifiers>
      <identifier>
        <deviceId>20884521010427</deviceId>
        <deviceIdType>Package</deviceIdType>
        <deviceIdIssuingAgency>GS1</deviceIdIssuingAgency>
        <containsDINumber>10884521010420</containsDINumber>
        <pkgQuantity>1000</pkgQuantity>
        <pkgDiscontinueDate xsi:nil="true" />
        <pkgStatus>In Commercial Distribution</pkgStatus>
        <pkgType>CASE</pkgType>
      </identifier>
      <identifier>
        <deviceId>10884521010420</deviceId>
        <deviceIdType>Primary</deviceIdType>
        <deviceIdIssuingAgency>GS1</deviceIdIssuingAgency>
        <containsDINumber xsi:nil="true" />
        <pkgQuantity xsi:nil="true" />
        <pkgDiscontinueDate xsi:nil="true" />
        <pkgStatus xsi:nil="true" />
        <pkgType xsi:nil="true" />
      </identifier>
      <identifier>
        <deviceId>30884521010424</deviceId>
        <deviceIdType>Unit of Use</deviceIdType>
        <deviceIdIssuingAgency>GS1</deviceIdIssuingAgency>
        <containsDINumber xsi:nil="true" />
        <pkgQuantity xsi:nil="true" />
        <pkgDiscontinueDate xsi:nil="true" />
        <pkgStatus xsi:nil="true" />
        <pkgType xsi:nil="true" />
      </identifier>
    </identifiers>
    <brandName>Monoject</brandName>
    <versionModelNumber>8881401171</versionModelNumber>
    <catalogNumber>8881401171</catalogNumber>
    <dunsNumber>080935429</dunsNumber>
    <companyName>Cardinal Health, Inc.</companyName>
    <deviceCount>100</deviceCount>
    <deviceDescription>Dental Needle,Metal Hub,30 G Extra Short</deviceDescription>
    <DMExempt>false</DMExempt>
    <premarketExempt>true</premarketExempt>
    <deviceHCTP>false</deviceHCTP>
    <deviceKit>false</deviceKit>
    <deviceCombinationProduct>false</deviceCombinationProduct>
    <singleUse>true</singleUse>
    <lotBatch>true</lotBatch>
    <serialNumber>false</serialNumber>
    <manufacturingDate>false</manufacturingDate>
    <expirationDate>true</expirationDate>
    <donationIdNumber>false</donationIdNumber>
    <labeledContainsNRL>false</labeledContainsNRL>
    <labeledNoNRL>false</labeledNoNRL>
    <MRISafetyStatus>Labeling does not contain MRI Safety Information</MRISafetyStatus>
    <rx>false</rx>
    <otc>true</otc>
    <contacts>
      <customerContact>
        <phone>+1(508)261-8000</phone>
        <phoneExtension xsi:nil="true" />
        <email>covidien.udi@covidien.com</email>
      </customerContact>
    </contacts>
    <gmdnTerms>
      <gmdn>
        <gmdnCode>12740</gmdnCode>
        <gmdnPTName>Dental syringe needle, single-use</gmdnPTName>
        <gmdnPTDefinition>A sterile, sharp bevel-edged, hollow tubular metal instrument with an integral hub, typically intended to be attached to a dental cartridge syringe for the injection of local anaesthetics. This is a single-use device.</gmdnPTDefinition>
        <implantable>false</implantable>
        <gmdnCodeStatus>Active</gmdnCodeStatus>
      </gmdn>
    </gmdnTerms>
    <productCodes>
      <fdaProductCode>
        <productCode>DZM</productCode>
        <productCodeName>NEEDLE, DENTAL</productCodeName>
      </fdaProductCode>
    </productCodes>
    <deviceSizes>
      <deviceSize>
        <sizeType>Device Size Text, specify</sizeType>
        <size value="" unit="" />
        <sizeText>Needle Gauge,30,Gauge;</sizeText>
      </deviceSize>
      <deviceSize>
        <sizeType>Length</sizeType>
        <size value="0.50" unit="Inch" />
        <sizeText xsi:nil="true" />
      </deviceSize>
    </deviceSizes>
    <environmentalConditions>
      <storageHandling>
        <storageHandlingType>Special Storage Condition, Specify</storageHandlingType>
        <storageHandlingHigh value="" unit="" />
        <storageHandlingLow value="" unit="" />
        <storageHandlingSpecialConditionText>Keep Dry;AVOID DIRECT SUNLIGHT</storageHandlingSpecialConditionText>
      </storageHandling>
    </environmentalConditions>
    <sterilization>
      <deviceSterile>true</deviceSterile>
      <sterilizationPriorToUse>false</sterilizationPriorToUse>
      <methodTypes />
    </sterilization>
  </device>
  <device xmlns:xsi="http://www.w3.org/2001/XMLSchema-instance" xmlns="http://www.fda.gov/cdrh/gudid">
    <publicDeviceRecordKey>4c54ee94-d013-4d0a-9103-2f4733b24d01</publicDeviceRecordKey>
    <publicVersionStatus>Update</publicVersionStatus>
    <deviceRecordStatus>Published</deviceRecordStatus>
    <!--Note: publicVersionNumber is system generated and assigned to all device records to track public release updates to a device record-->
    <publicVersionNumber>2</publicVersionNumber>
    <publicVersionDate>2019-02-15</publicVersionDate>
    <devicePublishDate>2018-06-27</devicePublishDate>
    <deviceCommDistributionEndDate xsi:nil="true" />
    <deviceCommDistributionStatus>In Commercial Distribution</deviceCommDistributionStatus>
    <identifiers>
      <identifier>
        <deviceId>20884521002903</deviceId>
        <deviceIdType>Package</deviceIdType>
        <deviceIdIssuingAgency>GS1</deviceIdIssuingAgency>
        <containsDINumber>10884521002906</containsDINumber>
        <pkgQuantity>1000</pkgQuantity>
        <pkgDiscontinueDate xsi:nil="true" />
        <pkgStatus>In Commercial Distribution</pkgStatus>
        <pkgType>CASE</pkgType>
      </identifier>
      <identifier>
        <deviceId>10884521002906</deviceId>
        <deviceIdType>Primary</deviceIdType>
        <deviceIdIssuingAgency>GS1</deviceIdIssuingAgency>
        <containsDINumber xsi:nil="true" />
        <pkgQuantity xsi:nil="true" />
        <pkgDiscontinueDate xsi:nil="true" />
        <pkgStatus xsi:nil="true" />
        <pkgType xsi:nil="true" />
      </identifier>
      <identifier>
        <deviceId>30884521002900</deviceId>
        <deviceIdType>Unit of Use</deviceIdType>
        <deviceIdIssuingAgency>GS1</deviceIdIssuingAgency>
        <containsDINumber xsi:nil="true" />
        <pkgQuantity xsi:nil="true" />
        <pkgDiscontinueDate xsi:nil="true" />
        <pkgStatus xsi:nil="true" />
        <pkgType xsi:nil="true" />
      </identifier>
    </identifiers>
    <brandName>Monoject</brandName>
    <versionModelNumber>8881401072</versionModelNumber>
    <catalogNumber>8881401072</catalogNumber>
    <dunsNumber>080935429</dunsNumber>
    <companyName>Cardinal Health, Inc.</companyName>
    <deviceCount>100</deviceCount>
    <deviceDescription>Dental Needle,Metal Hub,30 G Short</deviceDescription>
    <DMExempt>false</DMExempt>
    <premarketExempt>true</premarketExempt>
    <deviceHCTP>false</deviceHCTP>
    <deviceKit>false</deviceKit>
    <deviceCombinationProduct>false</deviceCombinationProduct>
    <singleUse>true</singleUse>
    <lotBatch>true</lotBatch>
    <serialNumber>false</serialNumber>
    <manufacturingDate>false</manufacturingDate>
    <expirationDate>true</expirationDate>
    <donationIdNumber>false</donationIdNumber>
    <labeledContainsNRL>false</labeledContainsNRL>
    <labeledNoNRL>false</labeledNoNRL>
    <MRISafetyStatus>Labeling does not contain MRI Safety Information</MRISafetyStatus>
    <rx>false</rx>
    <otc>true</otc>
    <contacts>
      <customerContact>
        <phone>+1(508)261-8000</phone>
        <phoneExtension xsi:nil="true" />
        <email>covidien.udi@covidien.com</email>
      </customerContact>
    </contacts>
    <gmdnTerms>
      <gmdn>
        <gmdnCode>12740</gmdnCode>
        <gmdnPTName>Dental syringe needle, single-use</gmdnPTName>
        <gmdnPTDefinition>A sterile, sharp bevel-edged, hollow tubular metal instrument with an integral hub, typically intended to be attached to a dental cartridge syringe for the injection of local anaesthetics. This is a single-use device.</gmdnPTDefinition>
        <implantable>false</implantable>
        <gmdnCodeStatus>Active</gmdnCodeStatus>
      </gmdn>
    </gmdnTerms>
    <productCodes>
      <fdaProductCode>
        <productCode>DZM</productCode>
        <productCodeName>NEEDLE, DENTAL</productCodeName>
      </fdaProductCode>
    </productCodes>
    <deviceSizes>
      <deviceSize>
        <sizeType>Device Size Text, specify</sizeType>
        <size value="" unit="" />
        <sizeText>Needle Gauge,30,Gauge;</sizeText>
      </deviceSize>
      <deviceSize>
        <sizeType>Length</sizeType>
        <size value="1" unit="Inch" />
        <sizeText xsi:nil="true" />
      </deviceSize>
    </deviceSizes>
    <environmentalConditions>
      <storageHandling>
        <storageHandlingType>Special Storage Condition, Specify</storageHandlingType>
        <storageHandlingHigh value="" unit="" />
        <storageHandlingLow value="" unit="" />
        <storageHandlingSpecialConditionText>Keep Dry;AVOID DIRECT SUNLIGHT</storageHandlingSpecialConditionText>
      </storageHandling>
    </environmentalConditions>
    <sterilization>
      <deviceSterile>true</deviceSterile>
      <sterilizationPriorToUse>false</sterilizationPriorToUse>
      <methodTypes />
    </sterilization>
  </device>
  <device xmlns:xsi="http://www.w3.org/2001/XMLSchema-instance" xmlns="http://www.fda.gov/cdrh/gudid">
    <publicDeviceRecordKey>00c843eb-ac50-4b32-b5b8-d0f00c12890c</publicDeviceRecordKey>
    <publicVersionStatus>Update</publicVersionStatus>
    <deviceRecordStatus>Published</deviceRecordStatus>
    <!--Note: publicVersionNumber is system generated and assigned to all device records to track public release updates to a device record-->
    <publicVersionNumber>2</publicVersionNumber>
    <publicVersionDate>2019-02-15</publicVersionDate>
    <devicePublishDate>2018-06-27</devicePublishDate>
    <deviceCommDistributionEndDate xsi:nil="true" />
    <deviceCommDistributionStatus>In Commercial Distribution</deviceCommDistributionStatus>
    <identifiers>
      <identifier>
        <deviceId>20884521002804</deviceId>
        <deviceIdType>Package</deviceIdType>
        <deviceIdIssuingAgency>GS1</deviceIdIssuingAgency>
        <containsDINumber>10884521002807</containsDINumber>
        <pkgQuantity>1000</pkgQuantity>
        <pkgDiscontinueDate xsi:nil="true" />
        <pkgStatus>In Commercial Distribution</pkgStatus>
        <pkgType>CASE</pkgType>
      </identifier>
      <identifier>
        <deviceId>10884521002807</deviceId>
        <deviceIdType>Primary</deviceIdType>
        <deviceIdIssuingAgency>GS1</deviceIdIssuingAgency>
        <containsDINumber xsi:nil="true" />
        <pkgQuantity xsi:nil="true" />
        <pkgDiscontinueDate xsi:nil="true" />
        <pkgStatus xsi:nil="true" />
        <pkgType xsi:nil="true" />
      </identifier>
      <identifier>
        <deviceId>30884521002801</deviceId>
        <deviceIdType>Unit of Use</deviceIdType>
        <deviceIdIssuingAgency>GS1</deviceIdIssuingAgency>
        <containsDINumber xsi:nil="true" />
        <pkgQuantity xsi:nil="true" />
        <pkgDiscontinueDate xsi:nil="true" />
        <pkgStatus xsi:nil="true" />
        <pkgType xsi:nil="true" />
      </identifier>
    </identifiers>
    <brandName>Monoject</brandName>
    <versionModelNumber>8881401049</versionModelNumber>
    <catalogNumber>8881401049</catalogNumber>
    <dunsNumber>080935429</dunsNumber>
    <companyName>Cardinal Health, Inc.</companyName>
    <deviceCount>100</deviceCount>
    <deviceDescription>Dental Needle,Metal Hub,25 G Short</deviceDescription>
    <DMExempt>false</DMExempt>
    <premarketExempt>true</premarketExempt>
    <deviceHCTP>false</deviceHCTP>
    <deviceKit>false</deviceKit>
    <deviceCombinationProduct>false</deviceCombinationProduct>
    <singleUse>true</singleUse>
    <lotBatch>true</lotBatch>
    <serialNumber>false</serialNumber>
    <manufacturingDate>false</manufacturingDate>
    <expirationDate>true</expirationDate>
    <donationIdNumber>false</donationIdNumber>
    <labeledContainsNRL>false</labeledContainsNRL>
    <labeledNoNRL>false</labeledNoNRL>
    <MRISafetyStatus>Labeling does not contain MRI Safety Information</MRISafetyStatus>
    <rx>false</rx>
    <otc>true</otc>
    <contacts>
      <customerContact>
        <phone>+1(508)261-8000</phone>
        <phoneExtension xsi:nil="true" />
        <email>covidien.udi@covidien.com</email>
      </customerContact>
    </contacts>
    <gmdnTerms>
      <gmdn>
        <gmdnCode>12740</gmdnCode>
        <gmdnPTName>Dental syringe needle, single-use</gmdnPTName>
        <gmdnPTDefinition>A sterile, sharp bevel-edged, hollow tubular metal instrument with an integral hub, typically intended to be attached to a dental cartridge syringe for the injection of local anaesthetics. This is a single-use device.</gmdnPTDefinition>
        <implantable>false</implantable>
        <gmdnCodeStatus>Active</gmdnCodeStatus>
      </gmdn>
    </gmdnTerms>
    <productCodes>
      <fdaProductCode>
        <productCode>DZM</productCode>
        <productCodeName>NEEDLE, DENTAL</productCodeName>
      </fdaProductCode>
    </productCodes>
    <deviceSizes>
      <deviceSize>
        <sizeType>Device Size Text, specify</sizeType>
        <size value="" unit="" />
        <sizeText>Needle Gauge,25,Gauge;</sizeText>
      </deviceSize>
      <deviceSize>
        <sizeType>Length</sizeType>
        <size value="1" unit="Inch" />
        <sizeText xsi:nil="true" />
      </deviceSize>
    </deviceSizes>
    <environmentalConditions>
      <storageHandling>
        <storageHandlingType>Special Storage Condition, Specify</storageHandlingType>
        <storageHandlingHigh value="" unit="" />
        <storageHandlingLow value="" unit="" />
        <storageHandlingSpecialConditionText>Keep Dry;AVOID DIRECT SUNLIGHT</storageHandlingSpecialConditionText>
      </storageHandling>
    </environmentalConditions>
    <sterilization>
      <deviceSterile>true</deviceSterile>
      <sterilizationPriorToUse>false</sterilizationPriorToUse>
      <methodTypes />
    </sterilization>
  </device>
  <device xmlns:xsi="http://www.w3.org/2001/XMLSchema-instance" xmlns="http://www.fda.gov/cdrh/gudid">
    <publicDeviceRecordKey>a79aeb44-0af6-48bc-be63-67df1ab1728a</publicDeviceRecordKey>
    <publicVersionStatus>Update</publicVersionStatus>
    <deviceRecordStatus>Published</deviceRecordStatus>
    <!--Note: publicVersionNumber is system generated and assigned to all device records to track public release updates to a device record-->
    <publicVersionNumber>2</publicVersionNumber>
    <publicVersionDate>2019-02-15</publicVersionDate>
    <devicePublishDate>2018-06-28</devicePublishDate>
    <deviceCommDistributionEndDate xsi:nil="true" />
    <deviceCommDistributionStatus>In Commercial Distribution</deviceCommDistributionStatus>
    <identifiers>
      <identifier>
        <deviceId>10884521512078</deviceId>
        <deviceIdType>Package</deviceIdType>
        <deviceIdIssuingAgency>GS1</deviceIdIssuingAgency>
        <containsDINumber>10884521002784</containsDINumber>
        <pkgQuantity>1000</pkgQuantity>
        <pkgDiscontinueDate xsi:nil="true" />
        <pkgStatus>In Commercial Distribution</pkgStatus>
        <pkgType>CASE</pkgType>
      </identifier>
      <identifier>
        <deviceId>10884521002784</deviceId>
        <deviceIdType>Primary</deviceIdType>
        <deviceIdIssuingAgency>GS1</deviceIdIssuingAgency>
        <containsDINumber xsi:nil="true" />
        <pkgQuantity xsi:nil="true" />
        <pkgDiscontinueDate xsi:nil="true" />
        <pkgStatus xsi:nil="true" />
        <pkgType xsi:nil="true" />
      </identifier>
      <identifier>
        <deviceId>30884521002788</deviceId>
        <deviceIdType>Unit of Use</deviceIdType>
        <deviceIdIssuingAgency>GS1</deviceIdIssuingAgency>
        <containsDINumber xsi:nil="true" />
        <pkgQuantity xsi:nil="true" />
        <pkgDiscontinueDate xsi:nil="true" />
        <pkgStatus xsi:nil="true" />
        <pkgType xsi:nil="true" />
      </identifier>
    </identifiers>
    <brandName>Monoject</brandName>
    <versionModelNumber>8881401031</versionModelNumber>
    <catalogNumber>8881401031</catalogNumber>
    <dunsNumber>080935429</dunsNumber>
    <companyName>Cardinal Health, Inc.</companyName>
    <deviceCount>100</deviceCount>
    <deviceDescription>Dental Needle Metal Hub</deviceDescription>
    <DMExempt>false</DMExempt>
    <premarketExempt>true</premarketExempt>
    <deviceHCTP>false</deviceHCTP>
    <deviceKit>false</deviceKit>
    <deviceCombinationProduct>false</deviceCombinationProduct>
    <singleUse>true</singleUse>
    <lotBatch>true</lotBatch>
    <serialNumber>false</serialNumber>
    <manufacturingDate>false</manufacturingDate>
    <expirationDate>true</expirationDate>
    <donationIdNumber>false</donationIdNumber>
    <labeledContainsNRL>false</labeledContainsNRL>
    <labeledNoNRL>false</labeledNoNRL>
    <MRISafetyStatus>Labeling does not contain MRI Safety Information</MRISafetyStatus>
    <rx>false</rx>
    <otc>true</otc>
    <contacts>
      <customerContact>
        <phone>+1(508)261-8000</phone>
        <phoneExtension xsi:nil="true" />
        <email>covidien.udi@covidien.com</email>
      </customerContact>
    </contacts>
    <gmdnTerms>
      <gmdn>
        <gmdnCode>12740</gmdnCode>
        <gmdnPTName>Dental syringe needle, single-use</gmdnPTName>
        <gmdnPTDefinition>A sterile, sharp bevel-edged, hollow tubular metal instrument with an integral hub, typically intended to be attached to a dental cartridge syringe for the injection of local anaesthetics. This is a single-use device.</gmdnPTDefinition>
        <implantable>false</implantable>
        <gmdnCodeStatus>Active</gmdnCodeStatus>
      </gmdn>
    </gmdnTerms>
    <productCodes>
      <fdaProductCode>
        <productCode>DZM</productCode>
        <productCodeName>NEEDLE, DENTAL</productCodeName>
      </fdaProductCode>
    </productCodes>
    <deviceSizes>
      <deviceSize>
        <sizeType>Device Size Text, specify</sizeType>
        <size value="" unit="" />
        <sizeText>Needle Gauge,25,Gauge;</sizeText>
      </deviceSize>
      <deviceSize>
        <sizeType>Length</sizeType>
        <size value="1.25" unit="Inch" />
        <sizeText xsi:nil="true" />
      </deviceSize>
    </deviceSizes>
    <environmentalConditions>
      <storageHandling>
        <storageHandlingType>Special Storage Condition, Specify</storageHandlingType>
        <storageHandlingHigh value="" unit="" />
        <storageHandlingLow value="" unit="" />
        <storageHandlingSpecialConditionText>Keep dry;AVOID DIRECT SUNLIGHT</storageHandlingSpecialConditionText>
      </storageHandling>
    </environmentalConditions>
    <sterilization>
      <deviceSterile>true</deviceSterile>
      <sterilizationPriorToUse>false</sterilizationPriorToUse>
      <methodTypes />
    </sterilization>
  </device>
  <device xmlns:xsi="http://www.w3.org/2001/XMLSchema-instance" xmlns="http://www.fda.gov/cdrh/gudid">
    <publicDeviceRecordKey>54397197-dc99-498f-9893-ceba15940e25</publicDeviceRecordKey>
    <publicVersionStatus>Update</publicVersionStatus>
    <deviceRecordStatus>Published</deviceRecordStatus>
    <!--Note: publicVersionNumber is system generated and assigned to all device records to track public release updates to a device record-->
    <publicVersionNumber>2</publicVersionNumber>
    <publicVersionDate>2019-02-15</publicVersionDate>
    <devicePublishDate>2018-06-27</devicePublishDate>
    <deviceCommDistributionEndDate xsi:nil="true" />
    <deviceCommDistributionStatus>In Commercial Distribution</deviceCommDistributionStatus>
    <identifiers>
      <identifier>
        <deviceId>20884521002774</deviceId>
        <deviceIdType>Package</deviceIdType>
        <deviceIdIssuingAgency>GS1</deviceIdIssuingAgency>
        <containsDINumber>10884521002777</containsDINumber>
        <pkgQuantity>1000</pkgQuantity>
        <pkgDiscontinueDate xsi:nil="true" />
        <pkgStatus>In Commercial Distribution</pkgStatus>
        <pkgType>CASE</pkgType>
      </identifier>
      <identifier>
        <deviceId>10884521002777</deviceId>
        <deviceIdType>Primary</deviceIdType>
        <deviceIdIssuingAgency>GS1</deviceIdIssuingAgency>
        <containsDINumber xsi:nil="true" />
        <pkgQuantity xsi:nil="true" />
        <pkgDiscontinueDate xsi:nil="true" />
        <pkgStatus xsi:nil="true" />
        <pkgType xsi:nil="true" />
      </identifier>
      <identifier>
        <deviceId>30884521002771</deviceId>
        <deviceIdType>Unit of Use</deviceIdType>
        <deviceIdIssuingAgency>GS1</deviceIdIssuingAgency>
        <containsDINumber xsi:nil="true" />
        <pkgQuantity xsi:nil="true" />
        <pkgDiscontinueDate xsi:nil="true" />
        <pkgStatus xsi:nil="true" />
        <pkgType xsi:nil="true" />
      </identifier>
    </identifiers>
    <brandName>Monoject</brandName>
    <versionModelNumber>8881400173</versionModelNumber>
    <catalogNumber>8881400173</catalogNumber>
    <dunsNumber>080935429</dunsNumber>
    <companyName>Cardinal Health, Inc.</companyName>
    <deviceCount>100</deviceCount>
    <deviceDescription>Dental Needle,Plastic Hub,30 G Extra Short</deviceDescription>
    <DMExempt>false</DMExempt>
    <premarketExempt>true</premarketExempt>
    <deviceHCTP>false</deviceHCTP>
    <deviceKit>false</deviceKit>
    <deviceCombinationProduct>false</deviceCombinationProduct>
    <singleUse>true</singleUse>
    <lotBatch>true</lotBatch>
    <serialNumber>false</serialNumber>
    <manufacturingDate>false</manufacturingDate>
    <expirationDate>true</expirationDate>
    <donationIdNumber>false</donationIdNumber>
    <labeledContainsNRL>false</labeledContainsNRL>
    <labeledNoNRL>false</labeledNoNRL>
    <MRISafetyStatus>Labeling does not contain MRI Safety Information</MRISafetyStatus>
    <rx>false</rx>
    <otc>true</otc>
    <contacts>
      <customerContact>
        <phone>+1(508)261-8000</phone>
        <phoneExtension xsi:nil="true" />
        <email>covidien.udi@covidien.com</email>
      </customerContact>
    </contacts>
    <gmdnTerms>
      <gmdn>
        <gmdnCode>12740</gmdnCode>
        <gmdnPTName>Dental syringe needle, single-use</gmdnPTName>
        <gmdnPTDefinition>A sterile, sharp bevel-edged, hollow tubular metal instrument with an integral hub, typically intended to be attached to a dental cartridge syringe for the injection of local anaesthetics. This is a single-use device.</gmdnPTDefinition>
        <implantable>false</implantable>
        <gmdnCodeStatus>Active</gmdnCodeStatus>
      </gmdn>
    </gmdnTerms>
    <productCodes>
      <fdaProductCode>
        <productCode>DZM</productCode>
        <productCodeName>NEEDLE, DENTAL</productCodeName>
      </fdaProductCode>
    </productCodes>
    <deviceSizes>
      <deviceSize>
        <sizeType>Device Size Text, specify</sizeType>
        <size value="" unit="" />
        <sizeText>Needle Gauge,30,Gauge;</sizeText>
      </deviceSize>
      <deviceSize>
        <sizeType>Length</sizeType>
        <size value="0.50" unit="Inch" />
        <sizeText xsi:nil="true" />
      </deviceSize>
    </deviceSizes>
    <environmentalConditions>
      <storageHandling>
        <storageHandlingType>Special Storage Condition, Specify</storageHandlingType>
        <storageHandlingHigh value="" unit="" />
        <storageHandlingLow value="" unit="" />
        <storageHandlingSpecialConditionText>Keep dry;AVOID DIRECT SUNLIGHT</storageHandlingSpecialConditionText>
      </storageHandling>
    </environmentalConditions>
    <sterilization>
      <deviceSterile>true</deviceSterile>
      <sterilizationPriorToUse>false</sterilizationPriorToUse>
      <methodTypes />
    </sterilization>
  </device>
  <device xmlns:xsi="http://www.w3.org/2001/XMLSchema-instance" xmlns="http://www.fda.gov/cdrh/gudid">
    <publicDeviceRecordKey>1e1703dc-27e4-49b1-8dcb-b9571bf460b1</publicDeviceRecordKey>
    <publicVersionStatus>Update</publicVersionStatus>
    <deviceRecordStatus>Published</deviceRecordStatus>
    <!--Note: publicVersionNumber is system generated and assigned to all device records to track public release updates to a device record-->
    <publicVersionNumber>2</publicVersionNumber>
    <publicVersionDate>2019-02-15</publicVersionDate>
    <devicePublishDate>2018-06-27</devicePublishDate>
    <deviceCommDistributionEndDate xsi:nil="true" />
    <deviceCommDistributionStatus>In Commercial Distribution</deviceCommDistributionStatus>
    <identifiers>
      <identifier>
        <deviceId>20884521002743</deviceId>
        <deviceIdType>Package</deviceIdType>
        <deviceIdIssuingAgency>GS1</deviceIdIssuingAgency>
        <containsDINumber>10884521002746</containsDINumber>
        <pkgQuantity>1000</pkgQuantity>
        <pkgDiscontinueDate xsi:nil="true" />
        <pkgStatus>In Commercial Distribution</pkgStatus>
        <pkgType>CASE</pkgType>
      </identifier>
      <identifier>
        <deviceId>10884521002746</deviceId>
        <deviceIdType>Primary</deviceIdType>
        <deviceIdIssuingAgency>GS1</deviceIdIssuingAgency>
        <containsDINumber xsi:nil="true" />
        <pkgQuantity xsi:nil="true" />
        <pkgDiscontinueDate xsi:nil="true" />
        <pkgStatus xsi:nil="true" />
        <pkgType xsi:nil="true" />
      </identifier>
      <identifier>
        <deviceId>30884521002740</deviceId>
        <deviceIdType>Unit of Use</deviceIdType>
        <deviceIdIssuingAgency>GS1</deviceIdIssuingAgency>
        <containsDINumber xsi:nil="true" />
        <pkgQuantity xsi:nil="true" />
        <pkgDiscontinueDate xsi:nil="true" />
        <pkgStatus xsi:nil="true" />
        <pkgType xsi:nil="true" />
      </identifier>
    </identifiers>
    <brandName>Monoject</brandName>
    <versionModelNumber>8881400074</versionModelNumber>
    <catalogNumber>8881400074</catalogNumber>
    <dunsNumber>080935429</dunsNumber>
    <companyName>Cardinal Health, Inc.</companyName>
    <deviceCount>100</deviceCount>
    <deviceDescription>Dental Needle,Plastic Hub,30 G Short</deviceDescription>
    <DMExempt>false</DMExempt>
    <premarketExempt>true</premarketExempt>
    <deviceHCTP>false</deviceHCTP>
    <deviceKit>false</deviceKit>
    <deviceCombinationProduct>false</deviceCombinationProduct>
    <singleUse>true</singleUse>
    <lotBatch>true</lotBatch>
    <serialNumber>false</serialNumber>
    <manufacturingDate>false</manufacturingDate>
    <expirationDate>true</expirationDate>
    <donationIdNumber>false</donationIdNumber>
    <labeledContainsNRL>false</labeledContainsNRL>
    <labeledNoNRL>false</labeledNoNRL>
    <MRISafetyStatus>Labeling does not contain MRI Safety Information</MRISafetyStatus>
    <rx>false</rx>
    <otc>true</otc>
    <contacts>
      <customerContact>
        <phone>+1(508)261-8000</phone>
        <phoneExtension xsi:nil="true" />
        <email>covidien.udi@covidien.com</email>
      </customerContact>
    </contacts>
    <gmdnTerms>
      <gmdn>
        <gmdnCode>12740</gmdnCode>
        <gmdnPTName>Dental syringe needle, single-use</gmdnPTName>
        <gmdnPTDefinition>A sterile, sharp bevel-edged, hollow tubular metal instrument with an integral hub, typically intended to be attached to a dental cartridge syringe for the injection of local anaesthetics. This is a single-use device.</gmdnPTDefinition>
        <implantable>false</implantable>
        <gmdnCodeStatus>Active</gmdnCodeStatus>
      </gmdn>
    </gmdnTerms>
    <productCodes>
      <fdaProductCode>
        <productCode>DZM</productCode>
        <productCodeName>NEEDLE, DENTAL</productCodeName>
      </fdaProductCode>
    </productCodes>
    <deviceSizes>
      <deviceSize>
        <sizeType>Device Size Text, specify</sizeType>
        <size value="" unit="" />
        <sizeText>Needle Gauge,30,Gauge;</sizeText>
      </deviceSize>
      <deviceSize>
        <sizeType>Length</sizeType>
        <size value="0.75" unit="Inch" />
        <sizeText xsi:nil="true" />
      </deviceSize>
    </deviceSizes>
    <environmentalConditions>
      <storageHandling>
        <storageHandlingType>Special Storage Condition, Specify</storageHandlingType>
        <storageHandlingHigh value="" unit="" />
        <storageHandlingLow value="" unit="" />
        <storageHandlingSpecialConditionText>Keep dry;AVOID DIRECT SUNLIGHT</storageHandlingSpecialConditionText>
      </storageHandling>
    </environmentalConditions>
    <sterilization>
      <deviceSterile>true</deviceSterile>
      <sterilizationPriorToUse>false</sterilizationPriorToUse>
      <methodTypes />
    </sterilization>
  </device>
  <device xmlns:xsi="http://www.w3.org/2001/XMLSchema-instance" xmlns="http://www.fda.gov/cdrh/gudid">
    <publicDeviceRecordKey>6725be36-8025-471d-b040-948a807fd7c7</publicDeviceRecordKey>
    <publicVersionStatus>Update</publicVersionStatus>
    <deviceRecordStatus>Published</deviceRecordStatus>
    <!--Note: publicVersionNumber is system generated and assigned to all device records to track public release updates to a device record-->
    <publicVersionNumber>2</publicVersionNumber>
    <publicVersionDate>2019-02-15</publicVersionDate>
    <devicePublishDate>2018-06-27</devicePublishDate>
    <deviceCommDistributionEndDate xsi:nil="true" />
    <deviceCommDistributionStatus>In Commercial Distribution</deviceCommDistributionStatus>
    <identifiers>
      <identifier>
        <deviceId>20884521002729</deviceId>
        <deviceIdType>Package</deviceIdType>
        <deviceIdIssuingAgency>GS1</deviceIdIssuingAgency>
        <containsDINumber>10884521002722</containsDINumber>
        <pkgQuantity>1000</pkgQuantity>
        <pkgDiscontinueDate xsi:nil="true" />
        <pkgStatus>In Commercial Distribution</pkgStatus>
        <pkgType>CASE</pkgType>
      </identifier>
      <identifier>
        <deviceId>10884521002722</deviceId>
        <deviceIdType>Primary</deviceIdType>
        <deviceIdIssuingAgency>GS1</deviceIdIssuingAgency>
        <containsDINumber xsi:nil="true" />
        <pkgQuantity xsi:nil="true" />
        <pkgDiscontinueDate xsi:nil="true" />
        <pkgStatus xsi:nil="true" />
        <pkgType xsi:nil="true" />
      </identifier>
      <identifier>
        <deviceId>30884521002726</deviceId>
        <deviceIdType>Unit of Use</deviceIdType>
        <deviceIdIssuingAgency>GS1</deviceIdIssuingAgency>
        <containsDINumber xsi:nil="true" />
        <pkgQuantity xsi:nil="true" />
        <pkgDiscontinueDate xsi:nil="true" />
        <pkgStatus xsi:nil="true" />
        <pkgType xsi:nil="true" />
      </identifier>
    </identifiers>
    <brandName>Monoject</brandName>
    <versionModelNumber>8881400066</versionModelNumber>
    <catalogNumber>8881400066</catalogNumber>
    <dunsNumber>080935429</dunsNumber>
    <companyName>Cardinal Health, Inc.</companyName>
    <deviceCount>100</deviceCount>
    <deviceDescription>Dental Needle,Plastic Hub,27 G Short</deviceDescription>
    <DMExempt>false</DMExempt>
    <premarketExempt>true</premarketExempt>
    <deviceHCTP>false</deviceHCTP>
    <deviceKit>false</deviceKit>
    <deviceCombinationProduct>false</deviceCombinationProduct>
    <singleUse>true</singleUse>
    <lotBatch>true</lotBatch>
    <serialNumber>false</serialNumber>
    <manufacturingDate>false</manufacturingDate>
    <expirationDate>true</expirationDate>
    <donationIdNumber>false</donationIdNumber>
    <labeledContainsNRL>false</labeledContainsNRL>
    <labeledNoNRL>false</labeledNoNRL>
    <MRISafetyStatus>Labeling does not contain MRI Safety Information</MRISafetyStatus>
    <rx>false</rx>
    <otc>true</otc>
    <contacts>
      <customerContact>
        <phone>+1(508)261-8000</phone>
        <phoneExtension xsi:nil="true" />
        <email>covidien.udi@covidien.com</email>
      </customerContact>
    </contacts>
    <gmdnTerms>
      <gmdn>
        <gmdnCode>12740</gmdnCode>
        <gmdnPTName>Dental syringe needle, single-use</gmdnPTName>
        <gmdnPTDefinition>A sterile, sharp bevel-edged, hollow tubular metal instrument with an integral hub, typically intended to be attached to a dental cartridge syringe for the injection of local anaesthetics. This is a single-use device.</gmdnPTDefinition>
        <implantable>false</implantable>
        <gmdnCodeStatus>Active</gmdnCodeStatus>
      </gmdn>
    </gmdnTerms>
    <productCodes>
      <fdaProductCode>
        <productCode>DZM</productCode>
        <productCodeName>NEEDLE, DENTAL</productCodeName>
      </fdaProductCode>
    </productCodes>
    <deviceSizes>
      <deviceSize>
        <sizeType>Device Size Text, specify</sizeType>
        <size value="" unit="" />
        <sizeText>Needle Gauge,27,Gauge;</sizeText>
      </deviceSize>
      <deviceSize>
        <sizeType>Length</sizeType>
        <size value="0.75" unit="Inch" />
        <sizeText xsi:nil="true" />
      </deviceSize>
    </deviceSizes>
    <environmentalConditions>
      <storageHandling>
        <storageHandlingType>Special Storage Condition, Specify</storageHandlingType>
        <storageHandlingHigh value="" unit="" />
        <storageHandlingLow value="" unit="" />
        <storageHandlingSpecialConditionText>Keep dry;AVOID DIRECT SUNLIGHT</storageHandlingSpecialConditionText>
      </storageHandling>
    </environmentalConditions>
    <sterilization>
      <deviceSterile>true</deviceSterile>
      <sterilizationPriorToUse>false</sterilizationPriorToUse>
      <methodTypes />
    </sterilization>
  </device>
  <device xmlns:xsi="http://www.w3.org/2001/XMLSchema-instance" xmlns="http://www.fda.gov/cdrh/gudid">
    <publicDeviceRecordKey>c5ca1621-a97d-4f19-9426-c423acff05ff</publicDeviceRecordKey>
    <publicVersionStatus>Update</publicVersionStatus>
    <deviceRecordStatus>Published</deviceRecordStatus>
    <!--Note: publicVersionNumber is system generated and assigned to all device records to track public release updates to a device record-->
    <publicVersionNumber>2</publicVersionNumber>
    <publicVersionDate>2019-02-15</publicVersionDate>
    <devicePublishDate>2018-06-30</devicePublishDate>
    <deviceCommDistributionEndDate xsi:nil="true" />
    <deviceCommDistributionStatus>In Commercial Distribution</deviceCommDistributionStatus>
    <identifiers>
      <identifier>
        <deviceId>20884521002538</deviceId>
        <deviceIdType>Package</deviceIdType>
        <deviceIdIssuingAgency>GS1</deviceIdIssuingAgency>
        <containsDINumber>10884521002531</containsDINumber>
        <pkgQuantity>1000</pkgQuantity>
        <pkgDiscontinueDate xsi:nil="true" />
        <pkgStatus>In Commercial Distribution</pkgStatus>
        <pkgType>CASE</pkgType>
      </identifier>
      <identifier>
        <deviceId>10884521002531</deviceId>
        <deviceIdType>Primary</deviceIdType>
        <deviceIdIssuingAgency>GS1</deviceIdIssuingAgency>
        <containsDINumber xsi:nil="true" />
        <pkgQuantity xsi:nil="true" />
        <pkgDiscontinueDate xsi:nil="true" />
        <pkgStatus xsi:nil="true" />
        <pkgType xsi:nil="true" />
      </identifier>
      <identifier>
        <deviceId>30884521002535</deviceId>
        <deviceIdType>Unit of Use</deviceIdType>
        <deviceIdIssuingAgency>GS1</deviceIdIssuingAgency>
        <containsDINumber xsi:nil="true" />
        <pkgQuantity xsi:nil="true" />
        <pkgDiscontinueDate xsi:nil="true" />
        <pkgStatus xsi:nil="true" />
        <pkgType xsi:nil="true" />
      </identifier>
    </identifiers>
    <brandName>Monoject</brandName>
    <versionModelNumber>8881400041</versionModelNumber>
    <catalogNumber>8881400041</catalogNumber>
    <dunsNumber>080935429</dunsNumber>
    <companyName>Cardinal Health, Inc.</companyName>
    <deviceCount>100</deviceCount>
    <deviceDescription>Dental Needle,Plastic Hub,25 G Short</deviceDescription>
    <DMExempt>false</DMExempt>
    <premarketExempt>true</premarketExempt>
    <deviceHCTP>false</deviceHCTP>
    <deviceKit>false</deviceKit>
    <deviceCombinationProduct>false</deviceCombinationProduct>
    <singleUse>true</singleUse>
    <lotBatch>true</lotBatch>
    <serialNumber>false</serialNumber>
    <manufacturingDate>false</manufacturingDate>
    <expirationDate>true</expirationDate>
    <donationIdNumber>false</donationIdNumber>
    <labeledContainsNRL>false</labeledContainsNRL>
    <labeledNoNRL>false</labeledNoNRL>
    <MRISafetyStatus>Labeling does not contain MRI Safety Information</MRISafetyStatus>
    <rx>false</rx>
    <otc>true</otc>
    <contacts>
      <customerContact>
        <phone>+1(508)261-8000</phone>
        <phoneExtension xsi:nil="true" />
        <email>covidien.udi@covidien.com</email>
      </customerContact>
    </contacts>
    <gmdnTerms>
      <gmdn>
        <gmdnCode>12740</gmdnCode>
        <gmdnPTName>Dental syringe needle, single-use</gmdnPTName>
        <gmdnPTDefinition>A sterile, sharp bevel-edged, hollow tubular metal instrument with an integral hub, typically intended to be attached to a dental cartridge syringe for the injection of local anaesthetics. This is a single-use device.</gmdnPTDefinition>
        <implantable>false</implantable>
        <gmdnCodeStatus>Active</gmdnCodeStatus>
      </gmdn>
    </gmdnTerms>
    <productCodes>
      <fdaProductCode>
        <productCode>DZM</productCode>
        <productCodeName>NEEDLE, DENTAL</productCodeName>
      </fdaProductCode>
    </productCodes>
    <deviceSizes>
      <deviceSize>
        <sizeType>Device Size Text, specify</sizeType>
        <size value="" unit="" />
        <sizeText>Needle Gauge,25,Gauge;</sizeText>
      </deviceSize>
      <deviceSize>
        <sizeType>Length</sizeType>
        <size value="0.75" unit="Inch" />
        <sizeText xsi:nil="true" />
      </deviceSize>
    </deviceSizes>
    <environmentalConditions>
      <storageHandling>
        <storageHandlingType>Special Storage Condition, Specify</storageHandlingType>
        <storageHandlingHigh value="" unit="" />
        <storageHandlingLow value="" unit="" />
        <storageHandlingSpecialConditionText>Keep dry;AVOID DIRECT SUNLIGHT</storageHandlingSpecialConditionText>
      </storageHandling>
    </environmentalConditions>
    <sterilization>
      <deviceSterile>true</deviceSterile>
      <sterilizationPriorToUse>false</sterilizationPriorToUse>
      <methodTypes />
    </sterilization>
  </device>
  <device xmlns:xsi="http://www.w3.org/2001/XMLSchema-instance" xmlns="http://www.fda.gov/cdrh/gudid">
    <publicDeviceRecordKey>d534fa2a-1069-4505-a672-3cf8723fbab4</publicDeviceRecordKey>
    <publicVersionStatus>New</publicVersionStatus>
    <deviceRecordStatus>Published</deviceRecordStatus>
    <!--Note: publicVersionNumber is system generated and assigned to all device records to track public release updates to a device record-->
    <publicVersionNumber>1</publicVersionNumber>
    <publicVersionDate>2022-11-21</publicVersionDate>
    <devicePublishDate>2022-11-13</devicePublishDate>
    <deviceCommDistributionEndDate xsi:nil="true" />
    <deviceCommDistributionStatus>In Commercial Distribution</deviceCommDistributionStatus>
    <identifiers>
      <identifier>
        <deviceId>40884389351698</deviceId>
        <deviceIdType>Package</deviceIdType>
        <deviceIdIssuingAgency>GS1</deviceIdIssuingAgency>
        <containsDINumber>10884389351697</containsDINumber>
        <pkgQuantity>50</pkgQuantity>
        <pkgDiscontinueDate xsi:nil="true" />
        <pkgStatus>In Commercial Distribution</pkgStatus>
        <pkgType>CASE</pkgType>
      </identifier>
      <identifier>
        <deviceId>10884389351697</deviceId>
        <deviceIdType>Primary</deviceIdType>
        <deviceIdIssuingAgency>GS1</deviceIdIssuingAgency>
        <containsDINumber xsi:nil="true" />
        <pkgQuantity xsi:nil="true" />
        <pkgDiscontinueDate xsi:nil="true" />
        <pkgStatus xsi:nil="true" />
        <pkgType xsi:nil="true" />
      </identifier>
    </identifiers>
    <brandName>Medline Industries, Inc.</brandName>
    <versionModelNumber>DYKD100D</versionModelNumber>
    <catalogNumber>DYKD100D</catalogNumber>
    <dunsNumber>025460908</dunsNumber>
    <companyName>MEDLINE INDUSTRIES, INC.</companyName>
    <deviceCount>1</deviceCount>
    <deviceDescription>DENTURE KIT</deviceDescription>
    <DMExempt>false</DMExempt>
    <premarketExempt>true</premarketExempt>
    <deviceHCTP>false</deviceHCTP>
    <deviceKit>true</deviceKit>
    <deviceCombinationProduct>false</deviceCombinationProduct>
    <singleUse>true</singleUse>
    <lotBatch>true</lotBatch>
    <serialNumber>false</serialNumber>
    <manufacturingDate>false</manufacturingDate>
    <expirationDate>false</expirationDate>
    <donationIdNumber>false</donationIdNumber>
    <labeledContainsNRL>false</labeledContainsNRL>
    <labeledNoNRL>true</labeledNoNRL>
    <MRISafetyStatus>Labeling does not contain MRI Safety Information</MRISafetyStatus>
    <rx>true</rx>
    <otc>false</otc>
    <contacts>
      <customerContact>
        <phone>+1(800)633-5463</phone>
        <phoneExtension xsi:nil="true" />
        <email>customerservice@medline.com</email>
      </customerContact>
    </contacts>
    <gmdnTerms>
      <gmdn>
        <gmdnCode>33961</gmdnCode>
        <gmdnPTName>General surgical procedure kit, non-medicated, single-use</gmdnPTName>
        <gmdnPTDefinition>A typically non-dedicated collection of various surgical instruments, sometimes with dressings and/or other materials, but that does not contain pharmaceuticals, intended to be used during: 1) open abdominal surgery; 2) a range of open surgical procedures across multiple clinical specialties (non-dedicated); 3) non-orthopaedic trauma surgery; 4) minor dermatological surgery; or 5) cosmetic surgery below the head. As a kit that includes procedural devices, it is neither dedicated to surgical scrubbing, surgical patient preparation, nor anaesthesia, and is not a dedicated biopsy kit. This is a single-use device.</gmdnPTDefinition>
        <implantable>false</implantable>
        <gmdnCodeStatus>Active</gmdnCodeStatus>
      </gmdn>
    </gmdnTerms>
    <productCodes>
      <fdaProductCode>
        <productCode>OFX</productCode>
        <productCodeName>General purpose dental tray</productCodeName>
      </fdaProductCode>
    </productCodes>
    <deviceSizes />
    <environmentalConditions />
    <sterilization>
      <deviceSterile>false</deviceSterile>
      <sterilizationPriorToUse>false</sterilizationPriorToUse>
      <methodTypes />
    </sterilization>
  </device>
  <device xmlns:xsi="http://www.w3.org/2001/XMLSchema-instance" xmlns="http://www.fda.gov/cdrh/gudid">
    <publicDeviceRecordKey>a2ca2866-86ae-4045-8c09-24dda66814e8</publicDeviceRecordKey>
    <publicVersionStatus>New</publicVersionStatus>
    <deviceRecordStatus>Published</deviceRecordStatus>
    <!--Note: publicVersionNumber is system generated and assigned to all device records to track public release updates to a device record-->
    <publicVersionNumber>1</publicVersionNumber>
    <publicVersionDate>2020-12-02</publicVersionDate>
    <devicePublishDate>2020-11-24</devicePublishDate>
    <deviceCommDistributionEndDate xsi:nil="true" />
    <deviceCommDistributionStatus>In Commercial Distribution</deviceCommDistributionStatus>
    <identifiers>
      <identifier>
        <deviceId>40884389141596</deviceId>
        <deviceIdType>Package</deviceIdType>
        <deviceIdIssuingAgency>GS1</deviceIdIssuingAgency>
        <containsDINumber>10884389141595</containsDINumber>
        <pkgQuantity>60</pkgQuantity>
        <pkgDiscontinueDate xsi:nil="true" />
        <pkgStatus>In Commercial Distribution</pkgStatus>
        <pkgType>CASE</pkgType>
      </identifier>
      <identifier>
        <deviceId>10884389141595</deviceId>
        <deviceIdType>Primary</deviceIdType>
        <deviceIdIssuingAgency>GS1</deviceIdIssuingAgency>
        <containsDINumber xsi:nil="true" />
        <pkgQuantity xsi:nil="true" />
        <pkgDiscontinueDate xsi:nil="true" />
        <pkgStatus xsi:nil="true" />
        <pkgType xsi:nil="true" />
      </identifier>
    </identifiers>
    <brandName>Medline</brandName>
    <versionModelNumber>MDS876630</versionModelNumber>
    <catalogNumber>MDS876630</catalogNumber>
    <dunsNumber>025460908</dunsNumber>
    <companyName>MEDLINE INDUSTRIES, INC.</companyName>
    <deviceCount>1</deviceCount>
    <deviceDescription>KIT, SETUP, YNK, SCT HNDL, YCON</deviceDescription>
    <DMExempt>false</DMExempt>
    <premarketExempt>true</premarketExempt>
    <deviceHCTP>false</deviceHCTP>
    <deviceKit>true</deviceKit>
    <deviceCombinationProduct>false</deviceCombinationProduct>
    <singleUse>true</singleUse>
    <lotBatch>true</lotBatch>
    <serialNumber>false</serialNumber>
    <manufacturingDate>true</manufacturingDate>
    <expirationDate>false</expirationDate>
    <donationIdNumber>false</donationIdNumber>
    <labeledContainsNRL>false</labeledContainsNRL>
    <labeledNoNRL>true</labeledNoNRL>
    <MRISafetyStatus>Labeling does not contain MRI Safety Information</MRISafetyStatus>
    <rx>false</rx>
    <otc>true</otc>
    <contacts>
      <customerContact>
        <phone>+1(800)633-5463</phone>
        <phoneExtension xsi:nil="true" />
        <email>service@medline.com</email>
      </customerContact>
    </contacts>
    <gmdnTerms>
      <gmdn>
        <gmdnCode>45172</gmdnCode>
        <gmdnPTName>Oral care kit, single-use</gmdnPTName>
        <gmdnPTDefinition>A collection of various devices and supplies used for a patient's oral hygiene. It typically includes an antiseptic applicator swab, a pre-treated toothbrush, mouth swabs, and a mouthwash/oral moisturizer. Its use will improve the physical condition of the oral cavity and may help reduce the incidence of patient infection. It is typically applied by nursing staff in hospitals and institutions, or attendants in home care settings. This is a single-use device.</gmdnPTDefinition>
        <implantable>false</implantable>
        <gmdnCodeStatus>Active</gmdnCodeStatus>
      </gmdn>
    </gmdnTerms>
    <productCodes>
      <fdaProductCode>
        <productCode>NXZ</productCode>
        <productCodeName>Dental hygiene kit</productCodeName>
      </fdaProductCode>
    </productCodes>
    <deviceSizes />
    <environmentalConditions />
    <sterilization>
      <deviceSterile>false</deviceSterile>
      <sterilizationPriorToUse>false</sterilizationPriorToUse>
      <methodTypes />
    </sterilization>
  </device>
</devices>