﻿<?xml version="1.0" encoding="UTF-8"?>
<devices>
  <device xmlns:xsi="http://www.w3.org/2001/XMLSchema-instance" xmlns="http://www.fda.gov/cdrh/gudid">
    <publicDeviceRecordKey>cfd8d19e-c55d-495d-9524-5798c88429ab</publicDeviceRecordKey>
    <publicVersionStatus>Update</publicVersionStatus>
    <deviceRecordStatus>Published</deviceRecordStatus>
    <!--Note: publicVersionNumber is system generated and assigned to all device records to track public release updates to a device record-->
    <publicVersionNumber>4</publicVersionNumber>
    <publicVersionDate>2022-04-27</publicVersionDate>
    <devicePublishDate>2016-06-30</devicePublishDate>
    <deviceCommDistributionEndDate xsi:nil="true" />
    <deviceCommDistributionStatus>In Commercial Distribution</deviceCommDistributionStatus>
    <identifiers>
      <identifier>
        <deviceId>07611819111776</deviceId>
        <deviceIdType>Direct Marking</deviceIdType>
        <deviceIdIssuingAgency>GS1</deviceIdIssuingAgency>
        <containsDINumber xsi:nil="true" />
        <pkgQuantity xsi:nil="true" />
        <pkgDiscontinueDate xsi:nil="true" />
        <pkgStatus xsi:nil="true" />
        <pkgType xsi:nil="true" />
      </identifier>
      <identifier>
        <deviceId>H9813876410</deviceId>
        <deviceIdType>Secondary</deviceIdType>
        <deviceIdIssuingAgency>HIBCC</deviceIdIssuingAgency>
        <containsDINumber xsi:nil="true" />
        <pkgQuantity xsi:nil="true" />
        <pkgDiscontinueDate xsi:nil="true" />
        <pkgStatus xsi:nil="true" />
        <pkgType xsi:nil="true" />
      </identifier>
      <identifier>
        <deviceId>10705034771540</deviceId>
        <deviceIdType>Primary</deviceIdType>
        <deviceIdIssuingAgency>GS1</deviceIdIssuingAgency>
        <containsDINumber xsi:nil="true" />
        <pkgQuantity xsi:nil="true" />
        <pkgDiscontinueDate xsi:nil="true" />
        <pkgStatus xsi:nil="true" />
        <pkgType xsi:nil="true" />
      </identifier>
    </identifiers>
    <brandName>NA</brandName>
    <versionModelNumber>387.641</versionModelNumber>
    <catalogNumber>387641</catalogNumber>
    <dunsNumber>486711679</dunsNumber>
    <companyName>Synthes GmbH</companyName>
    <deviceCount>1</deviceCount>
    <deviceDescription>17MM TREPHINE DRILL</deviceDescription>
    <DMExempt>false</DMExempt>
    <premarketExempt>false</premarketExempt>
    <deviceHCTP>false</deviceHCTP>
    <deviceKit>false</deviceKit>
    <deviceCombinationProduct>false</deviceCombinationProduct>
    <singleUse>false</singleUse>
    <lotBatch>true</lotBatch>
    <serialNumber>false</serialNumber>
    <manufacturingDate>false</manufacturingDate>
    <expirationDate>false</expirationDate>
    <donationIdNumber>false</donationIdNumber>
    <labeledContainsNRL>false</labeledContainsNRL>
    <labeledNoNRL>false</labeledNoNRL>
    <MRISafetyStatus>Labeling does not contain MRI Safety Information</MRISafetyStatus>
    <rx>true</rx>
    <otc>false</otc>
    <contacts>
      <customerContact>
        <phone>+1(800)255-2500</phone>
        <phoneExtension xsi:nil="true" />
        <email>xx@xx.xx</email>
      </customerContact>
    </contacts>
    <premarketSubmissions>
      <premarketSubmission>
        <submissionNumber>K082649</submissionNumber>
        <supplementNumber>000</supplementNumber>
      </premarketSubmission>
    </premarketSubmissions>
    <gmdnTerms>
      <gmdn>
        <gmdnPTName>Bone trephine</gmdnPTName>
        <gmdnPTDefinition>An orthopaedic surgical blade designed to cut and remove circular sections of bone, typically for biopsy or percutaneous bone graft harvesting. It is typically a hollow cylinder with a circular, saw-like serrated working edge. It is an exchangeable device that may be attached to a manually-operated handle or to a powered rotary surgical handpiece. The device is typically made of high-grade stainless steel. This is a reusable device.</gmdnPTDefinition>
      </gmdn>
    </gmdnTerms>
    <productCodes>
      <fdaProductCode>
        <productCode>DZI</productCode>
        <productCodeName>DRILL, BONE, POWERED</productCodeName>
      </fdaProductCode>
    </productCodes>
    <deviceSizes />
    <environmentalConditions />
    <sterilization>
      <deviceSterile>false</deviceSterile>
      <sterilizationPriorToUse>true</sterilizationPriorToUse>
      <methodTypes>
        <sterilizationMethod>Moist Heat or Steam Sterilization</sterilizationMethod>
      </methodTypes>
    </sterilization>
  </device>
  <device xmlns:xsi="http://www.w3.org/2001/XMLSchema-instance" xmlns="http://www.fda.gov/cdrh/gudid">
    <publicDeviceRecordKey>2c60aff8-b779-491a-9d58-a93469a62cf8</publicDeviceRecordKey>
    <publicVersionStatus>Update</publicVersionStatus>
    <deviceRecordStatus>Published</deviceRecordStatus>
    <!--Note: publicVersionNumber is system generated and assigned to all device records to track public release updates to a device record-->
    <publicVersionNumber>4</publicVersionNumber>
    <publicVersionDate>2022-04-27</publicVersionDate>
    <devicePublishDate>2016-06-30</devicePublishDate>
    <deviceCommDistributionEndDate xsi:nil="true" />
    <deviceCommDistributionStatus>In Commercial Distribution</deviceCommDistributionStatus>
    <identifiers>
      <identifier>
        <deviceId>07611819111707</deviceId>
        <deviceIdType>Direct Marking</deviceIdType>
        <deviceIdIssuingAgency>GS1</deviceIdIssuingAgency>
        <containsDINumber xsi:nil="true" />
        <pkgQuantity xsi:nil="true" />
        <pkgDiscontinueDate xsi:nil="true" />
        <pkgStatus xsi:nil="true" />
        <pkgType xsi:nil="true" />
      </identifier>
      <identifier>
        <deviceId>H9813876310</deviceId>
        <deviceIdType>Secondary</deviceIdType>
        <deviceIdIssuingAgency>HIBCC</deviceIdIssuingAgency>
        <containsDINumber xsi:nil="true" />
        <pkgQuantity xsi:nil="true" />
        <pkgDiscontinueDate xsi:nil="true" />
        <pkgStatus xsi:nil="true" />
        <pkgType xsi:nil="true" />
      </identifier>
      <identifier>
        <deviceId>10705034771472</deviceId>
        <deviceIdType>Primary</deviceIdType>
        <deviceIdIssuingAgency>GS1</deviceIdIssuingAgency>
        <containsDINumber xsi:nil="true" />
        <pkgQuantity xsi:nil="true" />
        <pkgDiscontinueDate xsi:nil="true" />
        <pkgStatus xsi:nil="true" />
        <pkgType xsi:nil="true" />
      </identifier>
    </identifiers>
    <brandName>NA</brandName>
    <versionModelNumber>387.631</versionModelNumber>
    <catalogNumber>387631</catalogNumber>
    <dunsNumber>486711679</dunsNumber>
    <companyName>Synthes GmbH</companyName>
    <deviceCount>1</deviceCount>
    <deviceDescription>15MM TREPHINE DRILL</deviceDescription>
    <DMExempt>false</DMExempt>
    <premarketExempt>false</premarketExempt>
    <deviceHCTP>false</deviceHCTP>
    <deviceKit>false</deviceKit>
    <deviceCombinationProduct>false</deviceCombinationProduct>
    <singleUse>false</singleUse>
    <lotBatch>true</lotBatch>
    <serialNumber>false</serialNumber>
    <manufacturingDate>false</manufacturingDate>
    <expirationDate>false</expirationDate>
    <donationIdNumber>false</donationIdNumber>
    <labeledContainsNRL>false</labeledContainsNRL>
    <labeledNoNRL>false</labeledNoNRL>
    <MRISafetyStatus>Labeling does not contain MRI Safety Information</MRISafetyStatus>
    <rx>true</rx>
    <otc>false</otc>
    <contacts>
      <customerContact>
        <phone>+1(800)255-2500</phone>
        <phoneExtension xsi:nil="true" />
        <email>xx@xx.xx</email>
      </customerContact>
    </contacts>
    <premarketSubmissions>
      <premarketSubmission>
        <submissionNumber>K082649</submissionNumber>
        <supplementNumber>000</supplementNumber>
      </premarketSubmission>
    </premarketSubmissions>
    <gmdnTerms>
      <gmdn>
        <gmdnPTName>Bone trephine</gmdnPTName>
        <gmdnPTDefinition>An orthopaedic surgical blade designed to cut and remove circular sections of bone, typically for biopsy or percutaneous bone graft harvesting. It is typically a hollow cylinder with a circular, saw-like serrated working edge. It is an exchangeable device that may be attached to a manually-operated handle or to a powered rotary surgical handpiece. The device is typically made of high-grade stainless steel. This is a reusable device.</gmdnPTDefinition>
      </gmdn>
    </gmdnTerms>
    <productCodes>
      <fdaProductCode>
        <productCode>DZI</productCode>
        <productCodeName>DRILL, BONE, POWERED</productCodeName>
      </fdaProductCode>
    </productCodes>
    <deviceSizes />
    <environmentalConditions />
    <sterilization>
      <deviceSterile>false</deviceSterile>
      <sterilizationPriorToUse>true</sterilizationPriorToUse>
      <methodTypes>
        <sterilizationMethod>Moist Heat or Steam Sterilization</sterilizationMethod>
      </methodTypes>
    </sterilization>
  </device>
  <device xmlns:xsi="http://www.w3.org/2001/XMLSchema-instance" xmlns="http://www.fda.gov/cdrh/gudid">
    <publicDeviceRecordKey>30c9b57e-4069-4f2f-82ac-4d5b8a8dd893</publicDeviceRecordKey>
    <publicVersionStatus>Update</publicVersionStatus>
    <deviceRecordStatus>Published</deviceRecordStatus>
    <!--Note: publicVersionNumber is system generated and assigned to all device records to track public release updates to a device record-->
    <publicVersionNumber>2</publicVersionNumber>
    <publicVersionDate>2018-03-29</publicVersionDate>
    <devicePublishDate>2017-02-20</devicePublishDate>
    <deviceCommDistributionEndDate xsi:nil="true" />
    <deviceCommDistributionStatus>In Commercial Distribution</deviceCommDistributionStatus>
    <identifiers>
      <identifier>
        <deviceId>H981PDL326H</deviceId>
        <deviceIdType>Secondary</deviceIdType>
        <deviceIdIssuingAgency>HIBCC</deviceIdIssuingAgency>
        <containsDINumber xsi:nil="true" />
        <pkgQuantity xsi:nil="true" />
        <pkgDiscontinueDate xsi:nil="true" />
        <pkgStatus xsi:nil="true" />
        <pkgType xsi:nil="true" />
      </identifier>
      <identifier>
        <deviceId>10705034700540</deviceId>
        <deviceIdType>Primary</deviceIdType>
        <deviceIdIssuingAgency>GS1</deviceIdIssuingAgency>
        <containsDINumber xsi:nil="true" />
        <pkgQuantity xsi:nil="true" />
        <pkgDiscontinueDate xsi:nil="true" />
        <pkgStatus xsi:nil="true" />
        <pkgType xsi:nil="true" />
      </identifier>
    </identifiers>
    <brandName>NA</brandName>
    <versionModelNumber>PDL326</versionModelNumber>
    <catalogNumber>PDL326</catalogNumber>
    <dunsNumber>832637081</dunsNumber>
    <companyName>SYNTHES (U.S.A.) LP</companyName>
    <deviceCount>1</deviceCount>
    <deviceDescription>CHISEL 14MM</deviceDescription>
    <DMExempt>false</DMExempt>
    <premarketExempt>true</premarketExempt>
    <deviceHCTP>false</deviceHCTP>
    <deviceKit>false</deviceKit>
    <deviceCombinationProduct>false</deviceCombinationProduct>
    <singleUse>false</singleUse>
    <lotBatch>true</lotBatch>
    <serialNumber>false</serialNumber>
    <manufacturingDate>false</manufacturingDate>
    <expirationDate>false</expirationDate>
    <donationIdNumber>false</donationIdNumber>
    <labeledContainsNRL>false</labeledContainsNRL>
    <labeledNoNRL>false</labeledNoNRL>
    <MRISafetyStatus>Labeling does not contain MRI Safety Information</MRISafetyStatus>
    <rx>true</rx>
    <otc>false</otc>
    <contacts>
      <customerContact>
        <phone>+1(800)255-2500</phone>
        <phoneExtension xsi:nil="true" />
        <email>xx@xx.xx</email>
      </customerContact>
    </contacts>
    <gmdnTerms>
      <gmdn>
        <gmdnPTName>Orthopaedic chisel</gmdnPTName>
        <gmdnPTDefinition>A hand-held, single-blade surgical instrument, bevelled on one side, designed to cut and shape bone during orthopaedic surgery. It is hand-held by the operator who uses a surgical mallet or hammer to manually impart a force to the proximal end of the instrument. The distal end (the cutting or shaping edge) is sharp, flat or curved [(concave) - also known as a hollow blade] in design. It is either entirely made of metal (e.g., high-grade stainless steel) or has a metal blade with a handle made of synthetic material (e.g., Tufnol). This is a reusable device.</gmdnPTDefinition>
      </gmdn>
    </gmdnTerms>
    <productCodes>
      <fdaProductCode>
        <productCode>EML</productCode>
        <productCodeName>CHISEL, BONE, SURGICAL</productCodeName>
      </fdaProductCode>
    </productCodes>
    <deviceSizes />
    <environmentalConditions />
    <sterilization>
      <deviceSterile>false</deviceSterile>
      <sterilizationPriorToUse>true</sterilizationPriorToUse>
      <methodTypes>
        <sterilizationMethod>Moist Heat or Steam Sterilization</sterilizationMethod>
      </methodTypes>
    </sterilization>
  </device>
  <device xmlns:xsi="http://www.w3.org/2001/XMLSchema-instance" xmlns="http://www.fda.gov/cdrh/gudid">
    <publicDeviceRecordKey>914bdd12-2b12-4463-a638-fdb6974c35eb</publicDeviceRecordKey>
    <publicVersionStatus>Update</publicVersionStatus>
    <deviceRecordStatus>Published</deviceRecordStatus>
    <!--Note: publicVersionNumber is system generated and assigned to all device records to track public release updates to a device record-->
    <publicVersionNumber>2</publicVersionNumber>
    <publicVersionDate>2018-03-29</publicVersionDate>
    <devicePublishDate>2017-02-20</devicePublishDate>
    <deviceCommDistributionEndDate xsi:nil="true" />
    <deviceCommDistributionStatus>In Commercial Distribution</deviceCommDistributionStatus>
    <identifiers>
      <identifier>
        <deviceId>H981PDL324F</deviceId>
        <deviceIdType>Secondary</deviceIdType>
        <deviceIdIssuingAgency>HIBCC</deviceIdIssuingAgency>
        <containsDINumber xsi:nil="true" />
        <pkgQuantity xsi:nil="true" />
        <pkgDiscontinueDate xsi:nil="true" />
        <pkgStatus xsi:nil="true" />
        <pkgType xsi:nil="true" />
      </identifier>
      <identifier>
        <deviceId>10705034700533</deviceId>
        <deviceIdType>Primary</deviceIdType>
        <deviceIdIssuingAgency>GS1</deviceIdIssuingAgency>
        <containsDINumber xsi:nil="true" />
        <pkgQuantity xsi:nil="true" />
        <pkgDiscontinueDate xsi:nil="true" />
        <pkgStatus xsi:nil="true" />
        <pkgType xsi:nil="true" />
      </identifier>
    </identifiers>
    <brandName>NA</brandName>
    <versionModelNumber>PDL324</versionModelNumber>
    <catalogNumber>PDL324</catalogNumber>
    <dunsNumber>832637081</dunsNumber>
    <companyName>SYNTHES (U.S.A.) LP</companyName>
    <deviceCount>1</deviceCount>
    <deviceDescription>CHISEL 12MM</deviceDescription>
    <DMExempt>false</DMExempt>
    <premarketExempt>true</premarketExempt>
    <deviceHCTP>false</deviceHCTP>
    <deviceKit>false</deviceKit>
    <deviceCombinationProduct>false</deviceCombinationProduct>
    <singleUse>false</singleUse>
    <lotBatch>true</lotBatch>
    <serialNumber>false</serialNumber>
    <manufacturingDate>false</manufacturingDate>
    <expirationDate>false</expirationDate>
    <donationIdNumber>false</donationIdNumber>
    <labeledContainsNRL>false</labeledContainsNRL>
    <labeledNoNRL>false</labeledNoNRL>
    <MRISafetyStatus>Labeling does not contain MRI Safety Information</MRISafetyStatus>
    <rx>true</rx>
    <otc>false</otc>
    <contacts>
      <customerContact>
        <phone>+1(800)255-2500</phone>
        <phoneExtension xsi:nil="true" />
        <email>xx@xx.xx</email>
      </customerContact>
    </contacts>
    <gmdnTerms>
      <gmdn>
        <gmdnPTName>Orthopaedic chisel</gmdnPTName>
        <gmdnPTDefinition>A hand-held, single-blade surgical instrument, bevelled on one side, designed to cut and shape bone during orthopaedic surgery. It is hand-held by the operator who uses a surgical mallet or hammer to manually impart a force to the proximal end of the instrument. The distal end (the cutting or shaping edge) is sharp, flat or curved [(concave) - also known as a hollow blade] in design. It is either entirely made of metal (e.g., high-grade stainless steel) or has a metal blade with a handle made of synthetic material (e.g., Tufnol). This is a reusable device.</gmdnPTDefinition>
      </gmdn>
    </gmdnTerms>
    <productCodes>
      <fdaProductCode>
        <productCode>EML</productCode>
        <productCodeName>CHISEL, BONE, SURGICAL</productCodeName>
      </fdaProductCode>
    </productCodes>
    <deviceSizes />
    <environmentalConditions />
    <sterilization>
      <deviceSterile>false</deviceSterile>
      <sterilizationPriorToUse>true</sterilizationPriorToUse>
      <methodTypes>
        <sterilizationMethod>Moist Heat or Steam Sterilization</sterilizationMethod>
      </methodTypes>
    </sterilization>
  </device>
  <device xmlns:xsi="http://www.w3.org/2001/XMLSchema-instance" xmlns="http://www.fda.gov/cdrh/gudid">
    <publicDeviceRecordKey>9624e49f-cb30-4faf-9603-0e70b1f2afff</publicDeviceRecordKey>
    <publicVersionStatus>Update</publicVersionStatus>
    <deviceRecordStatus>Published</deviceRecordStatus>
    <!--Note: publicVersionNumber is system generated and assigned to all device records to track public release updates to a device record-->
    <publicVersionNumber>2</publicVersionNumber>
    <publicVersionDate>2018-03-29</publicVersionDate>
    <devicePublishDate>2017-02-20</devicePublishDate>
    <deviceCommDistributionEndDate xsi:nil="true" />
    <deviceCommDistributionStatus>In Commercial Distribution</deviceCommDistributionStatus>
    <identifiers>
      <identifier>
        <deviceId>H981PDL322D</deviceId>
        <deviceIdType>Secondary</deviceIdType>
        <deviceIdIssuingAgency>HIBCC</deviceIdIssuingAgency>
        <containsDINumber xsi:nil="true" />
        <pkgQuantity xsi:nil="true" />
        <pkgDiscontinueDate xsi:nil="true" />
        <pkgStatus xsi:nil="true" />
        <pkgType xsi:nil="true" />
      </identifier>
      <identifier>
        <deviceId>10705034700526</deviceId>
        <deviceIdType>Primary</deviceIdType>
        <deviceIdIssuingAgency>GS1</deviceIdIssuingAgency>
        <containsDINumber xsi:nil="true" />
        <pkgQuantity xsi:nil="true" />
        <pkgDiscontinueDate xsi:nil="true" />
        <pkgStatus xsi:nil="true" />
        <pkgType xsi:nil="true" />
      </identifier>
    </identifiers>
    <brandName>NA</brandName>
    <versionModelNumber>PDL322</versionModelNumber>
    <catalogNumber>PDL322</catalogNumber>
    <dunsNumber>832637081</dunsNumber>
    <companyName>SYNTHES (U.S.A.) LP</companyName>
    <deviceCount>1</deviceCount>
    <deviceDescription>CHISEL 10MM</deviceDescription>
    <DMExempt>false</DMExempt>
    <premarketExempt>true</premarketExempt>
    <deviceHCTP>false</deviceHCTP>
    <deviceKit>false</deviceKit>
    <deviceCombinationProduct>false</deviceCombinationProduct>
    <singleUse>false</singleUse>
    <lotBatch>true</lotBatch>
    <serialNumber>false</serialNumber>
    <manufacturingDate>false</manufacturingDate>
    <expirationDate>false</expirationDate>
    <donationIdNumber>false</donationIdNumber>
    <labeledContainsNRL>false</labeledContainsNRL>
    <labeledNoNRL>false</labeledNoNRL>
    <MRISafetyStatus>Labeling does not contain MRI Safety Information</MRISafetyStatus>
    <rx>true</rx>
    <otc>false</otc>
    <contacts>
      <customerContact>
        <phone>+1(800)255-2500</phone>
        <phoneExtension xsi:nil="true" />
        <email>xx@xx.xx</email>
      </customerContact>
    </contacts>
    <gmdnTerms>
      <gmdn>
        <gmdnPTName>Orthopaedic chisel</gmdnPTName>
        <gmdnPTDefinition>A hand-held, single-blade surgical instrument, bevelled on one side, designed to cut and shape bone during orthopaedic surgery. It is hand-held by the operator who uses a surgical mallet or hammer to manually impart a force to the proximal end of the instrument. The distal end (the cutting or shaping edge) is sharp, flat or curved [(concave) - also known as a hollow blade] in design. It is either entirely made of metal (e.g., high-grade stainless steel) or has a metal blade with a handle made of synthetic material (e.g., Tufnol). This is a reusable device.</gmdnPTDefinition>
      </gmdn>
    </gmdnTerms>
    <productCodes>
      <fdaProductCode>
        <productCode>EML</productCode>
        <productCodeName>CHISEL, BONE, SURGICAL</productCodeName>
      </fdaProductCode>
    </productCodes>
    <deviceSizes />
    <environmentalConditions />
    <sterilization>
      <deviceSterile>false</deviceSterile>
      <sterilizationPriorToUse>true</sterilizationPriorToUse>
      <methodTypes>
        <sterilizationMethod>Moist Heat or Steam Sterilization</sterilizationMethod>
      </methodTypes>
    </sterilization>
  </device>
  <device xmlns:xsi="http://www.w3.org/2001/XMLSchema-instance" xmlns="http://www.fda.gov/cdrh/gudid">
    <publicDeviceRecordKey>bf6c392d-272f-4a32-b00b-a4f3010aed40</publicDeviceRecordKey>
    <publicVersionStatus>Update</publicVersionStatus>
    <deviceRecordStatus>Published</deviceRecordStatus>
    <!--Note: publicVersionNumber is system generated and assigned to all device records to track public release updates to a device record-->
    <publicVersionNumber>2</publicVersionNumber>
    <publicVersionDate>2018-03-29</publicVersionDate>
    <devicePublishDate>2016-12-31</devicePublishDate>
    <deviceCommDistributionEndDate xsi:nil="true" />
    <deviceCommDistributionStatus>In Commercial Distribution</deviceCommDistributionStatus>
    <identifiers>
      <identifier>
        <deviceId>H981PDL1209</deviceId>
        <deviceIdType>Secondary</deviceIdType>
        <deviceIdIssuingAgency>HIBCC</deviceIdIssuingAgency>
        <containsDINumber xsi:nil="true" />
        <pkgQuantity xsi:nil="true" />
        <pkgDiscontinueDate xsi:nil="true" />
        <pkgStatus xsi:nil="true" />
        <pkgType xsi:nil="true" />
      </identifier>
      <identifier>
        <deviceId>10705034700243</deviceId>
        <deviceIdType>Primary</deviceIdType>
        <deviceIdIssuingAgency>GS1</deviceIdIssuingAgency>
        <containsDINumber xsi:nil="true" />
        <pkgQuantity xsi:nil="true" />
        <pkgDiscontinueDate xsi:nil="true" />
        <pkgStatus xsi:nil="true" />
        <pkgType xsi:nil="true" />
      </identifier>
    </identifiers>
    <brandName>NA</brandName>
    <versionModelNumber>PDL120</versionModelNumber>
    <catalogNumber>PDL120</catalogNumber>
    <dunsNumber>832637081</dunsNumber>
    <companyName>SYNTHES (U.S.A.) LP</companyName>
    <deviceCount>1</deviceCount>
    <deviceDescription>MIDLINE MARKER 8MM WIDTH 250MM</deviceDescription>
    <DMExempt>false</DMExempt>
    <premarketExempt>true</premarketExempt>
    <deviceHCTP>false</deviceHCTP>
    <deviceKit>false</deviceKit>
    <deviceCombinationProduct>false</deviceCombinationProduct>
    <singleUse>false</singleUse>
    <lotBatch>true</lotBatch>
    <serialNumber>false</serialNumber>
    <manufacturingDate>false</manufacturingDate>
    <expirationDate>false</expirationDate>
    <donationIdNumber>false</donationIdNumber>
    <labeledContainsNRL>false</labeledContainsNRL>
    <labeledNoNRL>false</labeledNoNRL>
    <MRISafetyStatus>Labeling does not contain MRI Safety Information</MRISafetyStatus>
    <rx>true</rx>
    <otc>false</otc>
    <contacts>
      <customerContact>
        <phone>+1(800)255-2500</phone>
        <phoneExtension xsi:nil="true" />
        <email>xx@xx.xx</email>
      </customerContact>
    </contacts>
    <gmdnTerms>
      <gmdn>
        <gmdnPTName>Orthopaedic chisel</gmdnPTName>
        <gmdnPTDefinition>A hand-held, single-blade surgical instrument, bevelled on one side, designed to cut and shape bone during orthopaedic surgery. It is hand-held by the operator who uses a surgical mallet or hammer to manually impart a force to the proximal end of the instrument. The distal end (the cutting or shaping edge) is sharp, flat or curved [(concave) - also known as a hollow blade] in design. It is either entirely made of metal (e.g., high-grade stainless steel) or has a metal blade with a handle made of synthetic material (e.g., Tufnol). This is a reusable device.</gmdnPTDefinition>
      </gmdn>
    </gmdnTerms>
    <productCodes>
      <fdaProductCode>
        <productCode>EML</productCode>
        <productCodeName>CHISEL, BONE, SURGICAL</productCodeName>
      </fdaProductCode>
    </productCodes>
    <deviceSizes />
    <environmentalConditions />
    <sterilization>
      <deviceSterile>false</deviceSterile>
      <sterilizationPriorToUse>true</sterilizationPriorToUse>
      <methodTypes>
        <sterilizationMethod>Moist Heat or Steam Sterilization</sterilizationMethod>
      </methodTypes>
    </sterilization>
  </device>
  <device xmlns:xsi="http://www.w3.org/2001/XMLSchema-instance" xmlns="http://www.fda.gov/cdrh/gudid">
    <publicDeviceRecordKey>0c461e2a-125a-48bb-a973-d1a2129481c2</publicDeviceRecordKey>
    <publicVersionStatus>Update</publicVersionStatus>
    <deviceRecordStatus>Published</deviceRecordStatus>
    <!--Note: publicVersionNumber is system generated and assigned to all device records to track public release updates to a device record-->
    <publicVersionNumber>3</publicVersionNumber>
    <publicVersionDate>2018-07-06</publicVersionDate>
    <devicePublishDate>2015-09-24</devicePublishDate>
    <deviceCommDistributionEndDate xsi:nil="true" />
    <deviceCommDistributionStatus>In Commercial Distribution</deviceCommDistributionStatus>
    <identifiers>
      <identifier>
        <deviceId>10705034195636</deviceId>
        <deviceIdType>Primary</deviceIdType>
        <deviceIdIssuingAgency>GS1</deviceIdIssuingAgency>
        <containsDINumber xsi:nil="true" />
        <pkgQuantity xsi:nil="true" />
        <pkgDiscontinueDate xsi:nil="true" />
        <pkgStatus xsi:nil="true" />
        <pkgType xsi:nil="true" />
      </identifier>
    </identifiers>
    <brandName>SYMPHONY</brandName>
    <versionModelNumber>276050100</versionModelNumber>
    <catalogNumber>276050100</catalogNumber>
    <dunsNumber>107105876</dunsNumber>
    <companyName>DEPUY SPINE, LLC</companyName>
    <deviceCount>1</deviceCount>
    <deviceDescription>SYMPHONY GRAFT DELIVERY SYSTEM MANIFOLD KIT</deviceDescription>
    <DMExempt>false</DMExempt>
    <premarketExempt>false</premarketExempt>
    <deviceHCTP>false</deviceHCTP>
    <deviceKit>true</deviceKit>
    <deviceCombinationProduct>false</deviceCombinationProduct>
    <singleUse>true</singleUse>
    <lotBatch>true</lotBatch>
    <serialNumber>false</serialNumber>
    <manufacturingDate>false</manufacturingDate>
    <expirationDate>true</expirationDate>
    <donationIdNumber>false</donationIdNumber>
    <labeledContainsNRL>false</labeledContainsNRL>
    <labeledNoNRL>false</labeledNoNRL>
    <MRISafetyStatus>Labeling does not contain MRI Safety Information</MRISafetyStatus>
    <rx>true</rx>
    <otc>false</otc>
    <contacts>
      <customerContact>
        <phone>+1(800)255-2500</phone>
        <phoneExtension xsi:nil="true" />
        <email>xx@xx.xx</email>
      </customerContact>
    </contacts>
    <premarketSubmissions>
      <premarketSubmission>
        <submissionNumber>K003286</submissionNumber>
        <supplementNumber>000</supplementNumber>
      </premarketSubmission>
    </premarketSubmissions>
    <gmdnTerms>
      <gmdn>
        <gmdnPTName>Bone graft delivery kit</gmdnPTName>
        <gmdnPTDefinition>A collection of sterile devices intended to be used to prepare and/or deliver bone graft material during an orthopaedic surgical procedure. It typically includes aspirating/delivery/mixing syringe(s), an adaptor, and a needle/cannula. It allows for the aspiration and/or premixing of bone marrow, autologous blood, plasma, intravenous fluids (IVF), and bone void filler (e.g., allograft, autograft, synthetic bone graft material), and their delivery to the surgical site. This is a single-use device.</gmdnPTDefinition>
      </gmdn>
    </gmdnTerms>
    <productCodes>
      <fdaProductCode>
        <productCode>LYC</productCode>
        <productCodeName>Bone grafting material, synthetic</productCodeName>
      </fdaProductCode>
    </productCodes>
    <deviceSizes />
    <environmentalConditions />
    <sterilization>
      <deviceSterile>true</deviceSterile>
      <sterilizationPriorToUse>false</sterilizationPriorToUse>
      <methodTypes />
    </sterilization>
  </device>
  <device xmlns:xsi="http://www.w3.org/2001/XMLSchema-instance" xmlns="http://www.fda.gov/cdrh/gudid">
    <publicDeviceRecordKey>60425a09-77b4-4512-b829-336595b7e477</publicDeviceRecordKey>
    <publicVersionStatus>Update</publicVersionStatus>
    <deviceRecordStatus>Published</deviceRecordStatus>
    <!--Note: publicVersionNumber is system generated and assigned to all device records to track public release updates to a device record-->
    <publicVersionNumber>3</publicVersionNumber>
    <publicVersionDate>2018-07-06</publicVersionDate>
    <devicePublishDate>2015-09-24</devicePublishDate>
    <deviceCommDistributionEndDate xsi:nil="true" />
    <deviceCommDistributionStatus>In Commercial Distribution</deviceCommDistributionStatus>
    <identifiers>
      <identifier>
        <deviceId>10705034195629</deviceId>
        <deviceIdType>Primary</deviceIdType>
        <deviceIdIssuingAgency>GS1</deviceIdIssuingAgency>
        <containsDINumber xsi:nil="true" />
        <pkgQuantity xsi:nil="true" />
        <pkgDiscontinueDate xsi:nil="true" />
        <pkgStatus xsi:nil="true" />
        <pkgType xsi:nil="true" />
      </identifier>
    </identifiers>
    <brandName>SYMPHONY</brandName>
    <versionModelNumber>276050000</versionModelNumber>
    <catalogNumber>276050000</catalogNumber>
    <dunsNumber>107105876</dunsNumber>
    <companyName>DEPUY SPINE, LLC</companyName>
    <deviceCount>1</deviceCount>
    <deviceDescription>SYMPHONY GRAFT DELIVERY SYSTEM STANDARD KIT</deviceDescription>
    <DMExempt>false</DMExempt>
    <premarketExempt>false</premarketExempt>
    <deviceHCTP>false</deviceHCTP>
    <deviceKit>true</deviceKit>
    <deviceCombinationProduct>false</deviceCombinationProduct>
    <singleUse>true</singleUse>
    <lotBatch>true</lotBatch>
    <serialNumber>false</serialNumber>
    <manufacturingDate>false</manufacturingDate>
    <expirationDate>true</expirationDate>
    <donationIdNumber>false</donationIdNumber>
    <labeledContainsNRL>false</labeledContainsNRL>
    <labeledNoNRL>false</labeledNoNRL>
    <MRISafetyStatus>Labeling does not contain MRI Safety Information</MRISafetyStatus>
    <rx>true</rx>
    <otc>false</otc>
    <contacts>
      <customerContact>
        <phone>+1(800)255-2500</phone>
        <phoneExtension xsi:nil="true" />
        <email>xx@xx.xx</email>
      </customerContact>
    </contacts>
    <premarketSubmissions>
      <premarketSubmission>
        <submissionNumber>K003286</submissionNumber>
        <supplementNumber>000</supplementNumber>
      </premarketSubmission>
    </premarketSubmissions>
    <gmdnTerms>
      <gmdn>
        <gmdnPTName>Bone graft delivery kit</gmdnPTName>
        <gmdnPTDefinition>A collection of sterile devices intended to be used to prepare and/or deliver bone graft material during an orthopaedic surgical procedure. It typically includes aspirating/delivery/mixing syringe(s), an adaptor, and a needle/cannula. It allows for the aspiration and/or premixing of bone marrow, autologous blood, plasma, intravenous fluids (IVF), and bone void filler (e.g., allograft, autograft, synthetic bone graft material), and their delivery to the surgical site. This is a single-use device.</gmdnPTDefinition>
      </gmdn>
    </gmdnTerms>
    <productCodes>
      <fdaProductCode>
        <productCode>LYC</productCode>
        <productCodeName>Bone grafting material, synthetic</productCodeName>
      </fdaProductCode>
    </productCodes>
    <deviceSizes />
    <environmentalConditions />
    <sterilization>
      <deviceSterile>true</deviceSterile>
      <sterilizationPriorToUse>false</sterilizationPriorToUse>
      <methodTypes />
    </sterilization>
  </device>
</devices>