﻿<?xml version="1.0" encoding="UTF-8"?>
<devices>
  <device xmlns:xsi="http://www.w3.org/2001/XMLSchema-instance" xmlns="http://www.fda.gov/cdrh/gudid">
    <publicDeviceRecordKey>d796e7d8-8da1-47ca-a6d0-6ec87b26ff94</publicDeviceRecordKey>
    <publicVersionStatus>Update</publicVersionStatus>
    <deviceRecordStatus>Published</deviceRecordStatus>
    <!--Note: publicVersionNumber is system generated and assigned to all device records to track public release updates to a device record-->
    <publicVersionNumber>3</publicVersionNumber>
    <publicVersionDate>2020-05-29</publicVersionDate>
    <devicePublishDate>2016-08-20</devicePublishDate>
    <deviceCommDistributionEndDate>2020-05-28</deviceCommDistributionEndDate>
    <deviceCommDistributionStatus>Not in Commercial Distribution</deviceCommDistributionStatus>
    <identifiers>
      <identifier>
        <deviceId>20809160026127</deviceId>
        <deviceIdType>Package</deviceIdType>
        <deviceIdIssuingAgency>GS1</deviceIdIssuingAgency>
        <containsDINumber>10809160026120</containsDINumber>
        <pkgQuantity>50</pkgQuantity>
        <pkgDiscontinueDate>2020-05-28</pkgDiscontinueDate>
        <pkgStatus>Not in Commercial Distribution</pkgStatus>
        <pkgType xsi:nil="true" />
      </identifier>
      <identifier>
        <deviceId>10809160026120</deviceId>
        <deviceIdType>Primary</deviceIdType>
        <deviceIdIssuingAgency>GS1</deviceIdIssuingAgency>
        <containsDINumber xsi:nil="true" />
        <pkgQuantity xsi:nil="true" />
        <pkgDiscontinueDate xsi:nil="true" />
        <pkgStatus xsi:nil="true" />
        <pkgType xsi:nil="true" />
      </identifier>
    </identifiers>
    <brandName>Medical Action Industries</brandName>
    <versionModelNumber>75667</versionModelNumber>
    <catalogNumber xsi:nil="true" />
    <dunsNumber>092364462</dunsNumber>
    <companyName>MEDICAL ACTION INDUSTRIES INC.</companyName>
    <deviceCount>1</deviceCount>
    <deviceDescription xsi:nil="true" />
    <DMExempt>true</DMExempt>
    <premarketExempt>true</premarketExempt>
    <deviceHCTP>false</deviceHCTP>
    <deviceKit>true</deviceKit>
    <deviceCombinationProduct>true</deviceCombinationProduct>
    <singleUse>true</singleUse>
    <lotBatch>true</lotBatch>
    <serialNumber>false</serialNumber>
    <manufacturingDate>false</manufacturingDate>
    <expirationDate>true</expirationDate>
    <donationIdNumber>false</donationIdNumber>
    <labeledContainsNRL>false</labeledContainsNRL>
    <labeledNoNRL>true</labeledNoNRL>
    <MRISafetyStatus>Labeling does not contain MRI Safety Information</MRISafetyStatus>
    <rx>false</rx>
    <otc>true</otc>
    <contacts />
    <gmdnTerms>
      <gmdn>
        <gmdnCode>61949</gmdnCode>
        <gmdnPTName>Personal care kit</gmdnPTName>
        <gmdnPTDefinition>A collection of devices intended to be used by a patient for personal care needs during a stay in a healthcare institution. It typically contains items such as gown, slippers, cap, hair comb and toothbrush in a storage bag, and may also contain additional personal care products e.g., toothpaste, lotion and deodorant. This is a single-use device.</gmdnPTDefinition>
        <implantable>false</implantable>
        <gmdnCodeStatus>Active</gmdnCodeStatus>
      </gmdn>
    </gmdnTerms>
    <productCodes>
      <fdaProductCode>
        <productCode>NSB</productCode>
        <productCodeName>Patient personal hygiene kit</productCodeName>
      </fdaProductCode>
    </productCodes>
    <deviceSizes />
    <environmentalConditions>
      <storageHandling>
        <storageHandlingType>Special Storage Condition, Specify</storageHandlingType>
        <storageHandlingHigh value="" unit="" />
        <storageHandlingLow value="" unit="" />
        <storageHandlingSpecialConditionText>store at room temperature</storageHandlingSpecialConditionText>
      </storageHandling>
      <storageHandling>
        <storageHandlingType>Special Storage Condition, Specify</storageHandlingType>
        <storageHandlingHigh value="" unit="" />
        <storageHandlingLow value="" unit="" />
        <storageHandlingSpecialConditionText xsi:nil="true" />
      </storageHandling>
    </environmentalConditions>
    <sterilization>
      <deviceSterile>false</deviceSterile>
      <sterilizationPriorToUse>false</sterilizationPriorToUse>
      <methodTypes />
    </sterilization>
  </device>
  <device xmlns:xsi="http://www.w3.org/2001/XMLSchema-instance" xmlns="http://www.fda.gov/cdrh/gudid">
    <publicDeviceRecordKey>09902d40-33dd-41d7-9136-22111516fda5</publicDeviceRecordKey>
    <publicVersionStatus>Update</publicVersionStatus>
    <deviceRecordStatus>Published</deviceRecordStatus>
    <!--Note: publicVersionNumber is system generated and assigned to all device records to track public release updates to a device record-->
    <publicVersionNumber>2</publicVersionNumber>
    <publicVersionDate>2018-03-29</publicVersionDate>
    <devicePublishDate>2016-08-20</devicePublishDate>
    <deviceCommDistributionEndDate xsi:nil="true" />
    <deviceCommDistributionStatus>In Commercial Distribution</deviceCommDistributionStatus>
    <identifiers>
      <identifier>
        <deviceId>20809160025236</deviceId>
        <deviceIdType>Package</deviceIdType>
        <deviceIdIssuingAgency>GS1</deviceIdIssuingAgency>
        <containsDINumber>10809160025239</containsDINumber>
        <pkgQuantity>8</pkgQuantity>
        <pkgDiscontinueDate xsi:nil="true" />
        <pkgStatus>In Commercial Distribution</pkgStatus>
        <pkgType xsi:nil="true" />
      </identifier>
      <identifier>
        <deviceId>10809160025239</deviceId>
        <deviceIdType>Primary</deviceIdType>
        <deviceIdIssuingAgency>GS1</deviceIdIssuingAgency>
        <containsDINumber xsi:nil="true" />
        <pkgQuantity xsi:nil="true" />
        <pkgDiscontinueDate xsi:nil="true" />
        <pkgStatus xsi:nil="true" />
        <pkgType xsi:nil="true" />
      </identifier>
    </identifiers>
    <brandName>Medical Action Industries</brandName>
    <versionModelNumber>75600</versionModelNumber>
    <catalogNumber xsi:nil="true" />
    <dunsNumber>092364462</dunsNumber>
    <companyName>MEDICAL ACTION INDUSTRIES INC.</companyName>
    <deviceCount>1</deviceCount>
    <deviceDescription>Kit: Admission 8/Cs PILOT</deviceDescription>
    <DMExempt>true</DMExempt>
    <premarketExempt>true</premarketExempt>
    <deviceHCTP>false</deviceHCTP>
    <deviceKit>true</deviceKit>
    <deviceCombinationProduct>true</deviceCombinationProduct>
    <singleUse>true</singleUse>
    <lotBatch>true</lotBatch>
    <serialNumber>false</serialNumber>
    <manufacturingDate>false</manufacturingDate>
    <expirationDate>true</expirationDate>
    <donationIdNumber>false</donationIdNumber>
    <labeledContainsNRL>false</labeledContainsNRL>
    <labeledNoNRL>true</labeledNoNRL>
    <MRISafetyStatus>Labeling does not contain MRI Safety Information</MRISafetyStatus>
    <rx>false</rx>
    <otc>true</otc>
    <contacts />
    <gmdnTerms>
      <gmdn>
        <gmdnCode>61949</gmdnCode>
        <gmdnPTName>Personal care kit</gmdnPTName>
        <gmdnPTDefinition>A collection of devices intended to be used by a patient for personal care needs during a stay in a healthcare institution. It typically contains items such as gown, slippers, cap, hair comb and toothbrush in a storage bag, and may also contain additional personal care products e.g., toothpaste, lotion and deodorant. This is a single-use device.</gmdnPTDefinition>
        <implantable>false</implantable>
        <gmdnCodeStatus>Active</gmdnCodeStatus>
      </gmdn>
    </gmdnTerms>
    <productCodes>
      <fdaProductCode>
        <productCode>NSB</productCode>
        <productCodeName>Patient personal hygiene kit</productCodeName>
      </fdaProductCode>
    </productCodes>
    <deviceSizes />
    <environmentalConditions>
      <storageHandling>
        <storageHandlingType>Special Storage Condition, Specify</storageHandlingType>
        <storageHandlingHigh value="" unit="" />
        <storageHandlingLow value="" unit="" />
        <storageHandlingSpecialConditionText>store at room temperature</storageHandlingSpecialConditionText>
      </storageHandling>
      <storageHandling>
        <storageHandlingType>Special Storage Condition, Specify</storageHandlingType>
        <storageHandlingHigh value="" unit="" />
        <storageHandlingLow value="" unit="" />
        <storageHandlingSpecialConditionText xsi:nil="true" />
      </storageHandling>
    </environmentalConditions>
    <sterilization>
      <deviceSterile>false</deviceSterile>
      <sterilizationPriorToUse>false</sterilizationPriorToUse>
      <methodTypes />
    </sterilization>
  </device>
  <device xmlns:xsi="http://www.w3.org/2001/XMLSchema-instance" xmlns="http://www.fda.gov/cdrh/gudid">
    <publicDeviceRecordKey>3aecea7c-c8f7-429d-8cdd-243b035d58b7</publicDeviceRecordKey>
    <publicVersionStatus>Update</publicVersionStatus>
    <deviceRecordStatus>Published</deviceRecordStatus>
    <!--Note: publicVersionNumber is system generated and assigned to all device records to track public release updates to a device record-->
    <publicVersionNumber>2</publicVersionNumber>
    <publicVersionDate>2018-03-29</publicVersionDate>
    <devicePublishDate>2016-08-20</devicePublishDate>
    <deviceCommDistributionEndDate xsi:nil="true" />
    <deviceCommDistributionStatus>In Commercial Distribution</deviceCommDistributionStatus>
    <identifiers>
      <identifier>
        <deviceId>20809160025229</deviceId>
        <deviceIdType>Package</deviceIdType>
        <deviceIdIssuingAgency>GS1</deviceIdIssuingAgency>
        <containsDINumber>10809160025222</containsDINumber>
        <pkgQuantity>20</pkgQuantity>
        <pkgDiscontinueDate xsi:nil="true" />
        <pkgStatus>In Commercial Distribution</pkgStatus>
        <pkgType xsi:nil="true" />
      </identifier>
      <identifier>
        <deviceId>10809160025222</deviceId>
        <deviceIdType>Primary</deviceIdType>
        <deviceIdIssuingAgency>GS1</deviceIdIssuingAgency>
        <containsDINumber xsi:nil="true" />
        <pkgQuantity xsi:nil="true" />
        <pkgDiscontinueDate xsi:nil="true" />
        <pkgStatus xsi:nil="true" />
        <pkgType xsi:nil="true" />
      </identifier>
    </identifiers>
    <brandName>Medical Action Industries</brandName>
    <versionModelNumber>80575B</versionModelNumber>
    <catalogNumber xsi:nil="true" />
    <dunsNumber>092364462</dunsNumber>
    <companyName>MEDICAL ACTION INDUSTRIES INC.</companyName>
    <deviceCount>1</deviceCount>
    <deviceDescription>Kit: Admissions OB 20/Cs PILOT</deviceDescription>
    <DMExempt>true</DMExempt>
    <premarketExempt>true</premarketExempt>
    <deviceHCTP>false</deviceHCTP>
    <deviceKit>true</deviceKit>
    <deviceCombinationProduct>false</deviceCombinationProduct>
    <singleUse>true</singleUse>
    <lotBatch>true</lotBatch>
    <serialNumber>false</serialNumber>
    <manufacturingDate>false</manufacturingDate>
    <expirationDate>false</expirationDate>
    <donationIdNumber>false</donationIdNumber>
    <labeledContainsNRL>false</labeledContainsNRL>
    <labeledNoNRL>true</labeledNoNRL>
    <MRISafetyStatus>Labeling does not contain MRI Safety Information</MRISafetyStatus>
    <rx>false</rx>
    <otc>true</otc>
    <contacts />
    <gmdnTerms>
      <gmdn>
        <gmdnCode>61949</gmdnCode>
        <gmdnPTName>Personal care kit</gmdnPTName>
        <gmdnPTDefinition>A collection of devices intended to be used by a patient for personal care needs during a stay in a healthcare institution. It typically contains items such as gown, slippers, cap, hair comb and toothbrush in a storage bag, and may also contain additional personal care products e.g., toothpaste, lotion and deodorant. This is a single-use device.</gmdnPTDefinition>
        <implantable>false</implantable>
        <gmdnCodeStatus>Active</gmdnCodeStatus>
      </gmdn>
    </gmdnTerms>
    <productCodes>
      <fdaProductCode>
        <productCode>NSB</productCode>
        <productCodeName>Patient personal hygiene kit</productCodeName>
      </fdaProductCode>
    </productCodes>
    <deviceSizes />
    <environmentalConditions>
      <storageHandling>
        <storageHandlingType>Special Storage Condition, Specify</storageHandlingType>
        <storageHandlingHigh value="" unit="" />
        <storageHandlingLow value="" unit="" />
        <storageHandlingSpecialConditionText xsi:nil="true" />
      </storageHandling>
      <storageHandling>
        <storageHandlingType>Special Storage Condition, Specify</storageHandlingType>
        <storageHandlingHigh value="" unit="" />
        <storageHandlingLow value="" unit="" />
        <storageHandlingSpecialConditionText>store at room temperature</storageHandlingSpecialConditionText>
      </storageHandling>
    </environmentalConditions>
    <sterilization>
      <deviceSterile>false</deviceSterile>
      <sterilizationPriorToUse>false</sterilizationPriorToUse>
      <methodTypes />
    </sterilization>
  </device>
  <device xmlns:xsi="http://www.w3.org/2001/XMLSchema-instance" xmlns="http://www.fda.gov/cdrh/gudid">
    <publicDeviceRecordKey>915c6d2d-fe0b-4efd-b903-7f62ff4cc0a3</publicDeviceRecordKey>
    <publicVersionStatus>Update</publicVersionStatus>
    <deviceRecordStatus>Published</deviceRecordStatus>
    <!--Note: publicVersionNumber is system generated and assigned to all device records to track public release updates to a device record-->
    <publicVersionNumber>3</publicVersionNumber>
    <publicVersionDate>2019-07-26</publicVersionDate>
    <devicePublishDate>2016-08-20</devicePublishDate>
    <deviceCommDistributionEndDate>2019-07-25</deviceCommDistributionEndDate>
    <deviceCommDistributionStatus>Not in Commercial Distribution</deviceCommDistributionStatus>
    <identifiers>
      <identifier>
        <deviceId>20809160025212</deviceId>
        <deviceIdType>Package</deviceIdType>
        <deviceIdIssuingAgency>GS1</deviceIdIssuingAgency>
        <containsDINumber>10809160025215</containsDINumber>
        <pkgQuantity>8</pkgQuantity>
        <pkgDiscontinueDate>2019-07-25</pkgDiscontinueDate>
        <pkgStatus>Not in Commercial Distribution</pkgStatus>
        <pkgType xsi:nil="true" />
      </identifier>
      <identifier>
        <deviceId>10809160025215</deviceId>
        <deviceIdType>Primary</deviceIdType>
        <deviceIdIssuingAgency>GS1</deviceIdIssuingAgency>
        <containsDINumber xsi:nil="true" />
        <pkgQuantity xsi:nil="true" />
        <pkgDiscontinueDate xsi:nil="true" />
        <pkgStatus xsi:nil="true" />
        <pkgType xsi:nil="true" />
      </identifier>
    </identifiers>
    <brandName>Medical Action Industries</brandName>
    <versionModelNumber>75623</versionModelNumber>
    <catalogNumber xsi:nil="true" />
    <dunsNumber>092364462</dunsNumber>
    <companyName>MEDICAL ACTION INDUSTRIES INC.</companyName>
    <deviceCount>1</deviceCount>
    <deviceDescription xsi:nil="true" />
    <DMExempt>true</DMExempt>
    <premarketExempt>true</premarketExempt>
    <deviceHCTP>false</deviceHCTP>
    <deviceKit>true</deviceKit>
    <deviceCombinationProduct>true</deviceCombinationProduct>
    <singleUse>true</singleUse>
    <lotBatch>true</lotBatch>
    <serialNumber>false</serialNumber>
    <manufacturingDate>false</manufacturingDate>
    <expirationDate>true</expirationDate>
    <donationIdNumber>false</donationIdNumber>
    <labeledContainsNRL>false</labeledContainsNRL>
    <labeledNoNRL>true</labeledNoNRL>
    <MRISafetyStatus>Labeling does not contain MRI Safety Information</MRISafetyStatus>
    <rx>false</rx>
    <otc>true</otc>
    <contacts />
    <gmdnTerms>
      <gmdn>
        <gmdnCode>61949</gmdnCode>
        <gmdnPTName>Personal care kit</gmdnPTName>
        <gmdnPTDefinition>A collection of devices intended to be used by a patient for personal care needs during a stay in a healthcare institution. It typically contains items such as gown, slippers, cap, hair comb and toothbrush in a storage bag, and may also contain additional personal care products e.g., toothpaste, lotion and deodorant. This is a single-use device.</gmdnPTDefinition>
        <implantable>false</implantable>
        <gmdnCodeStatus>Active</gmdnCodeStatus>
      </gmdn>
    </gmdnTerms>
    <productCodes>
      <fdaProductCode>
        <productCode>NSB</productCode>
        <productCodeName>Patient personal hygiene kit</productCodeName>
      </fdaProductCode>
    </productCodes>
    <deviceSizes />
    <environmentalConditions>
      <storageHandling>
        <storageHandlingType>Special Storage Condition, Specify</storageHandlingType>
        <storageHandlingHigh value="" unit="" />
        <storageHandlingLow value="" unit="" />
        <storageHandlingSpecialConditionText>store at room temperature</storageHandlingSpecialConditionText>
      </storageHandling>
      <storageHandling>
        <storageHandlingType>Special Storage Condition, Specify</storageHandlingType>
        <storageHandlingHigh value="" unit="" />
        <storageHandlingLow value="" unit="" />
        <storageHandlingSpecialConditionText xsi:nil="true" />
      </storageHandling>
    </environmentalConditions>
    <sterilization>
      <deviceSterile>false</deviceSterile>
      <sterilizationPriorToUse>false</sterilizationPriorToUse>
      <methodTypes />
    </sterilization>
  </device>
  <device xmlns:xsi="http://www.w3.org/2001/XMLSchema-instance" xmlns="http://www.fda.gov/cdrh/gudid">
    <publicDeviceRecordKey>950bc03a-f7c9-4f62-b1b2-ccea47ae894b</publicDeviceRecordKey>
    <publicVersionStatus>Update</publicVersionStatus>
    <deviceRecordStatus>Published</deviceRecordStatus>
    <!--Note: publicVersionNumber is system generated and assigned to all device records to track public release updates to a device record-->
    <publicVersionNumber>3</publicVersionNumber>
    <publicVersionDate>2022-04-25</publicVersionDate>
    <devicePublishDate>2016-08-20</devicePublishDate>
    <deviceCommDistributionEndDate>2022-04-22</deviceCommDistributionEndDate>
    <deviceCommDistributionStatus>Not in Commercial Distribution</deviceCommDistributionStatus>
    <identifiers>
      <identifier>
        <deviceId>20809160025205</deviceId>
        <deviceIdType>Package</deviceIdType>
        <deviceIdIssuingAgency>GS1</deviceIdIssuingAgency>
        <containsDINumber>10809160025208</containsDINumber>
        <pkgQuantity>20</pkgQuantity>
        <pkgDiscontinueDate>2022-04-22</pkgDiscontinueDate>
        <pkgStatus>Not in Commercial Distribution</pkgStatus>
        <pkgType xsi:nil="true" />
      </identifier>
      <identifier>
        <deviceId>10809160025208</deviceId>
        <deviceIdType>Primary</deviceIdType>
        <deviceIdIssuingAgency>GS1</deviceIdIssuingAgency>
        <containsDINumber xsi:nil="true" />
        <pkgQuantity xsi:nil="true" />
        <pkgDiscontinueDate xsi:nil="true" />
        <pkgStatus xsi:nil="true" />
        <pkgType xsi:nil="true" />
      </identifier>
    </identifiers>
    <brandName>Medical Action Industries</brandName>
    <versionModelNumber>75266</versionModelNumber>
    <catalogNumber xsi:nil="true" />
    <dunsNumber>092364462</dunsNumber>
    <companyName>MEDICAL ACTION INDUSTRIES INC.</companyName>
    <deviceCount>1</deviceCount>
    <deviceDescription xsi:nil="true" />
    <DMExempt>true</DMExempt>
    <premarketExempt>true</premarketExempt>
    <deviceHCTP>false</deviceHCTP>
    <deviceKit>true</deviceKit>
    <deviceCombinationProduct>false</deviceCombinationProduct>
    <singleUse>true</singleUse>
    <lotBatch>true</lotBatch>
    <serialNumber>false</serialNumber>
    <manufacturingDate>false</manufacturingDate>
    <expirationDate>true</expirationDate>
    <donationIdNumber>false</donationIdNumber>
    <labeledContainsNRL>false</labeledContainsNRL>
    <labeledNoNRL>true</labeledNoNRL>
    <MRISafetyStatus>Labeling does not contain MRI Safety Information</MRISafetyStatus>
    <rx>true</rx>
    <otc>false</otc>
    <contacts />
    <gmdnTerms>
      <gmdn>
        <gmdnCode>45172</gmdnCode>
        <gmdnPTName>Oral care kit, single-use</gmdnPTName>
        <gmdnPTDefinition>A collection of various devices and supplies used for a patient's oral hygiene. It typically includes an antiseptic applicator swab, a pre-treated toothbrush, mouth swabs, and a mouthwash/oral moisturizer. Its use will improve the physical condition of the oral cavity and may help reduce the incidence of patient infection. It is typically applied by nursing staff in hospitals and institutions, or attendants in home care settings. This is a single-use device.</gmdnPTDefinition>
        <implantable>false</implantable>
        <gmdnCodeStatus>Active</gmdnCodeStatus>
      </gmdn>
    </gmdnTerms>
    <productCodes>
      <fdaProductCode>
        <productCode>OFX</productCode>
        <productCodeName>General purpose dental tray</productCodeName>
      </fdaProductCode>
    </productCodes>
    <deviceSizes />
    <environmentalConditions>
      <storageHandling>
        <storageHandlingType>Special Storage Condition, Specify</storageHandlingType>
        <storageHandlingHigh value="" unit="" />
        <storageHandlingLow value="" unit="" />
        <storageHandlingSpecialConditionText>store at room temperature</storageHandlingSpecialConditionText>
      </storageHandling>
      <storageHandling>
        <storageHandlingType>Special Storage Condition, Specify</storageHandlingType>
        <storageHandlingHigh value="" unit="" />
        <storageHandlingLow value="" unit="" />
        <storageHandlingSpecialConditionText xsi:nil="true" />
      </storageHandling>
    </environmentalConditions>
    <sterilization>
      <deviceSterile>true</deviceSterile>
      <sterilizationPriorToUse>false</sterilizationPriorToUse>
      <methodTypes />
    </sterilization>
  </device>
  <device xmlns:xsi="http://www.w3.org/2001/XMLSchema-instance" xmlns="http://www.fda.gov/cdrh/gudid">
    <publicDeviceRecordKey>f3d918ba-6699-4b60-aa49-976338d71bfc</publicDeviceRecordKey>
    <publicVersionStatus>Update</publicVersionStatus>
    <deviceRecordStatus>Published</deviceRecordStatus>
    <!--Note: publicVersionNumber is system generated and assigned to all device records to track public release updates to a device record-->
    <publicVersionNumber>3</publicVersionNumber>
    <publicVersionDate>2019-07-26</publicVersionDate>
    <devicePublishDate>2016-08-20</devicePublishDate>
    <deviceCommDistributionEndDate>2019-07-25</deviceCommDistributionEndDate>
    <deviceCommDistributionStatus>Not in Commercial Distribution</deviceCommDistributionStatus>
    <identifiers>
      <identifier>
        <deviceId>20809160025199</deviceId>
        <deviceIdType>Package</deviceIdType>
        <deviceIdIssuingAgency>GS1</deviceIdIssuingAgency>
        <containsDINumber>10809160025192</containsDINumber>
        <pkgQuantity>8</pkgQuantity>
        <pkgDiscontinueDate>2019-07-25</pkgDiscontinueDate>
        <pkgStatus>Not in Commercial Distribution</pkgStatus>
        <pkgType xsi:nil="true" />
      </identifier>
      <identifier>
        <deviceId>10809160025192</deviceId>
        <deviceIdType>Primary</deviceIdType>
        <deviceIdIssuingAgency>GS1</deviceIdIssuingAgency>
        <containsDINumber xsi:nil="true" />
        <pkgQuantity xsi:nil="true" />
        <pkgDiscontinueDate xsi:nil="true" />
        <pkgStatus xsi:nil="true" />
        <pkgType xsi:nil="true" />
      </identifier>
    </identifiers>
    <brandName>Medical Action Industries</brandName>
    <versionModelNumber>75624</versionModelNumber>
    <catalogNumber xsi:nil="true" />
    <dunsNumber>092364462</dunsNumber>
    <companyName>MEDICAL ACTION INDUSTRIES INC.</companyName>
    <deviceCount>1</deviceCount>
    <deviceDescription xsi:nil="true" />
    <DMExempt>true</DMExempt>
    <premarketExempt>true</premarketExempt>
    <deviceHCTP>false</deviceHCTP>
    <deviceKit>true</deviceKit>
    <deviceCombinationProduct>true</deviceCombinationProduct>
    <singleUse>true</singleUse>
    <lotBatch>true</lotBatch>
    <serialNumber>false</serialNumber>
    <manufacturingDate>false</manufacturingDate>
    <expirationDate>true</expirationDate>
    <donationIdNumber>false</donationIdNumber>
    <labeledContainsNRL>false</labeledContainsNRL>
    <labeledNoNRL>true</labeledNoNRL>
    <MRISafetyStatus>Labeling does not contain MRI Safety Information</MRISafetyStatus>
    <rx>false</rx>
    <otc>true</otc>
    <contacts />
    <gmdnTerms>
      <gmdn>
        <gmdnCode>45172</gmdnCode>
        <gmdnPTName>Oral care kit, single-use</gmdnPTName>
        <gmdnPTDefinition>A collection of various devices and supplies used for a patient's oral hygiene. It typically includes an antiseptic applicator swab, a pre-treated toothbrush, mouth swabs, and a mouthwash/oral moisturizer. Its use will improve the physical condition of the oral cavity and may help reduce the incidence of patient infection. It is typically applied by nursing staff in hospitals and institutions, or attendants in home care settings. This is a single-use device.</gmdnPTDefinition>
        <implantable>false</implantable>
        <gmdnCodeStatus>Active</gmdnCodeStatus>
      </gmdn>
    </gmdnTerms>
    <productCodes>
      <fdaProductCode>
        <productCode>OFX</productCode>
        <productCodeName>General purpose dental tray</productCodeName>
      </fdaProductCode>
    </productCodes>
    <deviceSizes />
    <environmentalConditions>
      <storageHandling>
        <storageHandlingType>Special Storage Condition, Specify</storageHandlingType>
        <storageHandlingHigh value="" unit="" />
        <storageHandlingLow value="" unit="" />
        <storageHandlingSpecialConditionText xsi:nil="true" />
      </storageHandling>
      <storageHandling>
        <storageHandlingType>Special Storage Condition, Specify</storageHandlingType>
        <storageHandlingHigh value="" unit="" />
        <storageHandlingLow value="" unit="" />
        <storageHandlingSpecialConditionText>store at room temperature</storageHandlingSpecialConditionText>
      </storageHandling>
    </environmentalConditions>
    <sterilization>
      <deviceSterile>false</deviceSterile>
      <sterilizationPriorToUse>false</sterilizationPriorToUse>
      <methodTypes />
    </sterilization>
  </device>
  <device xmlns:xsi="http://www.w3.org/2001/XMLSchema-instance" xmlns="http://www.fda.gov/cdrh/gudid">
    <publicDeviceRecordKey>1521435a-9986-46d1-9dfe-a12631d5b70a</publicDeviceRecordKey>
    <publicVersionStatus>Update</publicVersionStatus>
    <deviceRecordStatus>Published</deviceRecordStatus>
    <!--Note: publicVersionNumber is system generated and assigned to all device records to track public release updates to a device record-->
    <publicVersionNumber>2</publicVersionNumber>
    <publicVersionDate>2018-03-29</publicVersionDate>
    <devicePublishDate>2016-08-20</devicePublishDate>
    <deviceCommDistributionEndDate>2016-10-27</deviceCommDistributionEndDate>
    <deviceCommDistributionStatus>Not in Commercial Distribution</deviceCommDistributionStatus>
    <identifiers>
      <identifier>
        <deviceId>20809160024789</deviceId>
        <deviceIdType>Package</deviceIdType>
        <deviceIdIssuingAgency>GS1</deviceIdIssuingAgency>
        <containsDINumber>10809160024782</containsDINumber>
        <pkgQuantity>20</pkgQuantity>
        <pkgDiscontinueDate>2016-10-27</pkgDiscontinueDate>
        <pkgStatus>Not in Commercial Distribution</pkgStatus>
        <pkgType xsi:nil="true" />
      </identifier>
      <identifier>
        <deviceId>10809160024782</deviceId>
        <deviceIdType>Primary</deviceIdType>
        <deviceIdIssuingAgency>GS1</deviceIdIssuingAgency>
        <containsDINumber xsi:nil="true" />
        <pkgQuantity xsi:nil="true" />
        <pkgDiscontinueDate xsi:nil="true" />
        <pkgStatus xsi:nil="true" />
        <pkgType xsi:nil="true" />
      </identifier>
    </identifiers>
    <brandName>Medical Action Industries</brandName>
    <versionModelNumber>80746</versionModelNumber>
    <catalogNumber xsi:nil="true" />
    <dunsNumber>092364462</dunsNumber>
    <companyName>MEDICAL ACTION INDUSTRIES INC.</companyName>
    <deviceCount>1</deviceCount>
    <deviceDescription xsi:nil="true" />
    <DMExempt>true</DMExempt>
    <premarketExempt>true</premarketExempt>
    <deviceHCTP>false</deviceHCTP>
    <deviceKit>true</deviceKit>
    <deviceCombinationProduct>false</deviceCombinationProduct>
    <singleUse>true</singleUse>
    <lotBatch>true</lotBatch>
    <serialNumber>false</serialNumber>
    <manufacturingDate>false</manufacturingDate>
    <expirationDate>false</expirationDate>
    <donationIdNumber>false</donationIdNumber>
    <labeledContainsNRL>false</labeledContainsNRL>
    <labeledNoNRL>true</labeledNoNRL>
    <MRISafetyStatus>Labeling does not contain MRI Safety Information</MRISafetyStatus>
    <rx>false</rx>
    <otc>true</otc>
    <contacts />
    <gmdnTerms>
      <gmdn>
        <gmdnCode>61949</gmdnCode>
        <gmdnPTName>Personal care kit</gmdnPTName>
        <gmdnPTDefinition>A collection of devices intended to be used by a patient for personal care needs during a stay in a healthcare institution. It typically contains items such as gown, slippers, cap, hair comb and toothbrush in a storage bag, and may also contain additional personal care products e.g., toothpaste, lotion and deodorant. This is a single-use device.</gmdnPTDefinition>
        <implantable>false</implantable>
        <gmdnCodeStatus>Active</gmdnCodeStatus>
      </gmdn>
    </gmdnTerms>
    <productCodes>
      <fdaProductCode>
        <productCode>NSB</productCode>
        <productCodeName>Patient personal hygiene kit</productCodeName>
      </fdaProductCode>
    </productCodes>
    <deviceSizes />
    <environmentalConditions>
      <storageHandling>
        <storageHandlingType>Special Storage Condition, Specify</storageHandlingType>
        <storageHandlingHigh value="" unit="" />
        <storageHandlingLow value="" unit="" />
        <storageHandlingSpecialConditionText xsi:nil="true" />
      </storageHandling>
      <storageHandling>
        <storageHandlingType>Special Storage Condition, Specify</storageHandlingType>
        <storageHandlingHigh value="" unit="" />
        <storageHandlingLow value="" unit="" />
        <storageHandlingSpecialConditionText>store at room temperature</storageHandlingSpecialConditionText>
      </storageHandling>
    </environmentalConditions>
    <sterilization>
      <deviceSterile>false</deviceSterile>
      <sterilizationPriorToUse>false</sterilizationPriorToUse>
      <methodTypes />
    </sterilization>
  </device>
  <device xmlns:xsi="http://www.w3.org/2001/XMLSchema-instance" xmlns="http://www.fda.gov/cdrh/gudid">
    <publicDeviceRecordKey>aeee8991-5ab9-467a-8f34-68c03c58265d</publicDeviceRecordKey>
    <publicVersionStatus>Update</publicVersionStatus>
    <deviceRecordStatus>Published</deviceRecordStatus>
    <!--Note: publicVersionNumber is system generated and assigned to all device records to track public release updates to a device record-->
    <publicVersionNumber>3</publicVersionNumber>
    <publicVersionDate>2023-07-06</publicVersionDate>
    <devicePublishDate>2016-08-20</devicePublishDate>
    <deviceCommDistributionEndDate>2023-07-04</deviceCommDistributionEndDate>
    <deviceCommDistributionStatus>Not in Commercial Distribution</deviceCommDistributionStatus>
    <identifiers>
      <identifier>
        <deviceId>20809160023775</deviceId>
        <deviceIdType>Package</deviceIdType>
        <deviceIdIssuingAgency>GS1</deviceIdIssuingAgency>
        <containsDINumber>10809160023778</containsDINumber>
        <pkgQuantity>20</pkgQuantity>
        <pkgDiscontinueDate>2023-07-04</pkgDiscontinueDate>
        <pkgStatus>Not in Commercial Distribution</pkgStatus>
        <pkgType xsi:nil="true" />
      </identifier>
      <identifier>
        <deviceId>10809160023778</deviceId>
        <deviceIdType>Primary</deviceIdType>
        <deviceIdIssuingAgency>GS1</deviceIdIssuingAgency>
        <containsDINumber xsi:nil="true" />
        <pkgQuantity xsi:nil="true" />
        <pkgDiscontinueDate xsi:nil="true" />
        <pkgStatus xsi:nil="true" />
        <pkgType xsi:nil="true" />
      </identifier>
    </identifiers>
    <brandName>Medical Action Industries</brandName>
    <versionModelNumber>75032</versionModelNumber>
    <catalogNumber xsi:nil="true" />
    <dunsNumber>092364462</dunsNumber>
    <companyName>MEDICAL ACTION INDUSTRIES INC.</companyName>
    <deviceCount>1</deviceCount>
    <deviceDescription />
    <DMExempt>true</DMExempt>
    <premarketExempt>true</premarketExempt>
    <deviceHCTP>false</deviceHCTP>
    <deviceKit>true</deviceKit>
    <deviceCombinationProduct>false</deviceCombinationProduct>
    <singleUse>true</singleUse>
    <lotBatch>true</lotBatch>
    <serialNumber>false</serialNumber>
    <manufacturingDate>false</manufacturingDate>
    <expirationDate>false</expirationDate>
    <donationIdNumber>false</donationIdNumber>
    <labeledContainsNRL>false</labeledContainsNRL>
    <labeledNoNRL>true</labeledNoNRL>
    <MRISafetyStatus>Labeling does not contain MRI Safety Information</MRISafetyStatus>
    <rx>false</rx>
    <otc>true</otc>
    <contacts />
    <gmdnTerms>
      <gmdn>
        <gmdnCode>61949</gmdnCode>
        <gmdnPTName>Personal care kit</gmdnPTName>
        <gmdnPTDefinition>A collection of devices intended to be used by a patient for personal care needs during a stay in a healthcare institution. It typically contains items such as gown, slippers, cap, hair comb and toothbrush in a storage bag, and may also contain additional personal care products e.g., toothpaste, lotion and deodorant. This is a single-use device.</gmdnPTDefinition>
        <implantable>false</implantable>
        <gmdnCodeStatus>Active</gmdnCodeStatus>
      </gmdn>
    </gmdnTerms>
    <productCodes>
      <fdaProductCode>
        <productCode>NSB</productCode>
        <productCodeName>Patient personal hygiene kit</productCodeName>
      </fdaProductCode>
    </productCodes>
    <deviceSizes />
    <environmentalConditions>
      <storageHandling>
        <storageHandlingType>Special Storage Condition, Specify</storageHandlingType>
        <storageHandlingHigh value="" unit="" />
        <storageHandlingLow value="" unit="" />
        <storageHandlingSpecialConditionText xsi:nil="true" />
      </storageHandling>
      <storageHandling>
        <storageHandlingType>Special Storage Condition, Specify</storageHandlingType>
        <storageHandlingHigh value="" unit="" />
        <storageHandlingLow value="" unit="" />
        <storageHandlingSpecialConditionText>store at room temperature</storageHandlingSpecialConditionText>
      </storageHandling>
    </environmentalConditions>
    <sterilization>
      <deviceSterile>false</deviceSterile>
      <sterilizationPriorToUse>false</sterilizationPriorToUse>
      <methodTypes />
    </sterilization>
  </device>
  <device xmlns:xsi="http://www.w3.org/2001/XMLSchema-instance" xmlns="http://www.fda.gov/cdrh/gudid">
    <publicDeviceRecordKey>eb6264b5-d54c-4906-8132-a4e785ab7326</publicDeviceRecordKey>
    <publicVersionStatus>Update</publicVersionStatus>
    <deviceRecordStatus>Published</deviceRecordStatus>
    <!--Note: publicVersionNumber is system generated and assigned to all device records to track public release updates to a device record-->
    <publicVersionNumber>3</publicVersionNumber>
    <publicVersionDate>2020-02-25</publicVersionDate>
    <devicePublishDate>2016-08-20</devicePublishDate>
    <deviceCommDistributionEndDate>2020-02-24</deviceCommDistributionEndDate>
    <deviceCommDistributionStatus>Not in Commercial Distribution</deviceCommDistributionStatus>
    <identifiers>
      <identifier>
        <deviceId>20809160022273</deviceId>
        <deviceIdType>Package</deviceIdType>
        <deviceIdIssuingAgency>GS1</deviceIdIssuingAgency>
        <containsDINumber>10809160022276</containsDINumber>
        <pkgQuantity>20</pkgQuantity>
        <pkgDiscontinueDate>2020-02-24</pkgDiscontinueDate>
        <pkgStatus>Not in Commercial Distribution</pkgStatus>
        <pkgType xsi:nil="true" />
      </identifier>
      <identifier>
        <deviceId>10809160022276</deviceId>
        <deviceIdType>Primary</deviceIdType>
        <deviceIdIssuingAgency>GS1</deviceIdIssuingAgency>
        <containsDINumber xsi:nil="true" />
        <pkgQuantity xsi:nil="true" />
        <pkgDiscontinueDate xsi:nil="true" />
        <pkgStatus xsi:nil="true" />
        <pkgType xsi:nil="true" />
      </identifier>
    </identifiers>
    <brandName>Medical Action Industries</brandName>
    <versionModelNumber>75440</versionModelNumber>
    <catalogNumber xsi:nil="true" />
    <dunsNumber>092364462</dunsNumber>
    <companyName>MEDICAL ACTION INDUSTRIES INC.</companyName>
    <deviceCount>1</deviceCount>
    <deviceDescription xsi:nil="true" />
    <DMExempt>true</DMExempt>
    <premarketExempt>true</premarketExempt>
    <deviceHCTP>false</deviceHCTP>
    <deviceKit>true</deviceKit>
    <deviceCombinationProduct>false</deviceCombinationProduct>
    <singleUse>true</singleUse>
    <lotBatch>true</lotBatch>
    <serialNumber>false</serialNumber>
    <manufacturingDate>false</manufacturingDate>
    <expirationDate>true</expirationDate>
    <donationIdNumber>false</donationIdNumber>
    <labeledContainsNRL>false</labeledContainsNRL>
    <labeledNoNRL>true</labeledNoNRL>
    <MRISafetyStatus>Labeling does not contain MRI Safety Information</MRISafetyStatus>
    <rx>false</rx>
    <otc>true</otc>
    <contacts />
    <gmdnTerms>
      <gmdn>
        <gmdnCode>61949</gmdnCode>
        <gmdnPTName>Personal care kit</gmdnPTName>
        <gmdnPTDefinition>A collection of devices intended to be used by a patient for personal care needs during a stay in a healthcare institution. It typically contains items such as gown, slippers, cap, hair comb and toothbrush in a storage bag, and may also contain additional personal care products e.g., toothpaste, lotion and deodorant. This is a single-use device.</gmdnPTDefinition>
        <implantable>false</implantable>
        <gmdnCodeStatus>Active</gmdnCodeStatus>
      </gmdn>
    </gmdnTerms>
    <productCodes>
      <fdaProductCode>
        <productCode>NSB</productCode>
        <productCodeName>Patient personal hygiene kit</productCodeName>
      </fdaProductCode>
    </productCodes>
    <deviceSizes />
    <environmentalConditions>
      <storageHandling>
        <storageHandlingType>Special Storage Condition, Specify</storageHandlingType>
        <storageHandlingHigh value="" unit="" />
        <storageHandlingLow value="" unit="" />
        <storageHandlingSpecialConditionText xsi:nil="true" />
      </storageHandling>
      <storageHandling>
        <storageHandlingType>Special Storage Condition, Specify</storageHandlingType>
        <storageHandlingHigh value="" unit="" />
        <storageHandlingLow value="" unit="" />
        <storageHandlingSpecialConditionText>store at room temperature</storageHandlingSpecialConditionText>
      </storageHandling>
    </environmentalConditions>
    <sterilization>
      <deviceSterile>false</deviceSterile>
      <sterilizationPriorToUse>false</sterilizationPriorToUse>
      <methodTypes />
    </sterilization>
  </device>
  <device xmlns:xsi="http://www.w3.org/2001/XMLSchema-instance" xmlns="http://www.fda.gov/cdrh/gudid">
    <publicDeviceRecordKey>af092518-0c38-4a1c-9132-9e2b5ddff610</publicDeviceRecordKey>
    <publicVersionStatus>Update</publicVersionStatus>
    <deviceRecordStatus>Published</deviceRecordStatus>
    <!--Note: publicVersionNumber is system generated and assigned to all device records to track public release updates to a device record-->
    <publicVersionNumber>2</publicVersionNumber>
    <publicVersionDate>2018-03-29</publicVersionDate>
    <devicePublishDate>2016-08-20</devicePublishDate>
    <deviceCommDistributionEndDate xsi:nil="true" />
    <deviceCommDistributionStatus>In Commercial Distribution</deviceCommDistributionStatus>
    <identifiers>
      <identifier>
        <deviceId>20809160021733</deviceId>
        <deviceIdType>Package</deviceIdType>
        <deviceIdIssuingAgency>GS1</deviceIdIssuingAgency>
        <containsDINumber>10809160021736</containsDINumber>
        <pkgQuantity>50</pkgQuantity>
        <pkgDiscontinueDate xsi:nil="true" />
        <pkgStatus>In Commercial Distribution</pkgStatus>
        <pkgType xsi:nil="true" />
      </identifier>
      <identifier>
        <deviceId>10809160021736</deviceId>
        <deviceIdType>Primary</deviceIdType>
        <deviceIdIssuingAgency>GS1</deviceIdIssuingAgency>
        <containsDINumber xsi:nil="true" />
        <pkgQuantity xsi:nil="true" />
        <pkgDiscontinueDate xsi:nil="true" />
        <pkgStatus xsi:nil="true" />
        <pkgType xsi:nil="true" />
      </identifier>
    </identifiers>
    <brandName>Medical Action Industries</brandName>
    <versionModelNumber>80440</versionModelNumber>
    <catalogNumber xsi:nil="true" />
    <dunsNumber>092364462</dunsNumber>
    <companyName>MEDICAL ACTION INDUSTRIES INC.</companyName>
    <deviceCount>1</deviceCount>
    <deviceDescription>Kit: Amenity 50/Cs PILOT</deviceDescription>
    <DMExempt>true</DMExempt>
    <premarketExempt>true</premarketExempt>
    <deviceHCTP>false</deviceHCTP>
    <deviceKit>true</deviceKit>
    <deviceCombinationProduct>true</deviceCombinationProduct>
    <singleUse>true</singleUse>
    <lotBatch>true</lotBatch>
    <serialNumber>false</serialNumber>
    <manufacturingDate>false</manufacturingDate>
    <expirationDate>true</expirationDate>
    <donationIdNumber>false</donationIdNumber>
    <labeledContainsNRL>false</labeledContainsNRL>
    <labeledNoNRL>true</labeledNoNRL>
    <MRISafetyStatus>Labeling does not contain MRI Safety Information</MRISafetyStatus>
    <rx>false</rx>
    <otc>true</otc>
    <contacts />
    <gmdnTerms>
      <gmdn>
        <gmdnCode>61949</gmdnCode>
        <gmdnPTName>Personal care kit</gmdnPTName>
        <gmdnPTDefinition>A collection of devices intended to be used by a patient for personal care needs during a stay in a healthcare institution. It typically contains items such as gown, slippers, cap, hair comb and toothbrush in a storage bag, and may also contain additional personal care products e.g., toothpaste, lotion and deodorant. This is a single-use device.</gmdnPTDefinition>
        <implantable>false</implantable>
        <gmdnCodeStatus>Active</gmdnCodeStatus>
      </gmdn>
    </gmdnTerms>
    <productCodes>
      <fdaProductCode>
        <productCode>NSB</productCode>
        <productCodeName>Patient personal hygiene kit</productCodeName>
      </fdaProductCode>
    </productCodes>
    <deviceSizes />
    <environmentalConditions>
      <storageHandling>
        <storageHandlingType>Special Storage Condition, Specify</storageHandlingType>
        <storageHandlingHigh value="" unit="" />
        <storageHandlingLow value="" unit="" />
        <storageHandlingSpecialConditionText>store at room temperature</storageHandlingSpecialConditionText>
      </storageHandling>
      <storageHandling>
        <storageHandlingType>Special Storage Condition, Specify</storageHandlingType>
        <storageHandlingHigh value="" unit="" />
        <storageHandlingLow value="" unit="" />
        <storageHandlingSpecialConditionText xsi:nil="true" />
      </storageHandling>
    </environmentalConditions>
    <sterilization>
      <deviceSterile>false</deviceSterile>
      <sterilizationPriorToUse>false</sterilizationPriorToUse>
      <methodTypes />
    </sterilization>
  </device>
  <device xmlns:xsi="http://www.w3.org/2001/XMLSchema-instance" xmlns="http://www.fda.gov/cdrh/gudid">
    <publicDeviceRecordKey>9349a35b-d5c7-47bf-b0a0-dcb410d6a3aa</publicDeviceRecordKey>
    <publicVersionStatus>Update</publicVersionStatus>
    <deviceRecordStatus>Published</deviceRecordStatus>
    <!--Note: publicVersionNumber is system generated and assigned to all device records to track public release updates to a device record-->
    <publicVersionNumber>3</publicVersionNumber>
    <publicVersionDate>2021-11-17</publicVersionDate>
    <devicePublishDate>2016-08-20</devicePublishDate>
    <deviceCommDistributionEndDate>2021-11-12</deviceCommDistributionEndDate>
    <deviceCommDistributionStatus>Not in Commercial Distribution</deviceCommDistributionStatus>
    <identifiers>
      <identifier>
        <deviceId>20809160021702</deviceId>
        <deviceIdType>Package</deviceIdType>
        <deviceIdIssuingAgency>GS1</deviceIdIssuingAgency>
        <containsDINumber>10809160021705</containsDINumber>
        <pkgQuantity>50</pkgQuantity>
        <pkgDiscontinueDate>2021-11-12</pkgDiscontinueDate>
        <pkgStatus>Not in Commercial Distribution</pkgStatus>
        <pkgType xsi:nil="true" />
      </identifier>
      <identifier>
        <deviceId>10809160021705</deviceId>
        <deviceIdType>Primary</deviceIdType>
        <deviceIdIssuingAgency>GS1</deviceIdIssuingAgency>
        <containsDINumber xsi:nil="true" />
        <pkgQuantity xsi:nil="true" />
        <pkgDiscontinueDate xsi:nil="true" />
        <pkgStatus xsi:nil="true" />
        <pkgType xsi:nil="true" />
      </identifier>
    </identifiers>
    <brandName>Medical Action Industries</brandName>
    <versionModelNumber>80418</versionModelNumber>
    <catalogNumber xsi:nil="true" />
    <dunsNumber>092364462</dunsNumber>
    <companyName>MEDICAL ACTION INDUSTRIES INC.</companyName>
    <deviceCount>1</deviceCount>
    <deviceDescription />
    <DMExempt>true</DMExempt>
    <premarketExempt>true</premarketExempt>
    <deviceHCTP>false</deviceHCTP>
    <deviceKit>true</deviceKit>
    <deviceCombinationProduct>true</deviceCombinationProduct>
    <singleUse>true</singleUse>
    <lotBatch>true</lotBatch>
    <serialNumber>false</serialNumber>
    <manufacturingDate>false</manufacturingDate>
    <expirationDate>true</expirationDate>
    <donationIdNumber>false</donationIdNumber>
    <labeledContainsNRL>false</labeledContainsNRL>
    <labeledNoNRL>true</labeledNoNRL>
    <MRISafetyStatus>Labeling does not contain MRI Safety Information</MRISafetyStatus>
    <rx>false</rx>
    <otc>true</otc>
    <contacts />
    <gmdnTerms>
      <gmdn>
        <gmdnCode>61949</gmdnCode>
        <gmdnPTName>Personal care kit</gmdnPTName>
        <gmdnPTDefinition>A collection of devices intended to be used by a patient for personal care needs during a stay in a healthcare institution. It typically contains items such as gown, slippers, cap, hair comb and toothbrush in a storage bag, and may also contain additional personal care products e.g., toothpaste, lotion and deodorant. This is a single-use device.</gmdnPTDefinition>
        <implantable>false</implantable>
        <gmdnCodeStatus>Active</gmdnCodeStatus>
      </gmdn>
    </gmdnTerms>
    <productCodes>
      <fdaProductCode>
        <productCode>NSB</productCode>
        <productCodeName>Patient personal hygiene kit</productCodeName>
      </fdaProductCode>
    </productCodes>
    <deviceSizes />
    <environmentalConditions>
      <storageHandling>
        <storageHandlingType>Special Storage Condition, Specify</storageHandlingType>
        <storageHandlingHigh value="" unit="" />
        <storageHandlingLow value="" unit="" />
        <storageHandlingSpecialConditionText>store at room temperature</storageHandlingSpecialConditionText>
      </storageHandling>
      <storageHandling>
        <storageHandlingType>Special Storage Condition, Specify</storageHandlingType>
        <storageHandlingHigh value="" unit="" />
        <storageHandlingLow value="" unit="" />
        <storageHandlingSpecialConditionText xsi:nil="true" />
      </storageHandling>
    </environmentalConditions>
    <sterilization>
      <deviceSterile>false</deviceSterile>
      <sterilizationPriorToUse>false</sterilizationPriorToUse>
      <methodTypes />
    </sterilization>
  </device>
  <device xmlns:xsi="http://www.w3.org/2001/XMLSchema-instance" xmlns="http://www.fda.gov/cdrh/gudid">
    <publicDeviceRecordKey>2ee00b01-3d84-4d1e-bf23-9bb22f0231bc</publicDeviceRecordKey>
    <publicVersionStatus>Update</publicVersionStatus>
    <deviceRecordStatus>Published</deviceRecordStatus>
    <!--Note: publicVersionNumber is system generated and assigned to all device records to track public release updates to a device record-->
    <publicVersionNumber>2</publicVersionNumber>
    <publicVersionDate>2018-03-29</publicVersionDate>
    <devicePublishDate>2016-08-20</devicePublishDate>
    <deviceCommDistributionEndDate xsi:nil="true" />
    <deviceCommDistributionStatus>In Commercial Distribution</deviceCommDistributionStatus>
    <identifiers>
      <identifier>
        <deviceId>20809160020958</deviceId>
        <deviceIdType>Package</deviceIdType>
        <deviceIdIssuingAgency>GS1</deviceIdIssuingAgency>
        <containsDINumber>10809160020951</containsDINumber>
        <pkgQuantity>20</pkgQuantity>
        <pkgDiscontinueDate xsi:nil="true" />
        <pkgStatus>In Commercial Distribution</pkgStatus>
        <pkgType xsi:nil="true" />
      </identifier>
      <identifier>
        <deviceId>10809160020951</deviceId>
        <deviceIdType>Primary</deviceIdType>
        <deviceIdIssuingAgency>GS1</deviceIdIssuingAgency>
        <containsDINumber xsi:nil="true" />
        <pkgQuantity xsi:nil="true" />
        <pkgDiscontinueDate xsi:nil="true" />
        <pkgStatus xsi:nil="true" />
        <pkgType xsi:nil="true" />
      </identifier>
    </identifiers>
    <brandName>Medical Action Industries</brandName>
    <versionModelNumber>75151</versionModelNumber>
    <catalogNumber xsi:nil="true" />
    <dunsNumber>092364462</dunsNumber>
    <companyName>MEDICAL ACTION INDUSTRIES INC.</companyName>
    <deviceCount>1</deviceCount>
    <deviceDescription>Kit: Admission Setup 20/Cs</deviceDescription>
    <DMExempt>true</DMExempt>
    <premarketExempt>true</premarketExempt>
    <deviceHCTP>false</deviceHCTP>
    <deviceKit>true</deviceKit>
    <deviceCombinationProduct>true</deviceCombinationProduct>
    <singleUse>true</singleUse>
    <lotBatch>true</lotBatch>
    <serialNumber>false</serialNumber>
    <manufacturingDate>false</manufacturingDate>
    <expirationDate>true</expirationDate>
    <donationIdNumber>false</donationIdNumber>
    <labeledContainsNRL>false</labeledContainsNRL>
    <labeledNoNRL>true</labeledNoNRL>
    <MRISafetyStatus>Labeling does not contain MRI Safety Information</MRISafetyStatus>
    <rx>false</rx>
    <otc>true</otc>
    <contacts />
    <gmdnTerms>
      <gmdn>
        <gmdnCode>61949</gmdnCode>
        <gmdnPTName>Personal care kit</gmdnPTName>
        <gmdnPTDefinition>A collection of devices intended to be used by a patient for personal care needs during a stay in a healthcare institution. It typically contains items such as gown, slippers, cap, hair comb and toothbrush in a storage bag, and may also contain additional personal care products e.g., toothpaste, lotion and deodorant. This is a single-use device.</gmdnPTDefinition>
        <implantable>false</implantable>
        <gmdnCodeStatus>Active</gmdnCodeStatus>
      </gmdn>
    </gmdnTerms>
    <productCodes>
      <fdaProductCode>
        <productCode>NSB</productCode>
        <productCodeName>Patient personal hygiene kit</productCodeName>
      </fdaProductCode>
    </productCodes>
    <deviceSizes />
    <environmentalConditions>
      <storageHandling>
        <storageHandlingType>Special Storage Condition, Specify</storageHandlingType>
        <storageHandlingHigh value="" unit="" />
        <storageHandlingLow value="" unit="" />
        <storageHandlingSpecialConditionText>store at room temperature</storageHandlingSpecialConditionText>
      </storageHandling>
      <storageHandling>
        <storageHandlingType>Special Storage Condition, Specify</storageHandlingType>
        <storageHandlingHigh value="" unit="" />
        <storageHandlingLow value="" unit="" />
        <storageHandlingSpecialConditionText xsi:nil="true" />
      </storageHandling>
    </environmentalConditions>
    <sterilization>
      <deviceSterile>false</deviceSterile>
      <sterilizationPriorToUse>false</sterilizationPriorToUse>
      <methodTypes />
    </sterilization>
  </device>
  <device xmlns:xsi="http://www.w3.org/2001/XMLSchema-instance" xmlns="http://www.fda.gov/cdrh/gudid">
    <publicDeviceRecordKey>2bcc04c6-ade6-4e55-a5db-ab8f64e2d1ef</publicDeviceRecordKey>
    <publicVersionStatus>Update</publicVersionStatus>
    <deviceRecordStatus>Published</deviceRecordStatus>
    <!--Note: publicVersionNumber is system generated and assigned to all device records to track public release updates to a device record-->
    <publicVersionNumber>2</publicVersionNumber>
    <publicVersionDate>2018-03-29</publicVersionDate>
    <devicePublishDate>2016-08-20</devicePublishDate>
    <deviceCommDistributionEndDate>2017-01-03</deviceCommDistributionEndDate>
    <deviceCommDistributionStatus>Not in Commercial Distribution</deviceCommDistributionStatus>
    <identifiers>
      <identifier>
        <deviceId>20809160020873</deviceId>
        <deviceIdType>Package</deviceIdType>
        <deviceIdIssuingAgency>GS1</deviceIdIssuingAgency>
        <containsDINumber>10809160020876</containsDINumber>
        <pkgQuantity>8</pkgQuantity>
        <pkgDiscontinueDate>2017-01-03</pkgDiscontinueDate>
        <pkgStatus>Not in Commercial Distribution</pkgStatus>
        <pkgType xsi:nil="true" />
      </identifier>
      <identifier>
        <deviceId>10809160020876</deviceId>
        <deviceIdType>Primary</deviceIdType>
        <deviceIdIssuingAgency>GS1</deviceIdIssuingAgency>
        <containsDINumber xsi:nil="true" />
        <pkgQuantity xsi:nil="true" />
        <pkgDiscontinueDate xsi:nil="true" />
        <pkgStatus xsi:nil="true" />
        <pkgType xsi:nil="true" />
      </identifier>
    </identifiers>
    <brandName>Medical Action Industries</brandName>
    <versionModelNumber>75060</versionModelNumber>
    <catalogNumber xsi:nil="true" />
    <dunsNumber>092364462</dunsNumber>
    <companyName>MEDICAL ACTION INDUSTRIES INC.</companyName>
    <deviceCount>1</deviceCount>
    <deviceDescription xsi:nil="true" />
    <DMExempt>true</DMExempt>
    <premarketExempt>true</premarketExempt>
    <deviceHCTP>false</deviceHCTP>
    <deviceKit>true</deviceKit>
    <deviceCombinationProduct>true</deviceCombinationProduct>
    <singleUse>true</singleUse>
    <lotBatch>true</lotBatch>
    <serialNumber>false</serialNumber>
    <manufacturingDate>false</manufacturingDate>
    <expirationDate>true</expirationDate>
    <donationIdNumber>false</donationIdNumber>
    <labeledContainsNRL>false</labeledContainsNRL>
    <labeledNoNRL>true</labeledNoNRL>
    <MRISafetyStatus>Labeling does not contain MRI Safety Information</MRISafetyStatus>
    <rx>false</rx>
    <otc>true</otc>
    <contacts />
    <gmdnTerms>
      <gmdn>
        <gmdnCode>61949</gmdnCode>
        <gmdnPTName>Personal care kit</gmdnPTName>
        <gmdnPTDefinition>A collection of devices intended to be used by a patient for personal care needs during a stay in a healthcare institution. It typically contains items such as gown, slippers, cap, hair comb and toothbrush in a storage bag, and may also contain additional personal care products e.g., toothpaste, lotion and deodorant. This is a single-use device.</gmdnPTDefinition>
        <implantable>false</implantable>
        <gmdnCodeStatus>Active</gmdnCodeStatus>
      </gmdn>
    </gmdnTerms>
    <productCodes>
      <fdaProductCode>
        <productCode>NSB</productCode>
        <productCodeName>Patient personal hygiene kit</productCodeName>
      </fdaProductCode>
    </productCodes>
    <deviceSizes />
    <environmentalConditions>
      <storageHandling>
        <storageHandlingType>Special Storage Condition, Specify</storageHandlingType>
        <storageHandlingHigh value="" unit="" />
        <storageHandlingLow value="" unit="" />
        <storageHandlingSpecialConditionText>store at room temperature</storageHandlingSpecialConditionText>
      </storageHandling>
      <storageHandling>
        <storageHandlingType>Special Storage Condition, Specify</storageHandlingType>
        <storageHandlingHigh value="" unit="" />
        <storageHandlingLow value="" unit="" />
        <storageHandlingSpecialConditionText xsi:nil="true" />
      </storageHandling>
    </environmentalConditions>
    <sterilization>
      <deviceSterile>false</deviceSterile>
      <sterilizationPriorToUse>false</sterilizationPriorToUse>
      <methodTypes />
    </sterilization>
  </device>
  <device xmlns:xsi="http://www.w3.org/2001/XMLSchema-instance" xmlns="http://www.fda.gov/cdrh/gudid">
    <publicDeviceRecordKey>5e1c6da1-00f5-485e-8eb8-ae8c46a15127</publicDeviceRecordKey>
    <publicVersionStatus>Update</publicVersionStatus>
    <deviceRecordStatus>Published</deviceRecordStatus>
    <!--Note: publicVersionNumber is system generated and assigned to all device records to track public release updates to a device record-->
    <publicVersionNumber>3</publicVersionNumber>
    <publicVersionDate>2023-06-26</publicVersionDate>
    <devicePublishDate>2016-08-20</devicePublishDate>
    <deviceCommDistributionEndDate>2023-06-23</deviceCommDistributionEndDate>
    <deviceCommDistributionStatus>Not in Commercial Distribution</deviceCommDistributionStatus>
    <identifiers>
      <identifier>
        <deviceId>20809160020828</deviceId>
        <deviceIdType>Package</deviceIdType>
        <deviceIdIssuingAgency>GS1</deviceIdIssuingAgency>
        <containsDINumber>10809160020821</containsDINumber>
        <pkgQuantity>50</pkgQuantity>
        <pkgDiscontinueDate>2023-06-23</pkgDiscontinueDate>
        <pkgStatus>Not in Commercial Distribution</pkgStatus>
        <pkgType xsi:nil="true" />
      </identifier>
      <identifier>
        <deviceId>10809160020821</deviceId>
        <deviceIdType>Primary</deviceIdType>
        <deviceIdIssuingAgency>GS1</deviceIdIssuingAgency>
        <containsDINumber xsi:nil="true" />
        <pkgQuantity xsi:nil="true" />
        <pkgDiscontinueDate xsi:nil="true" />
        <pkgStatus xsi:nil="true" />
        <pkgType xsi:nil="true" />
      </identifier>
    </identifiers>
    <brandName>Medical Action Industries</brandName>
    <versionModelNumber>75010</versionModelNumber>
    <catalogNumber xsi:nil="true" />
    <dunsNumber>092364462</dunsNumber>
    <companyName>MEDICAL ACTION INDUSTRIES INC.</companyName>
    <deviceCount>1</deviceCount>
    <deviceDescription xsi:nil="true" />
    <DMExempt>true</DMExempt>
    <premarketExempt>true</premarketExempt>
    <deviceHCTP>false</deviceHCTP>
    <deviceKit>true</deviceKit>
    <deviceCombinationProduct>false</deviceCombinationProduct>
    <singleUse>true</singleUse>
    <lotBatch>true</lotBatch>
    <serialNumber>false</serialNumber>
    <manufacturingDate>false</manufacturingDate>
    <expirationDate>true</expirationDate>
    <donationIdNumber>false</donationIdNumber>
    <labeledContainsNRL>false</labeledContainsNRL>
    <labeledNoNRL>true</labeledNoNRL>
    <MRISafetyStatus>Labeling does not contain MRI Safety Information</MRISafetyStatus>
    <rx>true</rx>
    <otc>false</otc>
    <contacts />
    <gmdnTerms>
      <gmdn>
        <gmdnCode>45172</gmdnCode>
        <gmdnPTName>Oral care kit, single-use</gmdnPTName>
        <gmdnPTDefinition>A collection of various devices and supplies used for a patient's oral hygiene. It typically includes an antiseptic applicator swab, a pre-treated toothbrush, mouth swabs, and a mouthwash/oral moisturizer. Its use will improve the physical condition of the oral cavity and may help reduce the incidence of patient infection. It is typically applied by nursing staff in hospitals and institutions, or attendants in home care settings. This is a single-use device.</gmdnPTDefinition>
        <implantable>false</implantable>
        <gmdnCodeStatus>Active</gmdnCodeStatus>
      </gmdn>
    </gmdnTerms>
    <productCodes>
      <fdaProductCode>
        <productCode>OFX</productCode>
        <productCodeName>General purpose dental tray</productCodeName>
      </fdaProductCode>
    </productCodes>
    <deviceSizes />
    <environmentalConditions>
      <storageHandling>
        <storageHandlingType>Special Storage Condition, Specify</storageHandlingType>
        <storageHandlingHigh value="" unit="" />
        <storageHandlingLow value="" unit="" />
        <storageHandlingSpecialConditionText xsi:nil="true" />
      </storageHandling>
      <storageHandling>
        <storageHandlingType>Special Storage Condition, Specify</storageHandlingType>
        <storageHandlingHigh value="" unit="" />
        <storageHandlingLow value="" unit="" />
        <storageHandlingSpecialConditionText>store at room temperature</storageHandlingSpecialConditionText>
      </storageHandling>
    </environmentalConditions>
    <sterilization>
      <deviceSterile>false</deviceSterile>
      <sterilizationPriorToUse>false</sterilizationPriorToUse>
      <methodTypes />
    </sterilization>
  </device>
  <device xmlns:xsi="http://www.w3.org/2001/XMLSchema-instance" xmlns="http://www.fda.gov/cdrh/gudid">
    <publicDeviceRecordKey>27e9779e-5619-43ca-b269-0f4b862179e9</publicDeviceRecordKey>
    <publicVersionStatus>Update</publicVersionStatus>
    <deviceRecordStatus>Published</deviceRecordStatus>
    <!--Note: publicVersionNumber is system generated and assigned to all device records to track public release updates to a device record-->
    <publicVersionNumber>3</publicVersionNumber>
    <publicVersionDate>2023-01-18</publicVersionDate>
    <devicePublishDate>2016-08-20</devicePublishDate>
    <deviceCommDistributionEndDate>2023-01-17</deviceCommDistributionEndDate>
    <deviceCommDistributionStatus>Not in Commercial Distribution</deviceCommDistributionStatus>
    <identifiers>
      <identifier>
        <deviceId>20809160018177</deviceId>
        <deviceIdType>Package</deviceIdType>
        <deviceIdIssuingAgency>GS1</deviceIdIssuingAgency>
        <containsDINumber>10809160018170</containsDINumber>
        <pkgQuantity>50</pkgQuantity>
        <pkgDiscontinueDate>2023-01-17</pkgDiscontinueDate>
        <pkgStatus>Not in Commercial Distribution</pkgStatus>
        <pkgType xsi:nil="true" />
      </identifier>
      <identifier>
        <deviceId>10809160018170</deviceId>
        <deviceIdType>Primary</deviceIdType>
        <deviceIdIssuingAgency>GS1</deviceIdIssuingAgency>
        <containsDINumber xsi:nil="true" />
        <pkgQuantity xsi:nil="true" />
        <pkgDiscontinueDate xsi:nil="true" />
        <pkgStatus xsi:nil="true" />
        <pkgType xsi:nil="true" />
      </identifier>
    </identifiers>
    <brandName>Medical Action Industries</brandName>
    <versionModelNumber>72987</versionModelNumber>
    <catalogNumber xsi:nil="true" />
    <dunsNumber>092364462</dunsNumber>
    <companyName>MEDICAL ACTION INDUSTRIES INC.</companyName>
    <deviceCount>1</deviceCount>
    <deviceDescription xsi:nil="true" />
    <DMExempt>true</DMExempt>
    <premarketExempt>true</premarketExempt>
    <deviceHCTP>false</deviceHCTP>
    <deviceKit>true</deviceKit>
    <deviceCombinationProduct>false</deviceCombinationProduct>
    <singleUse>true</singleUse>
    <lotBatch>true</lotBatch>
    <serialNumber>false</serialNumber>
    <manufacturingDate>false</manufacturingDate>
    <expirationDate>false</expirationDate>
    <donationIdNumber>false</donationIdNumber>
    <labeledContainsNRL>false</labeledContainsNRL>
    <labeledNoNRL>true</labeledNoNRL>
    <MRISafetyStatus>Labeling does not contain MRI Safety Information</MRISafetyStatus>
    <rx>false</rx>
    <otc>true</otc>
    <contacts />
    <gmdnTerms>
      <gmdn>
        <gmdnCode>45172</gmdnCode>
        <gmdnPTName>Oral care kit, single-use</gmdnPTName>
        <gmdnPTDefinition>A collection of various devices and supplies used for a patient's oral hygiene. It typically includes an antiseptic applicator swab, a pre-treated toothbrush, mouth swabs, and a mouthwash/oral moisturizer. Its use will improve the physical condition of the oral cavity and may help reduce the incidence of patient infection. It is typically applied by nursing staff in hospitals and institutions, or attendants in home care settings. This is a single-use device.</gmdnPTDefinition>
        <implantable>false</implantable>
        <gmdnCodeStatus>Active</gmdnCodeStatus>
      </gmdn>
    </gmdnTerms>
    <productCodes>
      <fdaProductCode>
        <productCode>OFX</productCode>
        <productCodeName>General purpose dental tray</productCodeName>
      </fdaProductCode>
    </productCodes>
    <deviceSizes />
    <environmentalConditions>
      <storageHandling>
        <storageHandlingType>Special Storage Condition, Specify</storageHandlingType>
        <storageHandlingHigh value="" unit="" />
        <storageHandlingLow value="" unit="" />
        <storageHandlingSpecialConditionText xsi:nil="true" />
      </storageHandling>
      <storageHandling>
        <storageHandlingType>Special Storage Condition, Specify</storageHandlingType>
        <storageHandlingHigh value="" unit="" />
        <storageHandlingLow value="" unit="" />
        <storageHandlingSpecialConditionText>store at room temperature</storageHandlingSpecialConditionText>
      </storageHandling>
    </environmentalConditions>
    <sterilization>
      <deviceSterile>false</deviceSterile>
      <sterilizationPriorToUse>false</sterilizationPriorToUse>
      <methodTypes />
    </sterilization>
  </device>
</devices>