﻿<?xml version="1.0" encoding="UTF-8"?>
<devices>
  <device xmlns:xsi="http://www.w3.org/2001/XMLSchema-instance" xmlns="http://www.fda.gov/cdrh/gudid">
    <publicDeviceRecordKey>513f905f-5ecd-40f4-839e-5a982cd01580</publicDeviceRecordKey>
    <publicVersionStatus>New</publicVersionStatus>
    <deviceRecordStatus>Published</deviceRecordStatus>
    <!--Note: publicVersionNumber is system generated and assigned to all device records to track public release updates to a device record-->
    <publicVersionNumber>1</publicVersionNumber>
    <publicVersionDate>2023-05-29</publicVersionDate>
    <devicePublishDate>2023-05-19</devicePublishDate>
    <deviceCommDistributionEndDate xsi:nil="true" />
    <deviceCommDistributionStatus>In Commercial Distribution</deviceCommDistributionStatus>
    <identifiers>
      <identifier>
        <deviceId>M71004615000</deviceId>
        <deviceIdType>Primary</deviceIdType>
        <deviceIdIssuingAgency>HIBCC</deviceIdIssuingAgency>
        <containsDINumber xsi:nil="true" />
        <pkgQuantity xsi:nil="true" />
        <pkgDiscontinueDate xsi:nil="true" />
        <pkgStatus xsi:nil="true" />
        <pkgType xsi:nil="true" />
      </identifier>
    </identifiers>
    <brandName>The Slide®</brandName>
    <versionModelNumber>046-1500</versionModelNumber>
    <catalogNumber xsi:nil="true" />
    <dunsNumber>969792050</dunsNumber>
    <companyName>BIOTEX, INC.</companyName>
    <deviceCount>1</deviceCount>
    <deviceDescription>Slide Nylon.</deviceDescription>
    <DMExempt>false</DMExempt>
    <premarketExempt>false</premarketExempt>
    <deviceHCTP>false</deviceHCTP>
    <deviceKit>false</deviceKit>
    <deviceCombinationProduct>false</deviceCombinationProduct>
    <singleUse>false</singleUse>
    <lotBatch>true</lotBatch>
    <serialNumber>false</serialNumber>
    <manufacturingDate>true</manufacturingDate>
    <expirationDate>false</expirationDate>
    <donationIdNumber>false</donationIdNumber>
    <labeledContainsNRL>false</labeledContainsNRL>
    <labeledNoNRL>false</labeledNoNRL>
    <MRISafetyStatus>Labeling does not contain MRI Safety Information</MRISafetyStatus>
    <rx>true</rx>
    <otc>false</otc>
    <contacts>
      <customerContact>
        <phone>7137410111</phone>
        <phoneExtension xsi:nil="true" />
        <email>xx@xx.xx</email>
      </customerContact>
    </contacts>
    <premarketSubmissions>
      <premarketSubmission>
        <submissionNumber>K203712</submissionNumber>
        <supplementNumber>000</supplementNumber>
      </premarketSubmission>
    </premarketSubmissions>
    <gmdnTerms>
      <gmdn>
        <gmdnCode>47526</gmdnCode>
        <gmdnPTName>Mandible-repositioning sleep-disordered breathing orthosis</gmdnPTName>
        <gmdnPTDefinition>A removable intraoral device designed to alleviate sleep-disordered breathing conditions (e.g., snoring, obstructive sleep apnoea) by repositioning and/or controlling the lower jaw (mandible), typically in a downward and forward position. It works by locking the mandible (e.g., holding the teeth) and preventing it from retruding, thus increasing the patency of the airway and decreasing both air turbulence and airway obstruction. A number of different fixed (non-adjustable) and adjustable types using several techniques and materials are available. This is a reusable device.</gmdnPTDefinition>
        <implantable>false</implantable>
        <gmdnCodeStatus>Active</gmdnCodeStatus>
      </gmdn>
    </gmdnTerms>
    <productCodes>
      <fdaProductCode>
        <productCode>LQZ</productCode>
        <productCodeName>Device, Jaw Repositioning</productCodeName>
      </fdaProductCode>
      <fdaProductCode>
        <productCode>LRK</productCode>
        <productCodeName>Device, Anti-Snoring</productCodeName>
      </fdaProductCode>
    </productCodes>
    <deviceSizes />
    <environmentalConditions>
      <storageHandling>
        <storageHandlingType>Handling Environment Temperature</storageHandlingType>
        <storageHandlingHigh value="45" unit="Degrees Celsius" />
        <storageHandlingLow value="" unit="Degrees Celsius" />
        <storageHandlingSpecialConditionText xsi:nil="true" />
      </storageHandling>
      <storageHandling>
        <storageHandlingType>Storage Environment Temperature</storageHandlingType>
        <storageHandlingHigh value="45" unit="Degrees Celsius" />
        <storageHandlingLow value="" unit="Degrees Celsius" />
        <storageHandlingSpecialConditionText xsi:nil="true" />
      </storageHandling>
    </environmentalConditions>
    <sterilization>
      <deviceSterile>false</deviceSterile>
      <sterilizationPriorToUse>false</sterilizationPriorToUse>
      <methodTypes />
    </sterilization>
  </device>
  <device xmlns:xsi="http://www.w3.org/2001/XMLSchema-instance" xmlns="http://www.fda.gov/cdrh/gudid">
    <publicDeviceRecordKey>81a51c63-29cb-4763-af6d-6c9ad677bf66</publicDeviceRecordKey>
    <publicVersionStatus>Update</publicVersionStatus>
    <deviceRecordStatus>Published</deviceRecordStatus>
    <!--Note: publicVersionNumber is system generated and assigned to all device records to track public release updates to a device record-->
    <publicVersionNumber>3</publicVersionNumber>
    <publicVersionDate>2023-05-08</publicVersionDate>
    <devicePublishDate>2021-09-01</devicePublishDate>
    <deviceCommDistributionEndDate xsi:nil="true" />
    <deviceCommDistributionStatus>In Commercial Distribution</deviceCommDistributionStatus>
    <identifiers>
      <identifier>
        <deviceId>M71004610000</deviceId>
        <deviceIdType>Primary</deviceIdType>
        <deviceIdIssuingAgency>HIBCC</deviceIdIssuingAgency>
        <containsDINumber xsi:nil="true" />
        <pkgQuantity xsi:nil="true" />
        <pkgDiscontinueDate xsi:nil="true" />
        <pkgStatus xsi:nil="true" />
        <pkgType xsi:nil="true" />
      </identifier>
    </identifiers>
    <brandName>The Slide®</brandName>
    <versionModelNumber>046-1000</versionModelNumber>
    <catalogNumber xsi:nil="true" />
    <dunsNumber>969792050</dunsNumber>
    <companyName>BIOTEX, INC.</companyName>
    <deviceCount>1</deviceCount>
    <deviceDescription>Slide Acrylic.</deviceDescription>
    <DMExempt>false</DMExempt>
    <premarketExempt>false</premarketExempt>
    <deviceHCTP>false</deviceHCTP>
    <deviceKit>false</deviceKit>
    <deviceCombinationProduct>false</deviceCombinationProduct>
    <singleUse>false</singleUse>
    <lotBatch>true</lotBatch>
    <serialNumber>false</serialNumber>
    <manufacturingDate>true</manufacturingDate>
    <expirationDate>false</expirationDate>
    <donationIdNumber>false</donationIdNumber>
    <labeledContainsNRL>false</labeledContainsNRL>
    <labeledNoNRL>false</labeledNoNRL>
    <MRISafetyStatus>Labeling does not contain MRI Safety Information</MRISafetyStatus>
    <rx>true</rx>
    <otc>false</otc>
    <contacts>
      <customerContact>
        <phone>7137410111</phone>
        <phoneExtension xsi:nil="true" />
        <email>xx@xx.xx</email>
      </customerContact>
    </contacts>
    <premarketSubmissions>
      <premarketSubmission>
        <submissionNumber>K203712</submissionNumber>
        <supplementNumber>000</supplementNumber>
      </premarketSubmission>
    </premarketSubmissions>
    <gmdnTerms>
      <gmdn>
        <gmdnCode>47526</gmdnCode>
        <gmdnPTName>Mandible-repositioning sleep-disordered breathing orthosis</gmdnPTName>
        <gmdnPTDefinition>A removable intraoral device designed to alleviate sleep-disordered breathing conditions (e.g., snoring, obstructive sleep apnoea) by repositioning and/or controlling the lower jaw (mandible), typically in a downward and forward position. It works by locking the mandible (e.g., holding the teeth) and preventing it from retruding, thus increasing the patency of the airway and decreasing both air turbulence and airway obstruction. A number of different fixed (non-adjustable) and adjustable types using several techniques and materials are available. This is a reusable device.</gmdnPTDefinition>
        <implantable>false</implantable>
        <gmdnCodeStatus>Active</gmdnCodeStatus>
      </gmdn>
    </gmdnTerms>
    <productCodes>
      <fdaProductCode>
        <productCode>LQZ</productCode>
        <productCodeName>Device, Jaw Repositioning</productCodeName>
      </fdaProductCode>
      <fdaProductCode>
        <productCode>LRK</productCode>
        <productCodeName>Device, Anti-Snoring</productCodeName>
      </fdaProductCode>
    </productCodes>
    <deviceSizes />
    <environmentalConditions>
      <storageHandling>
        <storageHandlingType>Handling Environment Temperature</storageHandlingType>
        <storageHandlingHigh value="45" unit="Degrees Celsius" />
        <storageHandlingLow value="" unit="Degrees Celsius" />
        <storageHandlingSpecialConditionText xsi:nil="true" />
      </storageHandling>
      <storageHandling>
        <storageHandlingType>Storage Environment Temperature</storageHandlingType>
        <storageHandlingHigh value="45" unit="Degrees Celsius" />
        <storageHandlingLow value="" unit="Degrees Celsius" />
        <storageHandlingSpecialConditionText xsi:nil="true" />
      </storageHandling>
    </environmentalConditions>
    <sterilization>
      <deviceSterile>false</deviceSterile>
      <sterilizationPriorToUse>false</sterilizationPriorToUse>
      <methodTypes />
    </sterilization>
  </device>
</devices>