﻿<?xml version="1.0" encoding="UTF-8"?>
<devices>
  <device xmlns:xsi="http://www.w3.org/2001/XMLSchema-instance" xmlns="http://www.fda.gov/cdrh/gudid">
    <publicDeviceRecordKey>3095fe36-e177-488f-a5e7-7600fac07446</publicDeviceRecordKey>
    <publicVersionStatus>Update</publicVersionStatus>
    <deviceRecordStatus>Published</deviceRecordStatus>
    <!--Note: publicVersionNumber is system generated and assigned to all device records to track public release updates to a device record-->
    <publicVersionNumber>5</publicVersionNumber>
    <publicVersionDate>2023-09-18</publicVersionDate>
    <devicePublishDate>2017-07-31</devicePublishDate>
    <deviceCommDistributionEndDate xsi:nil="true" />
    <deviceCommDistributionStatus>In Commercial Distribution</deviceCommDistributionStatus>
    <identifiers>
      <identifier>
        <deviceId>M711CR104SQ0</deviceId>
        <deviceIdType>Primary</deviceIdType>
        <deviceIdIssuingAgency>HIBCC</deviceIdIssuingAgency>
        <containsDINumber xsi:nil="true" />
        <pkgQuantity xsi:nil="true" />
        <pkgDiscontinueDate xsi:nil="true" />
        <pkgStatus xsi:nil="true" />
        <pkgType xsi:nil="true" />
      </identifier>
    </identifiers>
    <brandName>Neuro &amp; Craniofacial Fixation System</brandName>
    <versionModelNumber>CR104SQ</versionModelNumber>
    <catalogNumber xsi:nil="true" />
    <dunsNumber>156567492</dunsNumber>
    <companyName>Innovasis, Inc.</companyName>
    <deviceCount>1</deviceCount>
    <deviceDescription>CP Ti</deviceDescription>
    <DMExempt>true</DMExempt>
    <premarketExempt>false</premarketExempt>
    <deviceHCTP>false</deviceHCTP>
    <deviceKit>false</deviceKit>
    <deviceCombinationProduct>false</deviceCombinationProduct>
    <singleUse>true</singleUse>
    <lotBatch>true</lotBatch>
    <serialNumber>false</serialNumber>
    <manufacturingDate>false</manufacturingDate>
    <expirationDate>false</expirationDate>
    <donationIdNumber>false</donationIdNumber>
    <labeledContainsNRL>false</labeledContainsNRL>
    <labeledNoNRL>false</labeledNoNRL>
    <MRISafetyStatus>Labeling does not contain MRI Safety Information</MRISafetyStatus>
    <rx>true</rx>
    <otc>false</otc>
    <contacts>
      <customerContact>
        <phone>801-261-2236</phone>
        <phoneExtension xsi:nil="true" />
        <email>info@innovasis.com</email>
      </customerContact>
    </contacts>
    <premarketSubmissions>
      <premarketSubmission>
        <submissionNumber>K091679</submissionNumber>
        <supplementNumber>000</supplementNumber>
      </premarketSubmission>
    </premarketSubmissions>
    <gmdnTerms>
      <gmdn>
        <gmdnCode>46267</gmdnCode>
        <gmdnPTName>Cranioplasty plate, alterable</gmdnPTName>
        <gmdnPTDefinition>An implantable shield designed to repair larger skull defects that is preformed before surgery and typically made of sheets of material (e.g., tantalum) that can be reshaped at the time of surgery without changing the physical or chemical properties of the material. The device is generally preformed with a central convex curvature matching the curvature of the forehead, side, or rear areas of the human adult skull; it is usually fixed to the intact cranial bones using screws and/or other fasteners. The device is used to repair defects due to injury, surgical intervention for tumour removal, congenital anomaly, or disease.</gmdnPTDefinition>
        <implantable>true</implantable>
        <gmdnCodeStatus>Active</gmdnCodeStatus>
      </gmdn>
      <gmdn>
        <gmdnCode>46642</gmdnCode>
        <gmdnPTName>Craniofacial fixation plate, non-bioabsorbable, non-customized</gmdnPTName>
        <gmdnPTDefinition>A small, implantable, non-customized sheet of firm material designed to be attached with screws to craniofacial bone (including the maxilla and/or mandible) to bridge and stabilize a fracture gap or craniotomy flap, and/or cover a burr hole. It is made of non-bioabsorbable materials (e.g., surgical steel, titanium alloy) and is available in a variety of designs (e.g., Y-plate, curved plate, mesh-panel, burr hole cover). Instruments intended to facilitate implantation (e.g., driver), or plate fixation implants (i.e., bone screws), may be included with the plate.</gmdnPTDefinition>
        <implantable>true</implantable>
        <gmdnCodeStatus>Active</gmdnCodeStatus>
      </gmdn>
    </gmdnTerms>
    <productCodes>
      <fdaProductCode>
        <productCode>JEY</productCode>
        <productCodeName>Plate, Bone</productCodeName>
      </fdaProductCode>
    </productCodes>
    <deviceSizes>
      <deviceSize>
        <sizeType>Length</sizeType>
        <size value="16" unit="Millimeter" />
        <sizeText xsi:nil="true" />
      </deviceSize>
    </deviceSizes>
    <environmentalConditions />
    <sterilization>
      <deviceSterile>false</deviceSterile>
      <sterilizationPriorToUse>true</sterilizationPriorToUse>
      <methodTypes>
        <sterilizationMethod>Moist Heat or Steam Sterilization</sterilizationMethod>
      </methodTypes>
    </sterilization>
  </device>
  <device xmlns:xsi="http://www.w3.org/2001/XMLSchema-instance" xmlns="http://www.fda.gov/cdrh/gudid">
    <publicDeviceRecordKey>f9c7721f-1369-4383-a553-3871d0ebd05e</publicDeviceRecordKey>
    <publicVersionStatus>Update</publicVersionStatus>
    <deviceRecordStatus>Published</deviceRecordStatus>
    <!--Note: publicVersionNumber is system generated and assigned to all device records to track public release updates to a device record-->
    <publicVersionNumber>5</publicVersionNumber>
    <publicVersionDate>2023-09-18</publicVersionDate>
    <devicePublishDate>2017-07-31</devicePublishDate>
    <deviceCommDistributionEndDate xsi:nil="true" />
    <deviceCommDistributionStatus>In Commercial Distribution</deviceCommDistributionStatus>
    <identifiers>
      <identifier>
        <deviceId>M711CR102ST0</deviceId>
        <deviceIdType>Primary</deviceIdType>
        <deviceIdIssuingAgency>HIBCC</deviceIdIssuingAgency>
        <containsDINumber xsi:nil="true" />
        <pkgQuantity xsi:nil="true" />
        <pkgDiscontinueDate xsi:nil="true" />
        <pkgStatus xsi:nil="true" />
        <pkgType xsi:nil="true" />
      </identifier>
    </identifiers>
    <brandName>Neuro &amp; Craniofacial Fixation System</brandName>
    <versionModelNumber>CR102ST</versionModelNumber>
    <catalogNumber xsi:nil="true" />
    <dunsNumber>156567492</dunsNumber>
    <companyName>Innovasis, Inc.</companyName>
    <deviceCount>1</deviceCount>
    <deviceDescription>CP Ti</deviceDescription>
    <DMExempt>true</DMExempt>
    <premarketExempt>false</premarketExempt>
    <deviceHCTP>false</deviceHCTP>
    <deviceKit>false</deviceKit>
    <deviceCombinationProduct>false</deviceCombinationProduct>
    <singleUse>true</singleUse>
    <lotBatch>true</lotBatch>
    <serialNumber>false</serialNumber>
    <manufacturingDate>false</manufacturingDate>
    <expirationDate>false</expirationDate>
    <donationIdNumber>false</donationIdNumber>
    <labeledContainsNRL>false</labeledContainsNRL>
    <labeledNoNRL>false</labeledNoNRL>
    <MRISafetyStatus>Labeling does not contain MRI Safety Information</MRISafetyStatus>
    <rx>true</rx>
    <otc>false</otc>
    <contacts>
      <customerContact>
        <phone>801-261-2236</phone>
        <phoneExtension xsi:nil="true" />
        <email>info@innovasis.com</email>
      </customerContact>
    </contacts>
    <premarketSubmissions>
      <premarketSubmission>
        <submissionNumber>K091679</submissionNumber>
        <supplementNumber>000</supplementNumber>
      </premarketSubmission>
    </premarketSubmissions>
    <gmdnTerms>
      <gmdn>
        <gmdnCode>46267</gmdnCode>
        <gmdnPTName>Cranioplasty plate, alterable</gmdnPTName>
        <gmdnPTDefinition>An implantable shield designed to repair larger skull defects that is preformed before surgery and typically made of sheets of material (e.g., tantalum) that can be reshaped at the time of surgery without changing the physical or chemical properties of the material. The device is generally preformed with a central convex curvature matching the curvature of the forehead, side, or rear areas of the human adult skull; it is usually fixed to the intact cranial bones using screws and/or other fasteners. The device is used to repair defects due to injury, surgical intervention for tumour removal, congenital anomaly, or disease.</gmdnPTDefinition>
        <implantable>true</implantable>
        <gmdnCodeStatus>Active</gmdnCodeStatus>
      </gmdn>
      <gmdn>
        <gmdnCode>46642</gmdnCode>
        <gmdnPTName>Craniofacial fixation plate, non-bioabsorbable, non-customized</gmdnPTName>
        <gmdnPTDefinition>A small, implantable, non-customized sheet of firm material designed to be attached with screws to craniofacial bone (including the maxilla and/or mandible) to bridge and stabilize a fracture gap or craniotomy flap, and/or cover a burr hole. It is made of non-bioabsorbable materials (e.g., surgical steel, titanium alloy) and is available in a variety of designs (e.g., Y-plate, curved plate, mesh-panel, burr hole cover). Instruments intended to facilitate implantation (e.g., driver), or plate fixation implants (i.e., bone screws), may be included with the plate.</gmdnPTDefinition>
        <implantable>true</implantable>
        <gmdnCodeStatus>Active</gmdnCodeStatus>
      </gmdn>
    </gmdnTerms>
    <productCodes>
      <fdaProductCode>
        <productCode>JEY</productCode>
        <productCodeName>Plate, Bone</productCodeName>
      </fdaProductCode>
    </productCodes>
    <deviceSizes>
      <deviceSize>
        <sizeType>Length</sizeType>
        <size value="17" unit="Millimeter" />
        <sizeText xsi:nil="true" />
      </deviceSize>
    </deviceSizes>
    <environmentalConditions />
    <sterilization>
      <deviceSterile>false</deviceSterile>
      <sterilizationPriorToUse>true</sterilizationPriorToUse>
      <methodTypes>
        <sterilizationMethod>Moist Heat or Steam Sterilization</sterilizationMethod>
      </methodTypes>
    </sterilization>
  </device>
  <device xmlns:xsi="http://www.w3.org/2001/XMLSchema-instance" xmlns="http://www.fda.gov/cdrh/gudid">
    <publicDeviceRecordKey>421bff68-d8f6-4554-968a-1bd5b2a39a52</publicDeviceRecordKey>
    <publicVersionStatus>Update</publicVersionStatus>
    <deviceRecordStatus>Published</deviceRecordStatus>
    <!--Note: publicVersionNumber is system generated and assigned to all device records to track public release updates to a device record-->
    <publicVersionNumber>5</publicVersionNumber>
    <publicVersionDate>2023-09-18</publicVersionDate>
    <devicePublishDate>2017-07-31</devicePublishDate>
    <deviceCommDistributionEndDate xsi:nil="true" />
    <deviceCommDistributionStatus>In Commercial Distribution</deviceCommDistributionStatus>
    <identifiers>
      <identifier>
        <deviceId>M711CR100MD060</deviceId>
        <deviceIdType>Primary</deviceIdType>
        <deviceIdIssuingAgency>HIBCC</deviceIdIssuingAgency>
        <containsDINumber xsi:nil="true" />
        <pkgQuantity xsi:nil="true" />
        <pkgDiscontinueDate xsi:nil="true" />
        <pkgStatus xsi:nil="true" />
        <pkgType xsi:nil="true" />
      </identifier>
    </identifiers>
    <brandName>Neuro &amp; Craniofacial Fixation System</brandName>
    <versionModelNumber>CR100MD06</versionModelNumber>
    <catalogNumber xsi:nil="true" />
    <dunsNumber>156567492</dunsNumber>
    <companyName>Innovasis, Inc.</companyName>
    <deviceCount>1</deviceCount>
    <deviceDescription>CP Ti</deviceDescription>
    <DMExempt>true</DMExempt>
    <premarketExempt>false</premarketExempt>
    <deviceHCTP>false</deviceHCTP>
    <deviceKit>false</deviceKit>
    <deviceCombinationProduct>false</deviceCombinationProduct>
    <singleUse>true</singleUse>
    <lotBatch>true</lotBatch>
    <serialNumber>false</serialNumber>
    <manufacturingDate>false</manufacturingDate>
    <expirationDate>false</expirationDate>
    <donationIdNumber>false</donationIdNumber>
    <labeledContainsNRL>false</labeledContainsNRL>
    <labeledNoNRL>false</labeledNoNRL>
    <MRISafetyStatus>Labeling does not contain MRI Safety Information</MRISafetyStatus>
    <rx>true</rx>
    <otc>false</otc>
    <contacts>
      <customerContact>
        <phone>801-261-2236</phone>
        <phoneExtension xsi:nil="true" />
        <email>info@innovasis.com</email>
      </customerContact>
    </contacts>
    <premarketSubmissions>
      <premarketSubmission>
        <submissionNumber>K091679</submissionNumber>
        <supplementNumber>000</supplementNumber>
      </premarketSubmission>
    </premarketSubmissions>
    <gmdnTerms>
      <gmdn>
        <gmdnCode>46267</gmdnCode>
        <gmdnPTName>Cranioplasty plate, alterable</gmdnPTName>
        <gmdnPTDefinition>An implantable shield designed to repair larger skull defects that is preformed before surgery and typically made of sheets of material (e.g., tantalum) that can be reshaped at the time of surgery without changing the physical or chemical properties of the material. The device is generally preformed with a central convex curvature matching the curvature of the forehead, side, or rear areas of the human adult skull; it is usually fixed to the intact cranial bones using screws and/or other fasteners. The device is used to repair defects due to injury, surgical intervention for tumour removal, congenital anomaly, or disease.</gmdnPTDefinition>
        <implantable>true</implantable>
        <gmdnCodeStatus>Active</gmdnCodeStatus>
      </gmdn>
      <gmdn>
        <gmdnCode>46642</gmdnCode>
        <gmdnPTName>Craniofacial fixation plate, non-bioabsorbable, non-customized</gmdnPTName>
        <gmdnPTDefinition>A small, implantable, non-customized sheet of firm material designed to be attached with screws to craniofacial bone (including the maxilla and/or mandible) to bridge and stabilize a fracture gap or craniotomy flap, and/or cover a burr hole. It is made of non-bioabsorbable materials (e.g., surgical steel, titanium alloy) and is available in a variety of designs (e.g., Y-plate, curved plate, mesh-panel, burr hole cover). Instruments intended to facilitate implantation (e.g., driver), or plate fixation implants (i.e., bone screws), may be included with the plate.</gmdnPTDefinition>
        <implantable>true</implantable>
        <gmdnCodeStatus>Active</gmdnCodeStatus>
      </gmdn>
    </gmdnTerms>
    <productCodes>
      <fdaProductCode>
        <productCode>JEY</productCode>
        <productCodeName>Plate, Bone</productCodeName>
      </fdaProductCode>
    </productCodes>
    <deviceSizes>
      <deviceSize>
        <sizeType>Width</sizeType>
        <size value="100" unit="Millimeter" />
        <sizeText xsi:nil="true" />
      </deviceSize>
      <deviceSize>
        <sizeType>Length</sizeType>
        <size value="100" unit="Millimeter" />
        <sizeText xsi:nil="true" />
      </deviceSize>
    </deviceSizes>
    <environmentalConditions />
    <sterilization>
      <deviceSterile>false</deviceSterile>
      <sterilizationPriorToUse>true</sterilizationPriorToUse>
      <methodTypes>
        <sterilizationMethod>Moist Heat or Steam Sterilization</sterilizationMethod>
      </methodTypes>
    </sterilization>
  </device>
  <device xmlns:xsi="http://www.w3.org/2001/XMLSchema-instance" xmlns="http://www.fda.gov/cdrh/gudid">
    <publicDeviceRecordKey>d0f47ee3-c9ee-4899-81ae-606170251726</publicDeviceRecordKey>
    <publicVersionStatus>Update</publicVersionStatus>
    <deviceRecordStatus>Published</deviceRecordStatus>
    <!--Note: publicVersionNumber is system generated and assigned to all device records to track public release updates to a device record-->
    <publicVersionNumber>5</publicVersionNumber>
    <publicVersionDate>2023-09-18</publicVersionDate>
    <devicePublishDate>2017-07-31</devicePublishDate>
    <deviceCommDistributionEndDate xsi:nil="true" />
    <deviceCommDistributionStatus>In Commercial Distribution</deviceCommDistributionStatus>
    <identifiers>
      <identifier>
        <deviceId>M711CR030GP0</deviceId>
        <deviceIdType>Primary</deviceIdType>
        <deviceIdIssuingAgency>HIBCC</deviceIdIssuingAgency>
        <containsDINumber xsi:nil="true" />
        <pkgQuantity xsi:nil="true" />
        <pkgDiscontinueDate xsi:nil="true" />
        <pkgStatus xsi:nil="true" />
        <pkgType xsi:nil="true" />
      </identifier>
    </identifiers>
    <brandName>Neuro &amp; Craniofacial Fixation System</brandName>
    <versionModelNumber>CR030GP</versionModelNumber>
    <catalogNumber xsi:nil="true" />
    <dunsNumber>156567492</dunsNumber>
    <companyName>Innovasis, Inc.</companyName>
    <deviceCount>1</deviceCount>
    <deviceDescription>CP Ti</deviceDescription>
    <DMExempt>true</DMExempt>
    <premarketExempt>false</premarketExempt>
    <deviceHCTP>false</deviceHCTP>
    <deviceKit>false</deviceKit>
    <deviceCombinationProduct>false</deviceCombinationProduct>
    <singleUse>true</singleUse>
    <lotBatch>true</lotBatch>
    <serialNumber>false</serialNumber>
    <manufacturingDate>false</manufacturingDate>
    <expirationDate>false</expirationDate>
    <donationIdNumber>false</donationIdNumber>
    <labeledContainsNRL>false</labeledContainsNRL>
    <labeledNoNRL>false</labeledNoNRL>
    <MRISafetyStatus>Labeling does not contain MRI Safety Information</MRISafetyStatus>
    <rx>true</rx>
    <otc>false</otc>
    <contacts>
      <customerContact>
        <phone>801-261-2236</phone>
        <phoneExtension xsi:nil="true" />
        <email>info@innovasis.com</email>
      </customerContact>
    </contacts>
    <premarketSubmissions>
      <premarketSubmission>
        <submissionNumber>K091679</submissionNumber>
        <supplementNumber>000</supplementNumber>
      </premarketSubmission>
    </premarketSubmissions>
    <gmdnTerms>
      <gmdn>
        <gmdnCode>46267</gmdnCode>
        <gmdnPTName>Cranioplasty plate, alterable</gmdnPTName>
        <gmdnPTDefinition>An implantable shield designed to repair larger skull defects that is preformed before surgery and typically made of sheets of material (e.g., tantalum) that can be reshaped at the time of surgery without changing the physical or chemical properties of the material. The device is generally preformed with a central convex curvature matching the curvature of the forehead, side, or rear areas of the human adult skull; it is usually fixed to the intact cranial bones using screws and/or other fasteners. The device is used to repair defects due to injury, surgical intervention for tumour removal, congenital anomaly, or disease.</gmdnPTDefinition>
        <implantable>true</implantable>
        <gmdnCodeStatus>Active</gmdnCodeStatus>
      </gmdn>
      <gmdn>
        <gmdnCode>46642</gmdnCode>
        <gmdnPTName>Craniofacial fixation plate, non-bioabsorbable, non-customized</gmdnPTName>
        <gmdnPTDefinition>A small, implantable, non-customized sheet of firm material designed to be attached with screws to craniofacial bone (including the maxilla and/or mandible) to bridge and stabilize a fracture gap or craniotomy flap, and/or cover a burr hole. It is made of non-bioabsorbable materials (e.g., surgical steel, titanium alloy) and is available in a variety of designs (e.g., Y-plate, curved plate, mesh-panel, burr hole cover). Instruments intended to facilitate implantation (e.g., driver), or plate fixation implants (i.e., bone screws), may be included with the plate.</gmdnPTDefinition>
        <implantable>true</implantable>
        <gmdnCodeStatus>Active</gmdnCodeStatus>
      </gmdn>
    </gmdnTerms>
    <productCodes>
      <fdaProductCode>
        <productCode>JEY</productCode>
        <productCodeName>Plate, Bone</productCodeName>
      </fdaProductCode>
    </productCodes>
    <deviceSizes>
      <deviceSize>
        <sizeType>Length</sizeType>
        <size value="49" unit="Millimeter" />
        <sizeText xsi:nil="true" />
      </deviceSize>
    </deviceSizes>
    <environmentalConditions />
    <sterilization>
      <deviceSterile>false</deviceSterile>
      <sterilizationPriorToUse>true</sterilizationPriorToUse>
      <methodTypes>
        <sterilizationMethod>Moist Heat or Steam Sterilization</sterilizationMethod>
      </methodTypes>
    </sterilization>
  </device>
  <device xmlns:xsi="http://www.w3.org/2001/XMLSchema-instance" xmlns="http://www.fda.gov/cdrh/gudid">
    <publicDeviceRecordKey>6b0ba39b-13fb-43ff-bbbf-ab2cba7e9b89</publicDeviceRecordKey>
    <publicVersionStatus>Update</publicVersionStatus>
    <deviceRecordStatus>Published</deviceRecordStatus>
    <!--Note: publicVersionNumber is system generated and assigned to all device records to track public release updates to a device record-->
    <publicVersionNumber>5</publicVersionNumber>
    <publicVersionDate>2023-09-18</publicVersionDate>
    <devicePublishDate>2017-07-31</devicePublishDate>
    <deviceCommDistributionEndDate xsi:nil="true" />
    <deviceCommDistributionStatus>In Commercial Distribution</deviceCommDistributionStatus>
    <identifiers>
      <identifier>
        <deviceId>M711CR021BR0</deviceId>
        <deviceIdType>Primary</deviceIdType>
        <deviceIdIssuingAgency>HIBCC</deviceIdIssuingAgency>
        <containsDINumber xsi:nil="true" />
        <pkgQuantity xsi:nil="true" />
        <pkgDiscontinueDate xsi:nil="true" />
        <pkgStatus xsi:nil="true" />
        <pkgType xsi:nil="true" />
      </identifier>
    </identifiers>
    <brandName>Neuro &amp; Craniofacial Fixation System</brandName>
    <versionModelNumber>CR021BR</versionModelNumber>
    <catalogNumber xsi:nil="true" />
    <dunsNumber>156567492</dunsNumber>
    <companyName>Innovasis, Inc.</companyName>
    <deviceCount>1</deviceCount>
    <deviceDescription>CP Ti</deviceDescription>
    <DMExempt>true</DMExempt>
    <premarketExempt>false</premarketExempt>
    <deviceHCTP>false</deviceHCTP>
    <deviceKit>false</deviceKit>
    <deviceCombinationProduct>false</deviceCombinationProduct>
    <singleUse>true</singleUse>
    <lotBatch>true</lotBatch>
    <serialNumber>false</serialNumber>
    <manufacturingDate>false</manufacturingDate>
    <expirationDate>false</expirationDate>
    <donationIdNumber>false</donationIdNumber>
    <labeledContainsNRL>false</labeledContainsNRL>
    <labeledNoNRL>false</labeledNoNRL>
    <MRISafetyStatus>Labeling does not contain MRI Safety Information</MRISafetyStatus>
    <rx>true</rx>
    <otc>false</otc>
    <contacts>
      <customerContact>
        <phone>801-261-2236</phone>
        <phoneExtension xsi:nil="true" />
        <email>info@innovasis.com</email>
      </customerContact>
    </contacts>
    <premarketSubmissions>
      <premarketSubmission>
        <submissionNumber>K091679</submissionNumber>
        <supplementNumber>000</supplementNumber>
      </premarketSubmission>
    </premarketSubmissions>
    <gmdnTerms>
      <gmdn>
        <gmdnCode>46267</gmdnCode>
        <gmdnPTName>Cranioplasty plate, alterable</gmdnPTName>
        <gmdnPTDefinition>An implantable shield designed to repair larger skull defects that is preformed before surgery and typically made of sheets of material (e.g., tantalum) that can be reshaped at the time of surgery without changing the physical or chemical properties of the material. The device is generally preformed with a central convex curvature matching the curvature of the forehead, side, or rear areas of the human adult skull; it is usually fixed to the intact cranial bones using screws and/or other fasteners. The device is used to repair defects due to injury, surgical intervention for tumour removal, congenital anomaly, or disease.</gmdnPTDefinition>
        <implantable>true</implantable>
        <gmdnCodeStatus>Active</gmdnCodeStatus>
      </gmdn>
      <gmdn>
        <gmdnCode>46642</gmdnCode>
        <gmdnPTName>Craniofacial fixation plate, non-bioabsorbable, non-customized</gmdnPTName>
        <gmdnPTDefinition>A small, implantable, non-customized sheet of firm material designed to be attached with screws to craniofacial bone (including the maxilla and/or mandible) to bridge and stabilize a fracture gap or craniotomy flap, and/or cover a burr hole. It is made of non-bioabsorbable materials (e.g., surgical steel, titanium alloy) and is available in a variety of designs (e.g., Y-plate, curved plate, mesh-panel, burr hole cover). Instruments intended to facilitate implantation (e.g., driver), or plate fixation implants (i.e., bone screws), may be included with the plate.</gmdnPTDefinition>
        <implantable>true</implantable>
        <gmdnCodeStatus>Active</gmdnCodeStatus>
      </gmdn>
    </gmdnTerms>
    <productCodes>
      <fdaProductCode>
        <productCode>JEY</productCode>
        <productCodeName>Plate, Bone</productCodeName>
      </fdaProductCode>
    </productCodes>
    <deviceSizes>
      <deviceSize>
        <sizeType>Length</sizeType>
        <size value="22" unit="Millimeter" />
        <sizeText xsi:nil="true" />
      </deviceSize>
    </deviceSizes>
    <environmentalConditions />
    <sterilization>
      <deviceSterile>false</deviceSterile>
      <sterilizationPriorToUse>true</sterilizationPriorToUse>
      <methodTypes>
        <sterilizationMethod>Moist Heat or Steam Sterilization</sterilizationMethod>
      </methodTypes>
    </sterilization>
  </device>
  <device xmlns:xsi="http://www.w3.org/2001/XMLSchema-instance" xmlns="http://www.fda.gov/cdrh/gudid">
    <publicDeviceRecordKey>7a2beb62-5b1f-4dd2-b77e-bcaf7907d67c</publicDeviceRecordKey>
    <publicVersionStatus>Update</publicVersionStatus>
    <deviceRecordStatus>Published</deviceRecordStatus>
    <!--Note: publicVersionNumber is system generated and assigned to all device records to track public release updates to a device record-->
    <publicVersionNumber>5</publicVersionNumber>
    <publicVersionDate>2023-09-18</publicVersionDate>
    <devicePublishDate>2017-07-31</devicePublishDate>
    <deviceCommDistributionEndDate xsi:nil="true" />
    <deviceCommDistributionStatus>In Commercial Distribution</deviceCommDistributionStatus>
    <identifiers>
      <identifier>
        <deviceId>M711CR020GP0</deviceId>
        <deviceIdType>Primary</deviceIdType>
        <deviceIdIssuingAgency>HIBCC</deviceIdIssuingAgency>
        <containsDINumber xsi:nil="true" />
        <pkgQuantity xsi:nil="true" />
        <pkgDiscontinueDate xsi:nil="true" />
        <pkgStatus xsi:nil="true" />
        <pkgType xsi:nil="true" />
      </identifier>
    </identifiers>
    <brandName>Neuro &amp; Craniofacial Fixation System</brandName>
    <versionModelNumber>CR020GP</versionModelNumber>
    <catalogNumber xsi:nil="true" />
    <dunsNumber>156567492</dunsNumber>
    <companyName>Innovasis, Inc.</companyName>
    <deviceCount>1</deviceCount>
    <deviceDescription>CP Ti</deviceDescription>
    <DMExempt>true</DMExempt>
    <premarketExempt>false</premarketExempt>
    <deviceHCTP>false</deviceHCTP>
    <deviceKit>false</deviceKit>
    <deviceCombinationProduct>false</deviceCombinationProduct>
    <singleUse>true</singleUse>
    <lotBatch>true</lotBatch>
    <serialNumber>false</serialNumber>
    <manufacturingDate>false</manufacturingDate>
    <expirationDate>false</expirationDate>
    <donationIdNumber>false</donationIdNumber>
    <labeledContainsNRL>false</labeledContainsNRL>
    <labeledNoNRL>false</labeledNoNRL>
    <MRISafetyStatus>Labeling does not contain MRI Safety Information</MRISafetyStatus>
    <rx>true</rx>
    <otc>false</otc>
    <contacts>
      <customerContact>
        <phone>801-261-2236</phone>
        <phoneExtension xsi:nil="true" />
        <email>info@innovasis.com</email>
      </customerContact>
    </contacts>
    <premarketSubmissions>
      <premarketSubmission>
        <submissionNumber>K091679</submissionNumber>
        <supplementNumber>000</supplementNumber>
      </premarketSubmission>
    </premarketSubmissions>
    <gmdnTerms>
      <gmdn>
        <gmdnCode>46267</gmdnCode>
        <gmdnPTName>Cranioplasty plate, alterable</gmdnPTName>
        <gmdnPTDefinition>An implantable shield designed to repair larger skull defects that is preformed before surgery and typically made of sheets of material (e.g., tantalum) that can be reshaped at the time of surgery without changing the physical or chemical properties of the material. The device is generally preformed with a central convex curvature matching the curvature of the forehead, side, or rear areas of the human adult skull; it is usually fixed to the intact cranial bones using screws and/or other fasteners. The device is used to repair defects due to injury, surgical intervention for tumour removal, congenital anomaly, or disease.</gmdnPTDefinition>
        <implantable>true</implantable>
        <gmdnCodeStatus>Active</gmdnCodeStatus>
      </gmdn>
      <gmdn>
        <gmdnCode>46642</gmdnCode>
        <gmdnPTName>Craniofacial fixation plate, non-bioabsorbable, non-customized</gmdnPTName>
        <gmdnPTDefinition>A small, implantable, non-customized sheet of firm material designed to be attached with screws to craniofacial bone (including the maxilla and/or mandible) to bridge and stabilize a fracture gap or craniotomy flap, and/or cover a burr hole. It is made of non-bioabsorbable materials (e.g., surgical steel, titanium alloy) and is available in a variety of designs (e.g., Y-plate, curved plate, mesh-panel, burr hole cover). Instruments intended to facilitate implantation (e.g., driver), or plate fixation implants (i.e., bone screws), may be included with the plate.</gmdnPTDefinition>
        <implantable>true</implantable>
        <gmdnCodeStatus>Active</gmdnCodeStatus>
      </gmdn>
    </gmdnTerms>
    <productCodes>
      <fdaProductCode>
        <productCode>JEY</productCode>
        <productCodeName>Plate, Bone</productCodeName>
      </fdaProductCode>
    </productCodes>
    <deviceSizes>
      <deviceSize>
        <sizeType>Length</sizeType>
        <size value="39" unit="Millimeter" />
        <sizeText xsi:nil="true" />
      </deviceSize>
    </deviceSizes>
    <environmentalConditions />
    <sterilization>
      <deviceSterile>false</deviceSterile>
      <sterilizationPriorToUse>true</sterilizationPriorToUse>
      <methodTypes>
        <sterilizationMethod>Moist Heat or Steam Sterilization</sterilizationMethod>
      </methodTypes>
    </sterilization>
  </device>
  <device xmlns:xsi="http://www.w3.org/2001/XMLSchema-instance" xmlns="http://www.fda.gov/cdrh/gudid">
    <publicDeviceRecordKey>07d9e133-7737-4f45-a48d-44a53c83f48c</publicDeviceRecordKey>
    <publicVersionStatus>Update</publicVersionStatus>
    <deviceRecordStatus>Published</deviceRecordStatus>
    <!--Note: publicVersionNumber is system generated and assigned to all device records to track public release updates to a device record-->
    <publicVersionNumber>5</publicVersionNumber>
    <publicVersionDate>2023-09-18</publicVersionDate>
    <devicePublishDate>2017-07-31</devicePublishDate>
    <deviceCommDistributionEndDate xsi:nil="true" />
    <deviceCommDistributionStatus>In Commercial Distribution</deviceCommDistributionStatus>
    <identifiers>
      <identifier>
        <deviceId>M711CR020BR0</deviceId>
        <deviceIdType>Primary</deviceIdType>
        <deviceIdIssuingAgency>HIBCC</deviceIdIssuingAgency>
        <containsDINumber xsi:nil="true" />
        <pkgQuantity xsi:nil="true" />
        <pkgDiscontinueDate xsi:nil="true" />
        <pkgStatus xsi:nil="true" />
        <pkgType xsi:nil="true" />
      </identifier>
    </identifiers>
    <brandName>Neuro &amp; Craniofacial Fixation System</brandName>
    <versionModelNumber>CR020BR</versionModelNumber>
    <catalogNumber xsi:nil="true" />
    <dunsNumber>156567492</dunsNumber>
    <companyName>Innovasis, Inc.</companyName>
    <deviceCount>1</deviceCount>
    <deviceDescription>CP Ti</deviceDescription>
    <DMExempt>true</DMExempt>
    <premarketExempt>false</premarketExempt>
    <deviceHCTP>false</deviceHCTP>
    <deviceKit>false</deviceKit>
    <deviceCombinationProduct>false</deviceCombinationProduct>
    <singleUse>true</singleUse>
    <lotBatch>true</lotBatch>
    <serialNumber>false</serialNumber>
    <manufacturingDate>false</manufacturingDate>
    <expirationDate>false</expirationDate>
    <donationIdNumber>false</donationIdNumber>
    <labeledContainsNRL>false</labeledContainsNRL>
    <labeledNoNRL>false</labeledNoNRL>
    <MRISafetyStatus>Labeling does not contain MRI Safety Information</MRISafetyStatus>
    <rx>true</rx>
    <otc>false</otc>
    <contacts>
      <customerContact>
        <phone>801-261-2236</phone>
        <phoneExtension xsi:nil="true" />
        <email>info@innovasis.com</email>
      </customerContact>
    </contacts>
    <premarketSubmissions>
      <premarketSubmission>
        <submissionNumber>K091679</submissionNumber>
        <supplementNumber>000</supplementNumber>
      </premarketSubmission>
    </premarketSubmissions>
    <gmdnTerms>
      <gmdn>
        <gmdnCode>46267</gmdnCode>
        <gmdnPTName>Cranioplasty plate, alterable</gmdnPTName>
        <gmdnPTDefinition>An implantable shield designed to repair larger skull defects that is preformed before surgery and typically made of sheets of material (e.g., tantalum) that can be reshaped at the time of surgery without changing the physical or chemical properties of the material. The device is generally preformed with a central convex curvature matching the curvature of the forehead, side, or rear areas of the human adult skull; it is usually fixed to the intact cranial bones using screws and/or other fasteners. The device is used to repair defects due to injury, surgical intervention for tumour removal, congenital anomaly, or disease.</gmdnPTDefinition>
        <implantable>true</implantable>
        <gmdnCodeStatus>Active</gmdnCodeStatus>
      </gmdn>
      <gmdn>
        <gmdnCode>46642</gmdnCode>
        <gmdnPTName>Craniofacial fixation plate, non-bioabsorbable, non-customized</gmdnPTName>
        <gmdnPTDefinition>A small, implantable, non-customized sheet of firm material designed to be attached with screws to craniofacial bone (including the maxilla and/or mandible) to bridge and stabilize a fracture gap or craniotomy flap, and/or cover a burr hole. It is made of non-bioabsorbable materials (e.g., surgical steel, titanium alloy) and is available in a variety of designs (e.g., Y-plate, curved plate, mesh-panel, burr hole cover). Instruments intended to facilitate implantation (e.g., driver), or plate fixation implants (i.e., bone screws), may be included with the plate.</gmdnPTDefinition>
        <implantable>true</implantable>
        <gmdnCodeStatus>Active</gmdnCodeStatus>
      </gmdn>
    </gmdnTerms>
    <productCodes>
      <fdaProductCode>
        <productCode>JEY</productCode>
        <productCodeName>Plate, Bone</productCodeName>
      </fdaProductCode>
    </productCodes>
    <deviceSizes>
      <deviceSize>
        <sizeType>Length</sizeType>
        <size value="22" unit="Millimeter" />
        <sizeText xsi:nil="true" />
      </deviceSize>
    </deviceSizes>
    <environmentalConditions />
    <sterilization>
      <deviceSterile>false</deviceSterile>
      <sterilizationPriorToUse>true</sterilizationPriorToUse>
      <methodTypes>
        <sterilizationMethod>Moist Heat or Steam Sterilization</sterilizationMethod>
      </methodTypes>
    </sterilization>
  </device>
  <device xmlns:xsi="http://www.w3.org/2001/XMLSchema-instance" xmlns="http://www.fda.gov/cdrh/gudid">
    <publicDeviceRecordKey>3eb21e6a-ce93-4113-a517-c6db67e01b87</publicDeviceRecordKey>
    <publicVersionStatus>Update</publicVersionStatus>
    <deviceRecordStatus>Published</deviceRecordStatus>
    <!--Note: publicVersionNumber is system generated and assigned to all device records to track public release updates to a device record-->
    <publicVersionNumber>5</publicVersionNumber>
    <publicVersionDate>2023-09-18</publicVersionDate>
    <devicePublishDate>2017-07-31</devicePublishDate>
    <deviceCommDistributionEndDate xsi:nil="true" />
    <deviceCommDistributionStatus>In Commercial Distribution</deviceCommDistributionStatus>
    <identifiers>
      <identifier>
        <deviceId>M711CR011BR0</deviceId>
        <deviceIdType>Primary</deviceIdType>
        <deviceIdIssuingAgency>HIBCC</deviceIdIssuingAgency>
        <containsDINumber xsi:nil="true" />
        <pkgQuantity xsi:nil="true" />
        <pkgDiscontinueDate xsi:nil="true" />
        <pkgStatus xsi:nil="true" />
        <pkgType xsi:nil="true" />
      </identifier>
    </identifiers>
    <brandName>Neuro &amp; Craniofacial Fixation System</brandName>
    <versionModelNumber>CR011BR</versionModelNumber>
    <catalogNumber xsi:nil="true" />
    <dunsNumber>156567492</dunsNumber>
    <companyName>Innovasis, Inc.</companyName>
    <deviceCount>1</deviceCount>
    <deviceDescription>CP Ti</deviceDescription>
    <DMExempt>true</DMExempt>
    <premarketExempt>false</premarketExempt>
    <deviceHCTP>false</deviceHCTP>
    <deviceKit>false</deviceKit>
    <deviceCombinationProduct>false</deviceCombinationProduct>
    <singleUse>true</singleUse>
    <lotBatch>true</lotBatch>
    <serialNumber>false</serialNumber>
    <manufacturingDate>false</manufacturingDate>
    <expirationDate>false</expirationDate>
    <donationIdNumber>false</donationIdNumber>
    <labeledContainsNRL>false</labeledContainsNRL>
    <labeledNoNRL>false</labeledNoNRL>
    <MRISafetyStatus>Labeling does not contain MRI Safety Information</MRISafetyStatus>
    <rx>true</rx>
    <otc>false</otc>
    <contacts>
      <customerContact>
        <phone>801-261-2236</phone>
        <phoneExtension xsi:nil="true" />
        <email>info@innovasis.com</email>
      </customerContact>
    </contacts>
    <premarketSubmissions>
      <premarketSubmission>
        <submissionNumber>K091679</submissionNumber>
        <supplementNumber>000</supplementNumber>
      </premarketSubmission>
    </premarketSubmissions>
    <gmdnTerms>
      <gmdn>
        <gmdnCode>46267</gmdnCode>
        <gmdnPTName>Cranioplasty plate, alterable</gmdnPTName>
        <gmdnPTDefinition>An implantable shield designed to repair larger skull defects that is preformed before surgery and typically made of sheets of material (e.g., tantalum) that can be reshaped at the time of surgery without changing the physical or chemical properties of the material. The device is generally preformed with a central convex curvature matching the curvature of the forehead, side, or rear areas of the human adult skull; it is usually fixed to the intact cranial bones using screws and/or other fasteners. The device is used to repair defects due to injury, surgical intervention for tumour removal, congenital anomaly, or disease.</gmdnPTDefinition>
        <implantable>true</implantable>
        <gmdnCodeStatus>Active</gmdnCodeStatus>
      </gmdn>
      <gmdn>
        <gmdnCode>46642</gmdnCode>
        <gmdnPTName>Craniofacial fixation plate, non-bioabsorbable, non-customized</gmdnPTName>
        <gmdnPTDefinition>A small, implantable, non-customized sheet of firm material designed to be attached with screws to craniofacial bone (including the maxilla and/or mandible) to bridge and stabilize a fracture gap or craniotomy flap, and/or cover a burr hole. It is made of non-bioabsorbable materials (e.g., surgical steel, titanium alloy) and is available in a variety of designs (e.g., Y-plate, curved plate, mesh-panel, burr hole cover). Instruments intended to facilitate implantation (e.g., driver), or plate fixation implants (i.e., bone screws), may be included with the plate.</gmdnPTDefinition>
        <implantable>true</implantable>
        <gmdnCodeStatus>Active</gmdnCodeStatus>
      </gmdn>
    </gmdnTerms>
    <productCodes>
      <fdaProductCode>
        <productCode>JEY</productCode>
        <productCodeName>Plate, Bone</productCodeName>
      </fdaProductCode>
    </productCodes>
    <deviceSizes>
      <deviceSize>
        <sizeType>Length</sizeType>
        <size value="15" unit="Millimeter" />
        <sizeText xsi:nil="true" />
      </deviceSize>
    </deviceSizes>
    <environmentalConditions />
    <sterilization>
      <deviceSterile>false</deviceSterile>
      <sterilizationPriorToUse>true</sterilizationPriorToUse>
      <methodTypes>
        <sterilizationMethod>Moist Heat or Steam Sterilization</sterilizationMethod>
      </methodTypes>
    </sterilization>
  </device>
  <device xmlns:xsi="http://www.w3.org/2001/XMLSchema-instance" xmlns="http://www.fda.gov/cdrh/gudid">
    <publicDeviceRecordKey>25896245-b3cc-4f4d-acd5-742b47dd8067</publicDeviceRecordKey>
    <publicVersionStatus>Update</publicVersionStatus>
    <deviceRecordStatus>Published</deviceRecordStatus>
    <!--Note: publicVersionNumber is system generated and assigned to all device records to track public release updates to a device record-->
    <publicVersionNumber>5</publicVersionNumber>
    <publicVersionDate>2023-09-18</publicVersionDate>
    <devicePublishDate>2017-07-31</devicePublishDate>
    <deviceCommDistributionEndDate xsi:nil="true" />
    <deviceCommDistributionStatus>In Commercial Distribution</deviceCommDistributionStatus>
    <identifiers>
      <identifier>
        <deviceId>M711CR010GP0</deviceId>
        <deviceIdType>Primary</deviceIdType>
        <deviceIdIssuingAgency>HIBCC</deviceIdIssuingAgency>
        <containsDINumber xsi:nil="true" />
        <pkgQuantity xsi:nil="true" />
        <pkgDiscontinueDate xsi:nil="true" />
        <pkgStatus xsi:nil="true" />
        <pkgType xsi:nil="true" />
      </identifier>
    </identifiers>
    <brandName>Neuro &amp; Craniofacial Fixation System</brandName>
    <versionModelNumber>CR010GP</versionModelNumber>
    <catalogNumber xsi:nil="true" />
    <dunsNumber>156567492</dunsNumber>
    <companyName>Innovasis, Inc.</companyName>
    <deviceCount>1</deviceCount>
    <deviceDescription>CP Ti</deviceDescription>
    <DMExempt>true</DMExempt>
    <premarketExempt>false</premarketExempt>
    <deviceHCTP>false</deviceHCTP>
    <deviceKit>false</deviceKit>
    <deviceCombinationProduct>false</deviceCombinationProduct>
    <singleUse>true</singleUse>
    <lotBatch>true</lotBatch>
    <serialNumber>false</serialNumber>
    <manufacturingDate>false</manufacturingDate>
    <expirationDate>false</expirationDate>
    <donationIdNumber>false</donationIdNumber>
    <labeledContainsNRL>false</labeledContainsNRL>
    <labeledNoNRL>false</labeledNoNRL>
    <MRISafetyStatus>Labeling does not contain MRI Safety Information</MRISafetyStatus>
    <rx>true</rx>
    <otc>false</otc>
    <contacts>
      <customerContact>
        <phone>801-261-2236</phone>
        <phoneExtension xsi:nil="true" />
        <email>info@innovasis.com</email>
      </customerContact>
    </contacts>
    <premarketSubmissions>
      <premarketSubmission>
        <submissionNumber>K091679</submissionNumber>
        <supplementNumber>000</supplementNumber>
      </premarketSubmission>
    </premarketSubmissions>
    <gmdnTerms>
      <gmdn>
        <gmdnCode>46267</gmdnCode>
        <gmdnPTName>Cranioplasty plate, alterable</gmdnPTName>
        <gmdnPTDefinition>An implantable shield designed to repair larger skull defects that is preformed before surgery and typically made of sheets of material (e.g., tantalum) that can be reshaped at the time of surgery without changing the physical or chemical properties of the material. The device is generally preformed with a central convex curvature matching the curvature of the forehead, side, or rear areas of the human adult skull; it is usually fixed to the intact cranial bones using screws and/or other fasteners. The device is used to repair defects due to injury, surgical intervention for tumour removal, congenital anomaly, or disease.</gmdnPTDefinition>
        <implantable>true</implantable>
        <gmdnCodeStatus>Active</gmdnCodeStatus>
      </gmdn>
      <gmdn>
        <gmdnCode>46642</gmdnCode>
        <gmdnPTName>Craniofacial fixation plate, non-bioabsorbable, non-customized</gmdnPTName>
        <gmdnPTDefinition>A small, implantable, non-customized sheet of firm material designed to be attached with screws to craniofacial bone (including the maxilla and/or mandible) to bridge and stabilize a fracture gap or craniotomy flap, and/or cover a burr hole. It is made of non-bioabsorbable materials (e.g., surgical steel, titanium alloy) and is available in a variety of designs (e.g., Y-plate, curved plate, mesh-panel, burr hole cover). Instruments intended to facilitate implantation (e.g., driver), or plate fixation implants (i.e., bone screws), may be included with the plate.</gmdnPTDefinition>
        <implantable>true</implantable>
        <gmdnCodeStatus>Active</gmdnCodeStatus>
      </gmdn>
    </gmdnTerms>
    <productCodes>
      <fdaProductCode>
        <productCode>JEY</productCode>
        <productCodeName>Plate, Bone</productCodeName>
      </fdaProductCode>
    </productCodes>
    <deviceSizes>
      <deviceSize>
        <sizeType>Length</sizeType>
        <size value="29" unit="Millimeter" />
        <sizeText xsi:nil="true" />
      </deviceSize>
    </deviceSizes>
    <environmentalConditions />
    <sterilization>
      <deviceSterile>false</deviceSterile>
      <sterilizationPriorToUse>true</sterilizationPriorToUse>
      <methodTypes>
        <sterilizationMethod>Moist Heat or Steam Sterilization</sterilizationMethod>
      </methodTypes>
    </sterilization>
  </device>
  <device xmlns:xsi="http://www.w3.org/2001/XMLSchema-instance" xmlns="http://www.fda.gov/cdrh/gudid">
    <publicDeviceRecordKey>3782adc4-a469-4b0c-a51a-64ee1f7961a6</publicDeviceRecordKey>
    <publicVersionStatus>Update</publicVersionStatus>
    <deviceRecordStatus>Published</deviceRecordStatus>
    <!--Note: publicVersionNumber is system generated and assigned to all device records to track public release updates to a device record-->
    <publicVersionNumber>5</publicVersionNumber>
    <publicVersionDate>2023-09-18</publicVersionDate>
    <devicePublishDate>2017-07-31</devicePublishDate>
    <deviceCommDistributionEndDate xsi:nil="true" />
    <deviceCommDistributionStatus>In Commercial Distribution</deviceCommDistributionStatus>
    <identifiers>
      <identifier>
        <deviceId>M711CR010BR0</deviceId>
        <deviceIdType>Primary</deviceIdType>
        <deviceIdIssuingAgency>HIBCC</deviceIdIssuingAgency>
        <containsDINumber xsi:nil="true" />
        <pkgQuantity xsi:nil="true" />
        <pkgDiscontinueDate xsi:nil="true" />
        <pkgStatus xsi:nil="true" />
        <pkgType xsi:nil="true" />
      </identifier>
    </identifiers>
    <brandName>Neuro &amp; Craniofacial Fixation System</brandName>
    <versionModelNumber>CR010BR</versionModelNumber>
    <catalogNumber xsi:nil="true" />
    <dunsNumber>156567492</dunsNumber>
    <companyName>Innovasis, Inc.</companyName>
    <deviceCount>1</deviceCount>
    <deviceDescription>CP Ti</deviceDescription>
    <DMExempt>true</DMExempt>
    <premarketExempt>false</premarketExempt>
    <deviceHCTP>false</deviceHCTP>
    <deviceKit>false</deviceKit>
    <deviceCombinationProduct>false</deviceCombinationProduct>
    <singleUse>true</singleUse>
    <lotBatch>true</lotBatch>
    <serialNumber>false</serialNumber>
    <manufacturingDate>false</manufacturingDate>
    <expirationDate>false</expirationDate>
    <donationIdNumber>false</donationIdNumber>
    <labeledContainsNRL>false</labeledContainsNRL>
    <labeledNoNRL>false</labeledNoNRL>
    <MRISafetyStatus>Labeling does not contain MRI Safety Information</MRISafetyStatus>
    <rx>true</rx>
    <otc>false</otc>
    <contacts>
      <customerContact>
        <phone>801-261-2236</phone>
        <phoneExtension xsi:nil="true" />
        <email>info@innovasis.com</email>
      </customerContact>
    </contacts>
    <premarketSubmissions>
      <premarketSubmission>
        <submissionNumber>K091679</submissionNumber>
        <supplementNumber>000</supplementNumber>
      </premarketSubmission>
    </premarketSubmissions>
    <gmdnTerms>
      <gmdn>
        <gmdnCode>46267</gmdnCode>
        <gmdnPTName>Cranioplasty plate, alterable</gmdnPTName>
        <gmdnPTDefinition>An implantable shield designed to repair larger skull defects that is preformed before surgery and typically made of sheets of material (e.g., tantalum) that can be reshaped at the time of surgery without changing the physical or chemical properties of the material. The device is generally preformed with a central convex curvature matching the curvature of the forehead, side, or rear areas of the human adult skull; it is usually fixed to the intact cranial bones using screws and/or other fasteners. The device is used to repair defects due to injury, surgical intervention for tumour removal, congenital anomaly, or disease.</gmdnPTDefinition>
        <implantable>true</implantable>
        <gmdnCodeStatus>Active</gmdnCodeStatus>
      </gmdn>
      <gmdn>
        <gmdnCode>46642</gmdnCode>
        <gmdnPTName>Craniofacial fixation plate, non-bioabsorbable, non-customized</gmdnPTName>
        <gmdnPTDefinition>A small, implantable, non-customized sheet of firm material designed to be attached with screws to craniofacial bone (including the maxilla and/or mandible) to bridge and stabilize a fracture gap or craniotomy flap, and/or cover a burr hole. It is made of non-bioabsorbable materials (e.g., surgical steel, titanium alloy) and is available in a variety of designs (e.g., Y-plate, curved plate, mesh-panel, burr hole cover). Instruments intended to facilitate implantation (e.g., driver), or plate fixation implants (i.e., bone screws), may be included with the plate.</gmdnPTDefinition>
        <implantable>true</implantable>
        <gmdnCodeStatus>Active</gmdnCodeStatus>
      </gmdn>
    </gmdnTerms>
    <productCodes>
      <fdaProductCode>
        <productCode>JEY</productCode>
        <productCodeName>Plate, Bone</productCodeName>
      </fdaProductCode>
    </productCodes>
    <deviceSizes>
      <deviceSize>
        <sizeType>Length</sizeType>
        <size value="15" unit="Millimeter" />
        <sizeText xsi:nil="true" />
      </deviceSize>
    </deviceSizes>
    <environmentalConditions />
    <sterilization>
      <deviceSterile>false</deviceSterile>
      <sterilizationPriorToUse>true</sterilizationPriorToUse>
      <methodTypes>
        <sterilizationMethod>Moist Heat or Steam Sterilization</sterilizationMethod>
      </methodTypes>
    </sterilization>
  </device>
  <device xmlns:xsi="http://www.w3.org/2001/XMLSchema-instance" xmlns="http://www.fda.gov/cdrh/gudid">
    <publicDeviceRecordKey>0d699f97-207a-4d87-b002-e28bf7be4a38</publicDeviceRecordKey>
    <publicVersionStatus>Update</publicVersionStatus>
    <deviceRecordStatus>Published</deviceRecordStatus>
    <!--Note: publicVersionNumber is system generated and assigned to all device records to track public release updates to a device record-->
    <publicVersionNumber>5</publicVersionNumber>
    <publicVersionDate>2023-09-18</publicVersionDate>
    <devicePublishDate>2017-07-31</devicePublishDate>
    <deviceCommDistributionEndDate xsi:nil="true" />
    <deviceCommDistributionStatus>In Commercial Distribution</deviceCommDistributionStatus>
    <identifiers>
      <identifier>
        <deviceId>M711CR006ST0</deviceId>
        <deviceIdType>Primary</deviceIdType>
        <deviceIdIssuingAgency>HIBCC</deviceIdIssuingAgency>
        <containsDINumber xsi:nil="true" />
        <pkgQuantity xsi:nil="true" />
        <pkgDiscontinueDate xsi:nil="true" />
        <pkgStatus xsi:nil="true" />
        <pkgType xsi:nil="true" />
      </identifier>
    </identifiers>
    <brandName>Neuro &amp; Craniofacial Fixation System</brandName>
    <versionModelNumber>CR006ST</versionModelNumber>
    <catalogNumber xsi:nil="true" />
    <dunsNumber>156567492</dunsNumber>
    <companyName>Innovasis, Inc.</companyName>
    <deviceCount>1</deviceCount>
    <deviceDescription>CP Ti</deviceDescription>
    <DMExempt>true</DMExempt>
    <premarketExempt>false</premarketExempt>
    <deviceHCTP>false</deviceHCTP>
    <deviceKit>false</deviceKit>
    <deviceCombinationProduct>false</deviceCombinationProduct>
    <singleUse>true</singleUse>
    <lotBatch>true</lotBatch>
    <serialNumber>false</serialNumber>
    <manufacturingDate>false</manufacturingDate>
    <expirationDate>false</expirationDate>
    <donationIdNumber>false</donationIdNumber>
    <labeledContainsNRL>false</labeledContainsNRL>
    <labeledNoNRL>false</labeledNoNRL>
    <MRISafetyStatus>Labeling does not contain MRI Safety Information</MRISafetyStatus>
    <rx>true</rx>
    <otc>false</otc>
    <contacts>
      <customerContact>
        <phone>801-261-2236</phone>
        <phoneExtension xsi:nil="true" />
        <email>info@innovasis.com</email>
      </customerContact>
    </contacts>
    <premarketSubmissions>
      <premarketSubmission>
        <submissionNumber>K091679</submissionNumber>
        <supplementNumber>000</supplementNumber>
      </premarketSubmission>
    </premarketSubmissions>
    <gmdnTerms>
      <gmdn>
        <gmdnCode>46267</gmdnCode>
        <gmdnPTName>Cranioplasty plate, alterable</gmdnPTName>
        <gmdnPTDefinition>An implantable shield designed to repair larger skull defects that is preformed before surgery and typically made of sheets of material (e.g., tantalum) that can be reshaped at the time of surgery without changing the physical or chemical properties of the material. The device is generally preformed with a central convex curvature matching the curvature of the forehead, side, or rear areas of the human adult skull; it is usually fixed to the intact cranial bones using screws and/or other fasteners. The device is used to repair defects due to injury, surgical intervention for tumour removal, congenital anomaly, or disease.</gmdnPTDefinition>
        <implantable>true</implantable>
        <gmdnCodeStatus>Active</gmdnCodeStatus>
      </gmdn>
      <gmdn>
        <gmdnCode>46642</gmdnCode>
        <gmdnPTName>Craniofacial fixation plate, non-bioabsorbable, non-customized</gmdnPTName>
        <gmdnPTDefinition>A small, implantable, non-customized sheet of firm material designed to be attached with screws to craniofacial bone (including the maxilla and/or mandible) to bridge and stabilize a fracture gap or craniotomy flap, and/or cover a burr hole. It is made of non-bioabsorbable materials (e.g., surgical steel, titanium alloy) and is available in a variety of designs (e.g., Y-plate, curved plate, mesh-panel, burr hole cover). Instruments intended to facilitate implantation (e.g., driver), or plate fixation implants (i.e., bone screws), may be included with the plate.</gmdnPTDefinition>
        <implantable>true</implantable>
        <gmdnCodeStatus>Active</gmdnCodeStatus>
      </gmdn>
    </gmdnTerms>
    <productCodes>
      <fdaProductCode>
        <productCode>JEY</productCode>
        <productCodeName>Plate, Bone</productCodeName>
      </fdaProductCode>
    </productCodes>
    <deviceSizes>
      <deviceSize>
        <sizeType>Length</sizeType>
        <size value="29" unit="Millimeter" />
        <sizeText xsi:nil="true" />
      </deviceSize>
    </deviceSizes>
    <environmentalConditions />
    <sterilization>
      <deviceSterile>false</deviceSterile>
      <sterilizationPriorToUse>true</sterilizationPriorToUse>
      <methodTypes>
        <sterilizationMethod>Moist Heat or Steam Sterilization</sterilizationMethod>
      </methodTypes>
    </sterilization>
  </device>
  <device xmlns:xsi="http://www.w3.org/2001/XMLSchema-instance" xmlns="http://www.fda.gov/cdrh/gudid">
    <publicDeviceRecordKey>330d8b1c-8d51-4556-a0d8-b3171718ab67</publicDeviceRecordKey>
    <publicVersionStatus>Update</publicVersionStatus>
    <deviceRecordStatus>Published</deviceRecordStatus>
    <!--Note: publicVersionNumber is system generated and assigned to all device records to track public release updates to a device record-->
    <publicVersionNumber>5</publicVersionNumber>
    <publicVersionDate>2023-09-18</publicVersionDate>
    <devicePublishDate>2017-07-31</devicePublishDate>
    <deviceCommDistributionEndDate xsi:nil="true" />
    <deviceCommDistributionStatus>In Commercial Distribution</deviceCommDistributionStatus>
    <identifiers>
      <identifier>
        <deviceId>M711CR006DY0</deviceId>
        <deviceIdType>Primary</deviceIdType>
        <deviceIdIssuingAgency>HIBCC</deviceIdIssuingAgency>
        <containsDINumber xsi:nil="true" />
        <pkgQuantity xsi:nil="true" />
        <pkgDiscontinueDate xsi:nil="true" />
        <pkgStatus xsi:nil="true" />
        <pkgType xsi:nil="true" />
      </identifier>
    </identifiers>
    <brandName>Neuro &amp; Craniofacial Fixation System</brandName>
    <versionModelNumber>CR006DY</versionModelNumber>
    <catalogNumber xsi:nil="true" />
    <dunsNumber>156567492</dunsNumber>
    <companyName>Innovasis, Inc.</companyName>
    <deviceCount>1</deviceCount>
    <deviceDescription>CP Ti</deviceDescription>
    <DMExempt>true</DMExempt>
    <premarketExempt>false</premarketExempt>
    <deviceHCTP>false</deviceHCTP>
    <deviceKit>false</deviceKit>
    <deviceCombinationProduct>false</deviceCombinationProduct>
    <singleUse>true</singleUse>
    <lotBatch>true</lotBatch>
    <serialNumber>false</serialNumber>
    <manufacturingDate>false</manufacturingDate>
    <expirationDate>false</expirationDate>
    <donationIdNumber>false</donationIdNumber>
    <labeledContainsNRL>false</labeledContainsNRL>
    <labeledNoNRL>false</labeledNoNRL>
    <MRISafetyStatus>Labeling does not contain MRI Safety Information</MRISafetyStatus>
    <rx>true</rx>
    <otc>false</otc>
    <contacts>
      <customerContact>
        <phone>801-261-2236</phone>
        <phoneExtension xsi:nil="true" />
        <email>info@innovasis.com</email>
      </customerContact>
    </contacts>
    <premarketSubmissions>
      <premarketSubmission>
        <submissionNumber>K091679</submissionNumber>
        <supplementNumber>000</supplementNumber>
      </premarketSubmission>
    </premarketSubmissions>
    <gmdnTerms>
      <gmdn>
        <gmdnCode>46267</gmdnCode>
        <gmdnPTName>Cranioplasty plate, alterable</gmdnPTName>
        <gmdnPTDefinition>An implantable shield designed to repair larger skull defects that is preformed before surgery and typically made of sheets of material (e.g., tantalum) that can be reshaped at the time of surgery without changing the physical or chemical properties of the material. The device is generally preformed with a central convex curvature matching the curvature of the forehead, side, or rear areas of the human adult skull; it is usually fixed to the intact cranial bones using screws and/or other fasteners. The device is used to repair defects due to injury, surgical intervention for tumour removal, congenital anomaly, or disease.</gmdnPTDefinition>
        <implantable>true</implantable>
        <gmdnCodeStatus>Active</gmdnCodeStatus>
      </gmdn>
      <gmdn>
        <gmdnCode>46642</gmdnCode>
        <gmdnPTName>Craniofacial fixation plate, non-bioabsorbable, non-customized</gmdnPTName>
        <gmdnPTDefinition>A small, implantable, non-customized sheet of firm material designed to be attached with screws to craniofacial bone (including the maxilla and/or mandible) to bridge and stabilize a fracture gap or craniotomy flap, and/or cover a burr hole. It is made of non-bioabsorbable materials (e.g., surgical steel, titanium alloy) and is available in a variety of designs (e.g., Y-plate, curved plate, mesh-panel, burr hole cover). Instruments intended to facilitate implantation (e.g., driver), or plate fixation implants (i.e., bone screws), may be included with the plate.</gmdnPTDefinition>
        <implantable>true</implantable>
        <gmdnCodeStatus>Active</gmdnCodeStatus>
      </gmdn>
    </gmdnTerms>
    <productCodes>
      <fdaProductCode>
        <productCode>JEY</productCode>
        <productCodeName>Plate, Bone</productCodeName>
      </fdaProductCode>
    </productCodes>
    <deviceSizes>
      <deviceSize>
        <sizeType>Length</sizeType>
        <size value="21" unit="Millimeter" />
        <sizeText xsi:nil="true" />
      </deviceSize>
    </deviceSizes>
    <environmentalConditions />
    <sterilization>
      <deviceSterile>false</deviceSterile>
      <sterilizationPriorToUse>true</sterilizationPriorToUse>
      <methodTypes>
        <sterilizationMethod>Moist Heat or Steam Sterilization</sterilizationMethod>
      </methodTypes>
    </sterilization>
  </device>
  <device xmlns:xsi="http://www.w3.org/2001/XMLSchema-instance" xmlns="http://www.fda.gov/cdrh/gudid">
    <publicDeviceRecordKey>2e3b7588-8cfb-40c4-aab9-c582cf0a0fba</publicDeviceRecordKey>
    <publicVersionStatus>Update</publicVersionStatus>
    <deviceRecordStatus>Published</deviceRecordStatus>
    <!--Note: publicVersionNumber is system generated and assigned to all device records to track public release updates to a device record-->
    <publicVersionNumber>5</publicVersionNumber>
    <publicVersionDate>2023-09-18</publicVersionDate>
    <devicePublishDate>2017-07-31</devicePublishDate>
    <deviceCommDistributionEndDate xsi:nil="true" />
    <deviceCommDistributionStatus>In Commercial Distribution</deviceCommDistributionStatus>
    <identifiers>
      <identifier>
        <deviceId>M711CR004ST0</deviceId>
        <deviceIdType>Primary</deviceIdType>
        <deviceIdIssuingAgency>HIBCC</deviceIdIssuingAgency>
        <containsDINumber xsi:nil="true" />
        <pkgQuantity xsi:nil="true" />
        <pkgDiscontinueDate xsi:nil="true" />
        <pkgStatus xsi:nil="true" />
        <pkgType xsi:nil="true" />
      </identifier>
    </identifiers>
    <brandName>Neuro &amp; Craniofacial Fixation System</brandName>
    <versionModelNumber>CR004ST</versionModelNumber>
    <catalogNumber xsi:nil="true" />
    <dunsNumber>156567492</dunsNumber>
    <companyName>Innovasis, Inc.</companyName>
    <deviceCount>1</deviceCount>
    <deviceDescription>CP Ti</deviceDescription>
    <DMExempt>true</DMExempt>
    <premarketExempt>false</premarketExempt>
    <deviceHCTP>false</deviceHCTP>
    <deviceKit>false</deviceKit>
    <deviceCombinationProduct>false</deviceCombinationProduct>
    <singleUse>true</singleUse>
    <lotBatch>true</lotBatch>
    <serialNumber>false</serialNumber>
    <manufacturingDate>false</manufacturingDate>
    <expirationDate>false</expirationDate>
    <donationIdNumber>false</donationIdNumber>
    <labeledContainsNRL>false</labeledContainsNRL>
    <labeledNoNRL>false</labeledNoNRL>
    <MRISafetyStatus>Labeling does not contain MRI Safety Information</MRISafetyStatus>
    <rx>true</rx>
    <otc>false</otc>
    <contacts>
      <customerContact>
        <phone>801-261-2236</phone>
        <phoneExtension xsi:nil="true" />
        <email>info@innovasis.com</email>
      </customerContact>
    </contacts>
    <premarketSubmissions>
      <premarketSubmission>
        <submissionNumber>K091679</submissionNumber>
        <supplementNumber>000</supplementNumber>
      </premarketSubmission>
    </premarketSubmissions>
    <gmdnTerms>
      <gmdn>
        <gmdnCode>46267</gmdnCode>
        <gmdnPTName>Cranioplasty plate, alterable</gmdnPTName>
        <gmdnPTDefinition>An implantable shield designed to repair larger skull defects that is preformed before surgery and typically made of sheets of material (e.g., tantalum) that can be reshaped at the time of surgery without changing the physical or chemical properties of the material. The device is generally preformed with a central convex curvature matching the curvature of the forehead, side, or rear areas of the human adult skull; it is usually fixed to the intact cranial bones using screws and/or other fasteners. The device is used to repair defects due to injury, surgical intervention for tumour removal, congenital anomaly, or disease.</gmdnPTDefinition>
        <implantable>true</implantable>
        <gmdnCodeStatus>Active</gmdnCodeStatus>
      </gmdn>
      <gmdn>
        <gmdnCode>46642</gmdnCode>
        <gmdnPTName>Craniofacial fixation plate, non-bioabsorbable, non-customized</gmdnPTName>
        <gmdnPTDefinition>A small, implantable, non-customized sheet of firm material designed to be attached with screws to craniofacial bone (including the maxilla and/or mandible) to bridge and stabilize a fracture gap or craniotomy flap, and/or cover a burr hole. It is made of non-bioabsorbable materials (e.g., surgical steel, titanium alloy) and is available in a variety of designs (e.g., Y-plate, curved plate, mesh-panel, burr hole cover). Instruments intended to facilitate implantation (e.g., driver), or plate fixation implants (i.e., bone screws), may be included with the plate.</gmdnPTDefinition>
        <implantable>true</implantable>
        <gmdnCodeStatus>Active</gmdnCodeStatus>
      </gmdn>
    </gmdnTerms>
    <productCodes>
      <fdaProductCode>
        <productCode>JEY</productCode>
        <productCodeName>Plate, Bone</productCodeName>
      </fdaProductCode>
    </productCodes>
    <deviceSizes>
      <deviceSize>
        <sizeType>Length</sizeType>
        <size value="19" unit="Millimeter" />
        <sizeText xsi:nil="true" />
      </deviceSize>
    </deviceSizes>
    <environmentalConditions />
    <sterilization>
      <deviceSterile>false</deviceSterile>
      <sterilizationPriorToUse>true</sterilizationPriorToUse>
      <methodTypes>
        <sterilizationMethod>Moist Heat or Steam Sterilization</sterilizationMethod>
      </methodTypes>
    </sterilization>
  </device>
  <device xmlns:xsi="http://www.w3.org/2001/XMLSchema-instance" xmlns="http://www.fda.gov/cdrh/gudid">
    <publicDeviceRecordKey>0ec7d167-8dc6-4cf9-b575-0e54e5fcdd9e</publicDeviceRecordKey>
    <publicVersionStatus>Update</publicVersionStatus>
    <deviceRecordStatus>Published</deviceRecordStatus>
    <!--Note: publicVersionNumber is system generated and assigned to all device records to track public release updates to a device record-->
    <publicVersionNumber>5</publicVersionNumber>
    <publicVersionDate>2023-09-18</publicVersionDate>
    <devicePublishDate>2017-07-31</devicePublishDate>
    <deviceCommDistributionEndDate xsi:nil="true" />
    <deviceCommDistributionStatus>In Commercial Distribution</deviceCommDistributionStatus>
    <identifiers>
      <identifier>
        <deviceId>M711CR004SQ0</deviceId>
        <deviceIdType>Primary</deviceIdType>
        <deviceIdIssuingAgency>HIBCC</deviceIdIssuingAgency>
        <containsDINumber xsi:nil="true" />
        <pkgQuantity xsi:nil="true" />
        <pkgDiscontinueDate xsi:nil="true" />
        <pkgStatus xsi:nil="true" />
        <pkgType xsi:nil="true" />
      </identifier>
    </identifiers>
    <brandName>Neuro &amp; Craniofacial Fixation System</brandName>
    <versionModelNumber>CR004SQ</versionModelNumber>
    <catalogNumber xsi:nil="true" />
    <dunsNumber>156567492</dunsNumber>
    <companyName>Innovasis, Inc.</companyName>
    <deviceCount>1</deviceCount>
    <deviceDescription>CP Ti</deviceDescription>
    <DMExempt>true</DMExempt>
    <premarketExempt>false</premarketExempt>
    <deviceHCTP>false</deviceHCTP>
    <deviceKit>false</deviceKit>
    <deviceCombinationProduct>false</deviceCombinationProduct>
    <singleUse>true</singleUse>
    <lotBatch>true</lotBatch>
    <serialNumber>false</serialNumber>
    <manufacturingDate>false</manufacturingDate>
    <expirationDate>false</expirationDate>
    <donationIdNumber>false</donationIdNumber>
    <labeledContainsNRL>false</labeledContainsNRL>
    <labeledNoNRL>false</labeledNoNRL>
    <MRISafetyStatus>Labeling does not contain MRI Safety Information</MRISafetyStatus>
    <rx>true</rx>
    <otc>false</otc>
    <contacts>
      <customerContact>
        <phone>801-261-2236</phone>
        <phoneExtension xsi:nil="true" />
        <email>info@innovasis.com</email>
      </customerContact>
    </contacts>
    <premarketSubmissions>
      <premarketSubmission>
        <submissionNumber>K091679</submissionNumber>
        <supplementNumber>000</supplementNumber>
      </premarketSubmission>
    </premarketSubmissions>
    <gmdnTerms>
      <gmdn>
        <gmdnCode>46267</gmdnCode>
        <gmdnPTName>Cranioplasty plate, alterable</gmdnPTName>
        <gmdnPTDefinition>An implantable shield designed to repair larger skull defects that is preformed before surgery and typically made of sheets of material (e.g., tantalum) that can be reshaped at the time of surgery without changing the physical or chemical properties of the material. The device is generally preformed with a central convex curvature matching the curvature of the forehead, side, or rear areas of the human adult skull; it is usually fixed to the intact cranial bones using screws and/or other fasteners. The device is used to repair defects due to injury, surgical intervention for tumour removal, congenital anomaly, or disease.</gmdnPTDefinition>
        <implantable>true</implantable>
        <gmdnCodeStatus>Active</gmdnCodeStatus>
      </gmdn>
      <gmdn>
        <gmdnCode>46642</gmdnCode>
        <gmdnPTName>Craniofacial fixation plate, non-bioabsorbable, non-customized</gmdnPTName>
        <gmdnPTDefinition>A small, implantable, non-customized sheet of firm material designed to be attached with screws to craniofacial bone (including the maxilla and/or mandible) to bridge and stabilize a fracture gap or craniotomy flap, and/or cover a burr hole. It is made of non-bioabsorbable materials (e.g., surgical steel, titanium alloy) and is available in a variety of designs (e.g., Y-plate, curved plate, mesh-panel, burr hole cover). Instruments intended to facilitate implantation (e.g., driver), or plate fixation implants (i.e., bone screws), may be included with the plate.</gmdnPTDefinition>
        <implantable>true</implantable>
        <gmdnCodeStatus>Active</gmdnCodeStatus>
      </gmdn>
    </gmdnTerms>
    <productCodes>
      <fdaProductCode>
        <productCode>JEY</productCode>
        <productCodeName>Plate, Bone</productCodeName>
      </fdaProductCode>
    </productCodes>
    <deviceSizes>
      <deviceSize>
        <sizeType>Length</sizeType>
        <size value="12" unit="Millimeter" />
        <sizeText xsi:nil="true" />
      </deviceSize>
    </deviceSizes>
    <environmentalConditions />
    <sterilization>
      <deviceSterile>false</deviceSterile>
      <sterilizationPriorToUse>true</sterilizationPriorToUse>
      <methodTypes>
        <sterilizationMethod>Moist Heat or Steam Sterilization</sterilizationMethod>
      </methodTypes>
    </sterilization>
  </device>
  <device xmlns:xsi="http://www.w3.org/2001/XMLSchema-instance" xmlns="http://www.fda.gov/cdrh/gudid">
    <publicDeviceRecordKey>488d8b75-7c2b-440f-804d-711a5fec92ae</publicDeviceRecordKey>
    <publicVersionStatus>Update</publicVersionStatus>
    <deviceRecordStatus>Published</deviceRecordStatus>
    <!--Note: publicVersionNumber is system generated and assigned to all device records to track public release updates to a device record-->
    <publicVersionNumber>5</publicVersionNumber>
    <publicVersionDate>2023-09-18</publicVersionDate>
    <devicePublishDate>2017-07-31</devicePublishDate>
    <deviceCommDistributionEndDate xsi:nil="true" />
    <deviceCommDistributionStatus>In Commercial Distribution</deviceCommDistributionStatus>
    <identifiers>
      <identifier>
        <deviceId>M711CR002ST0</deviceId>
        <deviceIdType>Primary</deviceIdType>
        <deviceIdIssuingAgency>HIBCC</deviceIdIssuingAgency>
        <containsDINumber xsi:nil="true" />
        <pkgQuantity xsi:nil="true" />
        <pkgDiscontinueDate xsi:nil="true" />
        <pkgStatus xsi:nil="true" />
        <pkgType xsi:nil="true" />
      </identifier>
    </identifiers>
    <brandName>Neuro &amp; Craniofacial Fixation System</brandName>
    <versionModelNumber>CR002ST</versionModelNumber>
    <catalogNumber xsi:nil="true" />
    <dunsNumber>156567492</dunsNumber>
    <companyName>Innovasis, Inc.</companyName>
    <deviceCount>1</deviceCount>
    <deviceDescription>CP Ti</deviceDescription>
    <DMExempt>true</DMExempt>
    <premarketExempt>false</premarketExempt>
    <deviceHCTP>false</deviceHCTP>
    <deviceKit>false</deviceKit>
    <deviceCombinationProduct>false</deviceCombinationProduct>
    <singleUse>true</singleUse>
    <lotBatch>true</lotBatch>
    <serialNumber>false</serialNumber>
    <manufacturingDate>false</manufacturingDate>
    <expirationDate>false</expirationDate>
    <donationIdNumber>false</donationIdNumber>
    <labeledContainsNRL>false</labeledContainsNRL>
    <labeledNoNRL>false</labeledNoNRL>
    <MRISafetyStatus>Labeling does not contain MRI Safety Information</MRISafetyStatus>
    <rx>true</rx>
    <otc>false</otc>
    <contacts>
      <customerContact>
        <phone>801-261-2236</phone>
        <phoneExtension xsi:nil="true" />
        <email>info@innovasis.com</email>
      </customerContact>
    </contacts>
    <premarketSubmissions>
      <premarketSubmission>
        <submissionNumber>K091679</submissionNumber>
        <supplementNumber>000</supplementNumber>
      </premarketSubmission>
    </premarketSubmissions>
    <gmdnTerms>
      <gmdn>
        <gmdnCode>46642</gmdnCode>
        <gmdnPTName>Craniofacial fixation plate, non-bioabsorbable, non-customized</gmdnPTName>
        <gmdnPTDefinition>A small, implantable, non-customized sheet of firm material designed to be attached with screws to craniofacial bone (including the maxilla and/or mandible) to bridge and stabilize a fracture gap or craniotomy flap, and/or cover a burr hole. It is made of non-bioabsorbable materials (e.g., surgical steel, titanium alloy) and is available in a variety of designs (e.g., Y-plate, curved plate, mesh-panel, burr hole cover). Instruments intended to facilitate implantation (e.g., driver), or plate fixation implants (i.e., bone screws), may be included with the plate.</gmdnPTDefinition>
        <implantable>true</implantable>
        <gmdnCodeStatus>Active</gmdnCodeStatus>
      </gmdn>
      <gmdn>
        <gmdnCode>46267</gmdnCode>
        <gmdnPTName>Cranioplasty plate, alterable</gmdnPTName>
        <gmdnPTDefinition>An implantable shield designed to repair larger skull defects that is preformed before surgery and typically made of sheets of material (e.g., tantalum) that can be reshaped at the time of surgery without changing the physical or chemical properties of the material. The device is generally preformed with a central convex curvature matching the curvature of the forehead, side, or rear areas of the human adult skull; it is usually fixed to the intact cranial bones using screws and/or other fasteners. The device is used to repair defects due to injury, surgical intervention for tumour removal, congenital anomaly, or disease.</gmdnPTDefinition>
        <implantable>true</implantable>
        <gmdnCodeStatus>Active</gmdnCodeStatus>
      </gmdn>
    </gmdnTerms>
    <productCodes>
      <fdaProductCode>
        <productCode>JEY</productCode>
        <productCodeName>Plate, Bone</productCodeName>
      </fdaProductCode>
    </productCodes>
    <deviceSizes>
      <deviceSize>
        <sizeType>Length</sizeType>
        <size value="13" unit="Millimeter" />
        <sizeText xsi:nil="true" />
      </deviceSize>
    </deviceSizes>
    <environmentalConditions />
    <sterilization>
      <deviceSterile>false</deviceSterile>
      <sterilizationPriorToUse>true</sterilizationPriorToUse>
      <methodTypes>
        <sterilizationMethod>Moist Heat or Steam Sterilization</sterilizationMethod>
      </methodTypes>
    </sterilization>
  </device>
  <device xmlns:xsi="http://www.w3.org/2001/XMLSchema-instance" xmlns="http://www.fda.gov/cdrh/gudid">
    <publicDeviceRecordKey>513f905f-5ecd-40f4-839e-5a982cd01580</publicDeviceRecordKey>
    <publicVersionStatus>New</publicVersionStatus>
    <deviceRecordStatus>Published</deviceRecordStatus>
    <!--Note: publicVersionNumber is system generated and assigned to all device records to track public release updates to a device record-->
    <publicVersionNumber>1</publicVersionNumber>
    <publicVersionDate>2023-05-29</publicVersionDate>
    <devicePublishDate>2023-05-19</devicePublishDate>
    <deviceCommDistributionEndDate xsi:nil="true" />
    <deviceCommDistributionStatus>In Commercial Distribution</deviceCommDistributionStatus>
    <identifiers>
      <identifier>
        <deviceId>M71004615000</deviceId>
        <deviceIdType>Primary</deviceIdType>
        <deviceIdIssuingAgency>HIBCC</deviceIdIssuingAgency>
        <containsDINumber xsi:nil="true" />
        <pkgQuantity xsi:nil="true" />
        <pkgDiscontinueDate xsi:nil="true" />
        <pkgStatus xsi:nil="true" />
        <pkgType xsi:nil="true" />
      </identifier>
    </identifiers>
    <brandName>The Slide®</brandName>
    <versionModelNumber>046-1500</versionModelNumber>
    <catalogNumber xsi:nil="true" />
    <dunsNumber>969792050</dunsNumber>
    <companyName>BIOTEX, INC.</companyName>
    <deviceCount>1</deviceCount>
    <deviceDescription>Slide Nylon.</deviceDescription>
    <DMExempt>false</DMExempt>
    <premarketExempt>false</premarketExempt>
    <deviceHCTP>false</deviceHCTP>
    <deviceKit>false</deviceKit>
    <deviceCombinationProduct>false</deviceCombinationProduct>
    <singleUse>false</singleUse>
    <lotBatch>true</lotBatch>
    <serialNumber>false</serialNumber>
    <manufacturingDate>true</manufacturingDate>
    <expirationDate>false</expirationDate>
    <donationIdNumber>false</donationIdNumber>
    <labeledContainsNRL>false</labeledContainsNRL>
    <labeledNoNRL>false</labeledNoNRL>
    <MRISafetyStatus>Labeling does not contain MRI Safety Information</MRISafetyStatus>
    <rx>true</rx>
    <otc>false</otc>
    <contacts>
      <customerContact>
        <phone>7137410111</phone>
        <phoneExtension xsi:nil="true" />
        <email>xx@xx.xx</email>
      </customerContact>
    </contacts>
    <premarketSubmissions>
      <premarketSubmission>
        <submissionNumber>K203712</submissionNumber>
        <supplementNumber>000</supplementNumber>
      </premarketSubmission>
    </premarketSubmissions>
    <gmdnTerms>
      <gmdn>
        <gmdnCode>47526</gmdnCode>
        <gmdnPTName>Mandible-repositioning sleep-disordered breathing orthosis</gmdnPTName>
        <gmdnPTDefinition>A removable intraoral device designed to alleviate sleep-disordered breathing conditions (e.g., snoring, obstructive sleep apnoea) by repositioning and/or controlling the lower jaw (mandible), typically in a downward and forward position. It works by locking the mandible (e.g., holding the teeth) and preventing it from retruding, thus increasing the patency of the airway and decreasing both air turbulence and airway obstruction. A number of different fixed (non-adjustable) and adjustable types using several techniques and materials are available. This is a reusable device.</gmdnPTDefinition>
        <implantable>false</implantable>
        <gmdnCodeStatus>Active</gmdnCodeStatus>
      </gmdn>
    </gmdnTerms>
    <productCodes>
      <fdaProductCode>
        <productCode>LQZ</productCode>
        <productCodeName>Device, Jaw Repositioning</productCodeName>
      </fdaProductCode>
      <fdaProductCode>
        <productCode>LRK</productCode>
        <productCodeName>Device, Anti-Snoring</productCodeName>
      </fdaProductCode>
    </productCodes>
    <deviceSizes />
    <environmentalConditions>
      <storageHandling>
        <storageHandlingType>Handling Environment Temperature</storageHandlingType>
        <storageHandlingHigh value="45" unit="Degrees Celsius" />
        <storageHandlingLow value="" unit="Degrees Celsius" />
        <storageHandlingSpecialConditionText xsi:nil="true" />
      </storageHandling>
      <storageHandling>
        <storageHandlingType>Storage Environment Temperature</storageHandlingType>
        <storageHandlingHigh value="45" unit="Degrees Celsius" />
        <storageHandlingLow value="" unit="Degrees Celsius" />
        <storageHandlingSpecialConditionText xsi:nil="true" />
      </storageHandling>
    </environmentalConditions>
    <sterilization>
      <deviceSterile>false</deviceSterile>
      <sterilizationPriorToUse>false</sterilizationPriorToUse>
      <methodTypes />
    </sterilization>
  </device>
  <device xmlns:xsi="http://www.w3.org/2001/XMLSchema-instance" xmlns="http://www.fda.gov/cdrh/gudid">
    <publicDeviceRecordKey>4e9db726-2803-4828-838e-bf62a1737690</publicDeviceRecordKey>
    <publicVersionStatus>New</publicVersionStatus>
    <deviceRecordStatus>Published</deviceRecordStatus>
    <!--Note: publicVersionNumber is system generated and assigned to all device records to track public release updates to a device record-->
    <publicVersionNumber>1</publicVersionNumber>
    <publicVersionDate>2025-03-10</publicVersionDate>
    <devicePublishDate>2025-02-28</devicePublishDate>
    <deviceCommDistributionEndDate xsi:nil="true" />
    <deviceCommDistributionStatus>In Commercial Distribution</deviceCommDistributionStatus>
    <identifiers>
      <identifier>
        <deviceId>M71004614002</deviceId>
        <deviceIdType>Primary</deviceIdType>
        <deviceIdIssuingAgency>HIBCC</deviceIdIssuingAgency>
        <containsDINumber xsi:nil="true" />
        <pkgQuantity xsi:nil="true" />
        <pkgDiscontinueDate xsi:nil="true" />
        <pkgStatus xsi:nil="true" />
        <pkgType xsi:nil="true" />
      </identifier>
      <identifier>
        <deviceId>M71004614000</deviceId>
        <deviceIdType>Unit of Use</deviceIdType>
        <deviceIdIssuingAgency>HIBCC</deviceIdIssuingAgency>
        <containsDINumber xsi:nil="true" />
        <pkgQuantity xsi:nil="true" />
        <pkgDiscontinueDate xsi:nil="true" />
        <pkgStatus xsi:nil="true" />
        <pkgType xsi:nil="true" />
      </identifier>
    </identifiers>
    <brandName>Slide Bite Fork</brandName>
    <versionModelNumber>046-1400</versionModelNumber>
    <catalogNumber>046-1400</catalogNumber>
    <dunsNumber>969792050</dunsNumber>
    <companyName>BIOTEX, INC.</companyName>
    <deviceCount>10</deviceCount>
    <deviceDescription xsi:nil="true" />
    <DMExempt>false</DMExempt>
    <premarketExempt>true</premarketExempt>
    <deviceHCTP>false</deviceHCTP>
    <deviceKit>false</deviceKit>
    <deviceCombinationProduct>false</deviceCombinationProduct>
    <singleUse>true</singleUse>
    <lotBatch>true</lotBatch>
    <serialNumber>false</serialNumber>
    <manufacturingDate>true</manufacturingDate>
    <expirationDate>false</expirationDate>
    <donationIdNumber>false</donationIdNumber>
    <labeledContainsNRL>false</labeledContainsNRL>
    <labeledNoNRL>false</labeledNoNRL>
    <MRISafetyStatus>Labeling does not contain MRI Safety Information</MRISafetyStatus>
    <rx>true</rx>
    <otc>false</otc>
    <contacts>
      <customerContact>
        <phone>7137410111</phone>
        <phoneExtension xsi:nil="true" />
        <email>xx@xx.xx</email>
      </customerContact>
    </contacts>
    <gmdnTerms>
      <gmdn>
        <gmdnCode>16350</gmdnCode>
        <gmdnPTName>Dental impression tray, single-use</gmdnPTName>
        <gmdnPTDefinition>A horseshoe-shaped receptacle made of metal or plastic designed to carry dental impression material to the mouth, to confine the material in opposition to the surfaces to be recorded (e.g., teeth and gums), and to control the impression material while it sets to form an impression. The device is used mainly to facilitate the manufacturing of custom dental prostheses (e.g., dentures). This is a single-use device.</gmdnPTDefinition>
        <implantable>false</implantable>
        <gmdnCodeStatus>Active</gmdnCodeStatus>
      </gmdn>
    </gmdnTerms>
    <productCodes>
      <fdaProductCode>
        <productCode>EHY</productCode>
        <productCodeName>Tray, Impression, Preformed</productCodeName>
      </fdaProductCode>
    </productCodes>
    <deviceSizes />
    <environmentalConditions>
      <storageHandling>
        <storageHandlingType>Handling Environment Temperature</storageHandlingType>
        <storageHandlingHigh value="45" unit="Degrees Celsius" />
        <storageHandlingLow value="" unit="Degrees Celsius" />
        <storageHandlingSpecialConditionText xsi:nil="true" />
      </storageHandling>
      <storageHandling>
        <storageHandlingType>Storage Environment Temperature</storageHandlingType>
        <storageHandlingHigh value="45" unit="Degrees Celsius" />
        <storageHandlingLow value="" unit="Degrees Celsius" />
        <storageHandlingSpecialConditionText xsi:nil="true" />
      </storageHandling>
    </environmentalConditions>
    <sterilization>
      <deviceSterile>false</deviceSterile>
      <sterilizationPriorToUse>false</sterilizationPriorToUse>
      <methodTypes />
    </sterilization>
  </device>
  <device xmlns:xsi="http://www.w3.org/2001/XMLSchema-instance" xmlns="http://www.fda.gov/cdrh/gudid">
    <publicDeviceRecordKey>81a51c63-29cb-4763-af6d-6c9ad677bf66</publicDeviceRecordKey>
    <publicVersionStatus>Update</publicVersionStatus>
    <deviceRecordStatus>Published</deviceRecordStatus>
    <!--Note: publicVersionNumber is system generated and assigned to all device records to track public release updates to a device record-->
    <publicVersionNumber>3</publicVersionNumber>
    <publicVersionDate>2023-05-08</publicVersionDate>
    <devicePublishDate>2021-09-01</devicePublishDate>
    <deviceCommDistributionEndDate xsi:nil="true" />
    <deviceCommDistributionStatus>In Commercial Distribution</deviceCommDistributionStatus>
    <identifiers>
      <identifier>
        <deviceId>M71004610000</deviceId>
        <deviceIdType>Primary</deviceIdType>
        <deviceIdIssuingAgency>HIBCC</deviceIdIssuingAgency>
        <containsDINumber xsi:nil="true" />
        <pkgQuantity xsi:nil="true" />
        <pkgDiscontinueDate xsi:nil="true" />
        <pkgStatus xsi:nil="true" />
        <pkgType xsi:nil="true" />
      </identifier>
    </identifiers>
    <brandName>The Slide®</brandName>
    <versionModelNumber>046-1000</versionModelNumber>
    <catalogNumber xsi:nil="true" />
    <dunsNumber>969792050</dunsNumber>
    <companyName>BIOTEX, INC.</companyName>
    <deviceCount>1</deviceCount>
    <deviceDescription>Slide Acrylic.</deviceDescription>
    <DMExempt>false</DMExempt>
    <premarketExempt>false</premarketExempt>
    <deviceHCTP>false</deviceHCTP>
    <deviceKit>false</deviceKit>
    <deviceCombinationProduct>false</deviceCombinationProduct>
    <singleUse>false</singleUse>
    <lotBatch>true</lotBatch>
    <serialNumber>false</serialNumber>
    <manufacturingDate>true</manufacturingDate>
    <expirationDate>false</expirationDate>
    <donationIdNumber>false</donationIdNumber>
    <labeledContainsNRL>false</labeledContainsNRL>
    <labeledNoNRL>false</labeledNoNRL>
    <MRISafetyStatus>Labeling does not contain MRI Safety Information</MRISafetyStatus>
    <rx>true</rx>
    <otc>false</otc>
    <contacts>
      <customerContact>
        <phone>7137410111</phone>
        <phoneExtension xsi:nil="true" />
        <email>xx@xx.xx</email>
      </customerContact>
    </contacts>
    <premarketSubmissions>
      <premarketSubmission>
        <submissionNumber>K203712</submissionNumber>
        <supplementNumber>000</supplementNumber>
      </premarketSubmission>
    </premarketSubmissions>
    <gmdnTerms>
      <gmdn>
        <gmdnCode>47526</gmdnCode>
        <gmdnPTName>Mandible-repositioning sleep-disordered breathing orthosis</gmdnPTName>
        <gmdnPTDefinition>A removable intraoral device designed to alleviate sleep-disordered breathing conditions (e.g., snoring, obstructive sleep apnoea) by repositioning and/or controlling the lower jaw (mandible), typically in a downward and forward position. It works by locking the mandible (e.g., holding the teeth) and preventing it from retruding, thus increasing the patency of the airway and decreasing both air turbulence and airway obstruction. A number of different fixed (non-adjustable) and adjustable types using several techniques and materials are available. This is a reusable device.</gmdnPTDefinition>
        <implantable>false</implantable>
        <gmdnCodeStatus>Active</gmdnCodeStatus>
      </gmdn>
    </gmdnTerms>
    <productCodes>
      <fdaProductCode>
        <productCode>LQZ</productCode>
        <productCodeName>Device, Jaw Repositioning</productCodeName>
      </fdaProductCode>
      <fdaProductCode>
        <productCode>LRK</productCode>
        <productCodeName>Device, Anti-Snoring</productCodeName>
      </fdaProductCode>
    </productCodes>
    <deviceSizes />
    <environmentalConditions>
      <storageHandling>
        <storageHandlingType>Handling Environment Temperature</storageHandlingType>
        <storageHandlingHigh value="45" unit="Degrees Celsius" />
        <storageHandlingLow value="" unit="Degrees Celsius" />
        <storageHandlingSpecialConditionText xsi:nil="true" />
      </storageHandling>
      <storageHandling>
        <storageHandlingType>Storage Environment Temperature</storageHandlingType>
        <storageHandlingHigh value="45" unit="Degrees Celsius" />
        <storageHandlingLow value="" unit="Degrees Celsius" />
        <storageHandlingSpecialConditionText xsi:nil="true" />
      </storageHandling>
    </environmentalConditions>
    <sterilization>
      <deviceSterile>false</deviceSterile>
      <sterilizationPriorToUse>false</sterilizationPriorToUse>
      <methodTypes />
    </sterilization>
  </device>
</devices>