﻿<?xml version="1.0" encoding="UTF-8"?>
<devices>
  <device xmlns:xsi="http://www.w3.org/2001/XMLSchema-instance" xmlns="http://www.fda.gov/cdrh/gudid">
    <publicDeviceRecordKey>4a2d1799-3aa2-4033-842d-81e6b797239e</publicDeviceRecordKey>
    <publicVersionStatus>New</publicVersionStatus>
    <deviceRecordStatus>Published</deviceRecordStatus>
    <!--Note: publicVersionNumber is system generated and assigned to all device records to track public release updates to a device record-->
    <publicVersionNumber>1</publicVersionNumber>
    <publicVersionDate>2020-10-02</publicVersionDate>
    <devicePublishDate>2020-09-24</devicePublishDate>
    <deviceCommDistributionEndDate xsi:nil="true" />
    <deviceCommDistributionStatus>In Commercial Distribution</deviceCommDistributionStatus>
    <identifiers>
      <identifier>
        <deviceId>20885632147422</deviceId>
        <deviceIdType>Package</deviceIdType>
        <deviceIdIssuingAgency>GS1</deviceIdIssuingAgency>
        <containsDINumber>10885632147425</containsDINumber>
        <pkgQuantity>8</pkgQuantity>
        <pkgDiscontinueDate xsi:nil="true" />
        <pkgStatus>In Commercial Distribution</pkgStatus>
        <pkgType xsi:nil="true" />
      </identifier>
      <identifier>
        <deviceId>10885632147425</deviceId>
        <deviceIdType>Primary</deviceIdType>
        <deviceIdIssuingAgency>GS1</deviceIdIssuingAgency>
        <containsDINumber xsi:nil="true" />
        <pkgQuantity xsi:nil="true" />
        <pkgDiscontinueDate xsi:nil="true" />
        <pkgStatus xsi:nil="true" />
        <pkgType xsi:nil="true" />
      </identifier>
    </identifiers>
    <brandName>MediChoice</brandName>
    <versionModelNumber>ADKT204</versionModelNumber>
    <catalogNumber xsi:nil="true" />
    <dunsNumber>007941230</dunsNumber>
    <companyName>OWENS &amp; MINOR DISTRIBUTION, INC.</companyName>
    <deviceCount>1</deviceCount>
    <deviceDescription>Admissions Kit Custom For Southern Kentucky Rehab Hospital Wash Basin Denture Cup Mouthwash Shampoo Facial Tissue Toothbrush Toothpaste Tumbler Washcloths Gait Belt Hand Lotion Deodorant MediChoice
</deviceDescription>
    <DMExempt>false</DMExempt>
    <premarketExempt>true</premarketExempt>
    <deviceHCTP>false</deviceHCTP>
    <deviceKit>false</deviceKit>
    <deviceCombinationProduct>false</deviceCombinationProduct>
    <singleUse>true</singleUse>
    <lotBatch>true</lotBatch>
    <serialNumber>false</serialNumber>
    <manufacturingDate>false</manufacturingDate>
    <expirationDate>true</expirationDate>
    <donationIdNumber>false</donationIdNumber>
    <labeledContainsNRL>false</labeledContainsNRL>
    <labeledNoNRL>true</labeledNoNRL>
    <MRISafetyStatus>Labeling does not contain MRI Safety Information</MRISafetyStatus>
    <rx>false</rx>
    <otc>false</otc>
    <contacts />
    <gmdnTerms>
      <gmdn>
        <gmdnPTName>Personal care kit</gmdnPTName>
        <gmdnPTDefinition>A collection of devices intended to be used by a patient for personal care needs during a stay in a healthcare institution. It typically contains items such as gown, slippers, cap, hair comb and toothbrush in a storage bag, and may also contain additional personal care products e.g., toothpaste, lotion and deodorant. This is a single-use device.</gmdnPTDefinition>
      </gmdn>
    </gmdnTerms>
    <productCodes>
      <fdaProductCode>
        <productCode>NSB</productCode>
        <productCodeName>Patient personal hygiene kit</productCodeName>
      </fdaProductCode>
    </productCodes>
    <deviceSizes />
    <environmentalConditions>
      <storageHandling>
        <storageHandlingType>Special Storage Condition, Specify</storageHandlingType>
        <storageHandlingHigh value="" unit="" />
        <storageHandlingLow value="" unit="" />
        <storageHandlingSpecialConditionText xsi:nil="true" />
      </storageHandling>
      <storageHandling>
        <storageHandlingType>Special Storage Condition, Specify</storageHandlingType>
        <storageHandlingHigh value="" unit="" />
        <storageHandlingLow value="" unit="" />
        <storageHandlingSpecialConditionText>Avoid Freezing and Excessive Heat</storageHandlingSpecialConditionText>
      </storageHandling>
      <storageHandling>
        <storageHandlingType>Handling Environment Temperature</storageHandlingType>
        <storageHandlingHigh value="40" unit="Degrees Celsius" />
        <storageHandlingLow value="0" unit="Degrees Celsius" />
        <storageHandlingSpecialConditionText xsi:nil="true" />
      </storageHandling>
    </environmentalConditions>
    <sterilization>
      <deviceSterile>false</deviceSterile>
      <sterilizationPriorToUse>false</sterilizationPriorToUse>
      <methodTypes />
    </sterilization>
  </device>
  <device xmlns:xsi="http://www.w3.org/2001/XMLSchema-instance" xmlns="http://www.fda.gov/cdrh/gudid">
    <publicDeviceRecordKey>826152d7-9a55-4309-a123-ed963c9c63e7</publicDeviceRecordKey>
    <publicVersionStatus>New</publicVersionStatus>
    <deviceRecordStatus>Published</deviceRecordStatus>
    <!--Note: publicVersionNumber is system generated and assigned to all device records to track public release updates to a device record-->
    <publicVersionNumber>1</publicVersionNumber>
    <publicVersionDate>2020-10-02</publicVersionDate>
    <devicePublishDate>2020-09-24</devicePublishDate>
    <deviceCommDistributionEndDate xsi:nil="true" />
    <deviceCommDistributionStatus>In Commercial Distribution</deviceCommDistributionStatus>
    <identifiers>
      <identifier>
        <deviceId>20885632146593</deviceId>
        <deviceIdType>Package</deviceIdType>
        <deviceIdIssuingAgency>GS1</deviceIdIssuingAgency>
        <containsDINumber>10885632146596</containsDINumber>
        <pkgQuantity>10</pkgQuantity>
        <pkgDiscontinueDate xsi:nil="true" />
        <pkgStatus>In Commercial Distribution</pkgStatus>
        <pkgType xsi:nil="true" />
      </identifier>
      <identifier>
        <deviceId>10885632146596</deviceId>
        <deviceIdType>Primary</deviceIdType>
        <deviceIdIssuingAgency>GS1</deviceIdIssuingAgency>
        <containsDINumber xsi:nil="true" />
        <pkgQuantity xsi:nil="true" />
        <pkgDiscontinueDate xsi:nil="true" />
        <pkgStatus xsi:nil="true" />
        <pkgType xsi:nil="true" />
      </identifier>
    </identifiers>
    <brandName>MediChoice</brandName>
    <versionModelNumber>ADKT203</versionModelNumber>
    <catalogNumber xsi:nil="true" />
    <dunsNumber>007941230</dunsNumber>
    <companyName>OWENS &amp; MINOR DISTRIBUTION, INC.</companyName>
    <deviceCount>1</deviceCount>
    <deviceDescription>Admission Kit Patient Comfort Mug Shampoo Patient Belonging Bag Tissues Toothbrush Tape Measure And Slippers MediChoice</deviceDescription>
    <DMExempt>false</DMExempt>
    <premarketExempt>true</premarketExempt>
    <deviceHCTP>false</deviceHCTP>
    <deviceKit>false</deviceKit>
    <deviceCombinationProduct>false</deviceCombinationProduct>
    <singleUse>true</singleUse>
    <lotBatch>true</lotBatch>
    <serialNumber>false</serialNumber>
    <manufacturingDate>false</manufacturingDate>
    <expirationDate>true</expirationDate>
    <donationIdNumber>false</donationIdNumber>
    <labeledContainsNRL>false</labeledContainsNRL>
    <labeledNoNRL>true</labeledNoNRL>
    <MRISafetyStatus>Labeling does not contain MRI Safety Information</MRISafetyStatus>
    <rx>false</rx>
    <otc>true</otc>
    <contacts />
    <gmdnTerms>
      <gmdn>
        <gmdnPTName>Personal care kit</gmdnPTName>
        <gmdnPTDefinition>A collection of devices intended to be used by a patient for personal care needs during a stay in a healthcare institution. It typically contains items such as gown, slippers, cap, hair comb and toothbrush in a storage bag, and may also contain additional personal care products e.g., toothpaste, lotion and deodorant. This is a single-use device.</gmdnPTDefinition>
      </gmdn>
    </gmdnTerms>
    <productCodes>
      <fdaProductCode>
        <productCode>NSB</productCode>
        <productCodeName>Patient personal hygiene kit</productCodeName>
      </fdaProductCode>
    </productCodes>
    <deviceSizes />
    <environmentalConditions>
      <storageHandling>
        <storageHandlingType>Special Storage Condition, Specify</storageHandlingType>
        <storageHandlingHigh value="" unit="" />
        <storageHandlingLow value="" unit="" />
        <storageHandlingSpecialConditionText>Avoid Freezing and Excessive Heat </storageHandlingSpecialConditionText>
      </storageHandling>
      <storageHandling>
        <storageHandlingType>Special Storage Condition, Specify</storageHandlingType>
        <storageHandlingHigh value="" unit="" />
        <storageHandlingLow value="" unit="" />
        <storageHandlingSpecialConditionText xsi:nil="true" />
      </storageHandling>
      <storageHandling>
        <storageHandlingType>Handling Environment Temperature</storageHandlingType>
        <storageHandlingHigh value="40" unit="Degrees Celsius" />
        <storageHandlingLow value="0" unit="Degrees Celsius" />
        <storageHandlingSpecialConditionText xsi:nil="true" />
      </storageHandling>
    </environmentalConditions>
    <sterilization>
      <deviceSterile>false</deviceSterile>
      <sterilizationPriorToUse>false</sterilizationPriorToUse>
      <methodTypes />
    </sterilization>
  </device>
</devices>