﻿<?xml version="1.0" encoding="UTF-8"?>
<devices>
  <device xmlns:xsi="http://www.w3.org/2001/XMLSchema-instance" xmlns="http://www.fda.gov/cdrh/gudid">
    <publicDeviceRecordKey>1c1d6b08-c4be-4afe-a950-0fa731a9d2c3</publicDeviceRecordKey>
    <publicVersionStatus>Update</publicVersionStatus>
    <deviceRecordStatus>Published</deviceRecordStatus>
    <!--Note: publicVersionNumber is system generated and assigned to all device records to track public release updates to a device record-->
    <publicVersionNumber>3</publicVersionNumber>
    <publicVersionDate>2019-08-21</publicVersionDate>
    <devicePublishDate>2018-11-28</devicePublishDate>
    <deviceCommDistributionEndDate xsi:nil="true" />
    <deviceCommDistributionStatus>In Commercial Distribution</deviceCommDistributionStatus>
    <identifiers>
      <identifier>
        <deviceId>00612479142572</deviceId>
        <deviceIdType>Primary</deviceIdType>
        <deviceIdIssuingAgency>GS1</deviceIdIssuingAgency>
        <containsDINumber xsi:nil="true" />
        <pkgQuantity xsi:nil="true" />
        <pkgDiscontinueDate xsi:nil="true" />
        <pkgStatus xsi:nil="true" />
        <pkgType xsi:nil="true" />
      </identifier>
    </identifiers>
    <brandName>McKesson</brandName>
    <versionModelNumber>43-1-771</versionModelNumber>
    <catalogNumber xsi:nil="true" />
    <dunsNumber>023904428</dunsNumber>
    <companyName>MCKESSON MEDICAL-SURGICAL INC.</companyName>
    <deviceCount>1</deviceCount>
    <deviceDescription>Forceps, Adson Dressing Basic SERRATED 4.75"
</deviceDescription>
    <DMExempt>false</DMExempt>
    <premarketExempt>true</premarketExempt>
    <deviceHCTP>false</deviceHCTP>
    <deviceKit>false</deviceKit>
    <deviceCombinationProduct>false</deviceCombinationProduct>
    <singleUse>false</singleUse>
    <lotBatch>true</lotBatch>
    <serialNumber>false</serialNumber>
    <manufacturingDate>false</manufacturingDate>
    <expirationDate>false</expirationDate>
    <donationIdNumber>false</donationIdNumber>
    <labeledContainsNRL>false</labeledContainsNRL>
    <labeledNoNRL>true</labeledNoNRL>
    <MRISafetyStatus>Labeling does not contain MRI Safety Information</MRISafetyStatus>
    <rx>true</rx>
    <otc>false</otc>
    <contacts />
    <gmdnTerms>
      <gmdn>
        <gmdnPTName>Surgical soft-tissue manipulation forceps, tweezers-like, reusable</gmdnPTName>
        <gmdnPTDefinition>A hand-held, manual, open-surgery instrument designed to facilitate grasping and manipulation of soft-tissues. It has a tweezers-like design (may be a micro/fine instrument) with variously designed tips at the working end, whereby the blades are designed to be opened/closed by squeezing between the fingers (i.e., without ring handles). It is made of high-grade stainless steel, available in various sizes, and may have carbide inserts at the working end. It is not an electrosurgical device and not dedicated to ophthalmic surgery. This is a reusable device intended to be sterilized prior to use.</gmdnPTDefinition>
      </gmdn>
    </gmdnTerms>
    <productCodes>
      <fdaProductCode>
        <productCode>EFL</productCode>
        <productCodeName>Forceps, Dressing, Dental</productCodeName>
      </fdaProductCode>
    </productCodes>
    <deviceSizes />
    <environmentalConditions />
    <sterilization>
      <deviceSterile>false</deviceSterile>
      <sterilizationPriorToUse>true</sterilizationPriorToUse>
      <methodTypes>
        <sterilizationMethod>Moist Heat or Steam Sterilization</sterilizationMethod>
      </methodTypes>
    </sterilization>
  </device>
  <device xmlns:xsi="http://www.w3.org/2001/XMLSchema-instance" xmlns="http://www.fda.gov/cdrh/gudid">
    <publicDeviceRecordKey>00f4a860-fb66-4ed8-98b2-c99a8a777115</publicDeviceRecordKey>
    <publicVersionStatus>New</publicVersionStatus>
    <deviceRecordStatus>Published</deviceRecordStatus>
    <!--Note: publicVersionNumber is system generated and assigned to all device records to track public release updates to a device record-->
    <publicVersionNumber>1</publicVersionNumber>
    <publicVersionDate>2020-07-10</publicVersionDate>
    <devicePublishDate>2020-07-02</devicePublishDate>
    <deviceCommDistributionEndDate xsi:nil="true" />
    <deviceCommDistributionStatus>In Commercial Distribution</deviceCommDistributionStatus>
    <identifiers>
      <identifier>
        <deviceId>10609038997916</deviceId>
        <deviceIdType>Package</deviceIdType>
        <deviceIdIssuingAgency>GS1</deviceIdIssuingAgency>
        <containsDINumber>00609038997919</containsDINumber>
        <pkgQuantity>10</pkgQuantity>
        <pkgDiscontinueDate xsi:nil="true" />
        <pkgStatus>In Commercial Distribution</pkgStatus>
        <pkgType>DSP</pkgType>
      </identifier>
      <identifier>
        <deviceId>00609038997919</deviceId>
        <deviceIdType>Primary</deviceIdType>
        <deviceIdIssuingAgency>GS1</deviceIdIssuingAgency>
        <containsDINumber xsi:nil="true" />
        <pkgQuantity xsi:nil="true" />
        <pkgDiscontinueDate xsi:nil="true" />
        <pkgStatus xsi:nil="true" />
        <pkgType xsi:nil="true" />
      </identifier>
      <identifier>
        <deviceId>20609038997913</deviceId>
        <deviceIdType>Package</deviceIdType>
        <deviceIdIssuingAgency>GS1</deviceIdIssuingAgency>
        <containsDINumber>10609038997916</containsDINumber>
        <pkgQuantity>4</pkgQuantity>
        <pkgDiscontinueDate xsi:nil="true" />
        <pkgStatus>In Commercial Distribution</pkgStatus>
        <pkgType>CS</pkgType>
      </identifier>
    </identifiers>
    <brandName>AVANOS</brandName>
    <versionModelNumber>99791</versionModelNumber>
    <catalogNumber>99791</catalogNumber>
    <dunsNumber>079375431</dunsNumber>
    <companyName>Avanos Medical, Inc.</companyName>
    <deviceCount>1</deviceCount>
    <deviceDescription>BALLARD* Toothbrush Pack with CPC</deviceDescription>
    <DMExempt>false</DMExempt>
    <premarketExempt>true</premarketExempt>
    <deviceHCTP>false</deviceHCTP>
    <deviceKit>false</deviceKit>
    <deviceCombinationProduct>false</deviceCombinationProduct>
    <singleUse>true</singleUse>
    <lotBatch>true</lotBatch>
    <serialNumber>false</serialNumber>
    <manufacturingDate>false</manufacturingDate>
    <expirationDate>true</expirationDate>
    <donationIdNumber>false</donationIdNumber>
    <labeledContainsNRL>false</labeledContainsNRL>
    <labeledNoNRL>true</labeledNoNRL>
    <MRISafetyStatus>Labeling does not contain MRI Safety Information</MRISafetyStatus>
    <rx>false</rx>
    <otc>false</otc>
    <contacts>
      <customerContact>
        <phone>+1(844)428-2667</phone>
        <phoneExtension xsi:nil="true" />
        <email>PIQ@AVANOS.COM</email>
      </customerContact>
    </contacts>
    <gmdnTerms>
      <gmdn>
        <gmdnPTName>Oral care kit, single-use</gmdnPTName>
        <gmdnPTDefinition>A collection of various devices and supplies used for a patient's oral hygiene. It typically includes an antiseptic applicator swab, a pre-treated toothbrush, mouth swabs, and a mouthwash/oral moisturizer. Its use will improve the physical condition of the oral cavity and may help reduce the incidence of patient infection. It is typically applied by nursing staff in hospitals and institutions, or attendants in home care settings. This is a single-use device.</gmdnPTDefinition>
      </gmdn>
    </gmdnTerms>
    <productCodes>
      <fdaProductCode>
        <productCode>EFW</productCode>
        <productCodeName>TOOTHBRUSH, MANUAL</productCodeName>
      </fdaProductCode>
    </productCodes>
    <deviceSizes />
    <environmentalConditions />
    <sterilization>
      <deviceSterile>false</deviceSterile>
      <sterilizationPriorToUse>false</sterilizationPriorToUse>
      <methodTypes />
    </sterilization>
  </device>
  <device xmlns:xsi="http://www.w3.org/2001/XMLSchema-instance" xmlns="http://www.fda.gov/cdrh/gudid">
    <publicDeviceRecordKey>bb37e8d5-5432-4655-a9aa-ca9b425169af</publicDeviceRecordKey>
    <publicVersionStatus>New</publicVersionStatus>
    <deviceRecordStatus>Published</deviceRecordStatus>
    <!--Note: publicVersionNumber is system generated and assigned to all device records to track public release updates to a device record-->
    <publicVersionNumber>1</publicVersionNumber>
    <publicVersionDate>2020-06-17</publicVersionDate>
    <devicePublishDate>2020-06-09</devicePublishDate>
    <deviceCommDistributionEndDate xsi:nil="true" />
    <deviceCommDistributionStatus>In Commercial Distribution</deviceCommDistributionStatus>
    <identifiers>
      <identifier>
        <deviceId>10609038968961</deviceId>
        <deviceIdType>Package</deviceIdType>
        <deviceIdIssuingAgency>GS1</deviceIdIssuingAgency>
        <containsDINumber>00609038968964</containsDINumber>
        <pkgQuantity>25</pkgQuantity>
        <pkgDiscontinueDate xsi:nil="true" />
        <pkgStatus>In Commercial Distribution</pkgStatus>
        <pkgType>CS</pkgType>
      </identifier>
      <identifier>
        <deviceId>00609038968964</deviceId>
        <deviceIdType>Primary</deviceIdType>
        <deviceIdIssuingAgency>GS1</deviceIdIssuingAgency>
        <containsDINumber xsi:nil="true" />
        <pkgQuantity xsi:nil="true" />
        <pkgDiscontinueDate xsi:nil="true" />
        <pkgStatus xsi:nil="true" />
        <pkgType xsi:nil="true" />
      </identifier>
    </identifiers>
    <brandName>AVANOS</brandName>
    <versionModelNumber>96896</versionModelNumber>
    <catalogNumber>12602</catalogNumber>
    <dunsNumber>079375431</dunsNumber>
    <companyName>Avanos Medical, Inc.</companyName>
    <deviceCount>1</deviceCount>
    <deviceDescription>BALLARD* Suction Toothbrush</deviceDescription>
    <DMExempt>false</DMExempt>
    <premarketExempt>true</premarketExempt>
    <deviceHCTP>false</deviceHCTP>
    <deviceKit>false</deviceKit>
    <deviceCombinationProduct>false</deviceCombinationProduct>
    <singleUse>true</singleUse>
    <lotBatch>true</lotBatch>
    <serialNumber>false</serialNumber>
    <manufacturingDate>true</manufacturingDate>
    <expirationDate>false</expirationDate>
    <donationIdNumber>false</donationIdNumber>
    <labeledContainsNRL>false</labeledContainsNRL>
    <labeledNoNRL>false</labeledNoNRL>
    <MRISafetyStatus>Labeling does not contain MRI Safety Information</MRISafetyStatus>
    <rx>false</rx>
    <otc>false</otc>
    <contacts>
      <customerContact>
        <phone>+1(844)428-2667</phone>
        <phoneExtension xsi:nil="true" />
        <email>PIQ@AVANOS.COM</email>
      </customerContact>
    </contacts>
    <gmdnTerms>
      <gmdn>
        <gmdnPTName>Oral care kit, single-use</gmdnPTName>
        <gmdnPTDefinition>A collection of various devices and supplies used for a patient's oral hygiene. It typically includes an antiseptic applicator swab, a pre-treated toothbrush, mouth swabs, and a mouthwash/oral moisturizer. Its use will improve the physical condition of the oral cavity and may help reduce the incidence of patient infection. It is typically applied by nursing staff in hospitals and institutions, or attendants in home care settings. This is a single-use device.</gmdnPTDefinition>
      </gmdn>
    </gmdnTerms>
    <productCodes>
      <fdaProductCode>
        <productCode>EFW</productCode>
        <productCodeName>TOOTHBRUSH, MANUAL</productCodeName>
      </fdaProductCode>
    </productCodes>
    <deviceSizes />
    <environmentalConditions />
    <sterilization>
      <deviceSterile>false</deviceSterile>
      <sterilizationPriorToUse>false</sterilizationPriorToUse>
      <methodTypes />
    </sterilization>
  </device>
  <device xmlns:xsi="http://www.w3.org/2001/XMLSchema-instance" xmlns="http://www.fda.gov/cdrh/gudid">
    <publicDeviceRecordKey>18254302-4543-4330-b63c-40fdd62a5723</publicDeviceRecordKey>
    <publicVersionStatus>New</publicVersionStatus>
    <deviceRecordStatus>Published</deviceRecordStatus>
    <!--Note: publicVersionNumber is system generated and assigned to all device records to track public release updates to a device record-->
    <publicVersionNumber>1</publicVersionNumber>
    <publicVersionDate>2020-10-01</publicVersionDate>
    <devicePublishDate>2020-09-23</devicePublishDate>
    <deviceCommDistributionEndDate xsi:nil="true" />
    <deviceCommDistributionStatus>In Commercial Distribution</deviceCommDistributionStatus>
    <identifiers>
      <identifier>
        <deviceId>30606959059598</deviceId>
        <deviceIdType>Package</deviceIdType>
        <deviceIdIssuingAgency>GS1</deviceIdIssuingAgency>
        <containsDINumber>00606959059597</containsDINumber>
        <pkgQuantity>30</pkgQuantity>
        <pkgDiscontinueDate xsi:nil="true" />
        <pkgStatus>In Commercial Distribution</pkgStatus>
        <pkgType>Multipack</pkgType>
      </identifier>
      <identifier>
        <deviceId>00606959059597</deviceId>
        <deviceIdType>Primary</deviceIdType>
        <deviceIdIssuingAgency>GS1</deviceIdIssuingAgency>
        <containsDINumber xsi:nil="true" />
        <pkgQuantity xsi:nil="true" />
        <pkgDiscontinueDate xsi:nil="true" />
        <pkgStatus xsi:nil="true" />
        <pkgType xsi:nil="true" />
      </identifier>
    </identifiers>
    <brandName>NightBalance</brandName>
    <versionModelNumber>00</versionModelNumber>
    <catalogNumber>L2US01CA</catalogNumber>
    <dunsNumber>080728314</dunsNumber>
    <companyName>Respironics, Inc.</companyName>
    <deviceCount>1</deviceCount>
    <deviceDescription>Philips NightBalance, Canada</deviceDescription>
    <DMExempt>false</DMExempt>
    <premarketExempt>false</premarketExempt>
    <deviceHCTP>false</deviceHCTP>
    <deviceKit>false</deviceKit>
    <deviceCombinationProduct>false</deviceCombinationProduct>
    <singleUse>false</singleUse>
    <lotBatch>true</lotBatch>
    <serialNumber>true</serialNumber>
    <manufacturingDate>true</manufacturingDate>
    <expirationDate>false</expirationDate>
    <donationIdNumber>false</donationIdNumber>
    <labeledContainsNRL>false</labeledContainsNRL>
    <labeledNoNRL>false</labeledNoNRL>
    <MRISafetyStatus>Labeling does not contain MRI Safety Information</MRISafetyStatus>
    <rx>true</rx>
    <otc>false</otc>
    <contacts>
      <customerContact>
        <phone>+1(724)387-4000</phone>
        <phoneExtension xsi:nil="true" />
        <email>SUPPORT.NIGHTBALANCE@PHILIPS.COM</email>
      </customerContact>
    </contacts>
    <premarketSubmissions>
      <premarketSubmission>
        <submissionNumber>K180608</submissionNumber>
        <supplementNumber>000</supplementNumber>
      </premarketSubmission>
    </premarketSubmissions>
    <gmdnTerms>
      <gmdn>
        <gmdnPTName>Behavioural therapy electrical stimulation system</gmdnPTName>
        <gmdnPTDefinition>An assembly of devices designed to apply harmless but unpleasant electrical impulses to a patient (e.g., in the arm or leg) to modify undesirable behavioural characteristics (e.g., self injurious behaviour). It is typically used for aversion therapy sessions conducted by a therapist and/or in clinical programs at home. Some assemblies include an annoying sound stimulus for sound or sound/electric aversion conditioning. The system is often used in the treatment of obsessive/compulsive behaviour and drug abuse.</gmdnPTDefinition>
      </gmdn>
    </gmdnTerms>
    <productCodes>
      <fdaProductCode>
        <productCode>MYB</productCode>
        <productCodeName>Pillow, cervical (for mild sleep apnea)</productCodeName>
      </fdaProductCode>
    </productCodes>
    <deviceSizes />
    <environmentalConditions>
      <storageHandling>
        <storageHandlingType>Storage Environment Temperature</storageHandlingType>
        <storageHandlingHigh value="45" unit="Degrees Celsius" />
        <storageHandlingLow value="-20" unit="Degrees Celsius" />
        <storageHandlingSpecialConditionText xsi:nil="true" />
      </storageHandling>
      <storageHandling>
        <storageHandlingType>Storage Environment Atmospheric Pressure</storageHandlingType>
        <storageHandlingHigh value="106" unit="KiloPascal" />
        <storageHandlingLow value="70" unit="KiloPascal" />
        <storageHandlingSpecialConditionText xsi:nil="true" />
      </storageHandling>
      <storageHandling>
        <storageHandlingType>Storage Environment Humidity</storageHandlingType>
        <storageHandlingHigh value="90" unit="Percent (%) Relative Humidity" />
        <storageHandlingLow value="10" unit="Percent (%) Relative Humidity" />
        <storageHandlingSpecialConditionText xsi:nil="true" />
      </storageHandling>
      <storageHandling>
        <storageHandlingType>Storage Environment Temperature</storageHandlingType>
        <storageHandlingHigh value="113" unit="Degrees Fahrenheit" />
        <storageHandlingLow value="-4" unit="Degrees Fahrenheit" />
        <storageHandlingSpecialConditionText xsi:nil="true" />
      </storageHandling>
    </environmentalConditions>
    <sterilization>
      <deviceSterile>false</deviceSterile>
      <sterilizationPriorToUse>false</sterilizationPriorToUse>
      <methodTypes />
    </sterilization>
  </device>
  <device xmlns:xsi="http://www.w3.org/2001/XMLSchema-instance" xmlns="http://www.fda.gov/cdrh/gudid">
    <publicDeviceRecordKey>8a2d87ca-3e4f-4d13-a4f9-b5e05ca7b544</publicDeviceRecordKey>
    <publicVersionStatus>New</publicVersionStatus>
    <deviceRecordStatus>Published</deviceRecordStatus>
    <!--Note: publicVersionNumber is system generated and assigned to all device records to track public release updates to a device record-->
    <publicVersionNumber>1</publicVersionNumber>
    <publicVersionDate>2020-10-01</publicVersionDate>
    <devicePublishDate>2020-09-23</devicePublishDate>
    <deviceCommDistributionEndDate xsi:nil="true" />
    <deviceCommDistributionStatus>In Commercial Distribution</deviceCommDistributionStatus>
    <identifiers>
      <identifier>
        <deviceId>30606959059581</deviceId>
        <deviceIdType>Package</deviceIdType>
        <deviceIdIssuingAgency>GS1</deviceIdIssuingAgency>
        <containsDINumber>00606959059580</containsDINumber>
        <pkgQuantity>30</pkgQuantity>
        <pkgDiscontinueDate xsi:nil="true" />
        <pkgStatus>In Commercial Distribution</pkgStatus>
        <pkgType>Multipack</pkgType>
      </identifier>
      <identifier>
        <deviceId>00606959059580</deviceId>
        <deviceIdType>Primary</deviceIdType>
        <deviceIdIssuingAgency>GS1</deviceIdIssuingAgency>
        <containsDINumber xsi:nil="true" />
        <pkgQuantity xsi:nil="true" />
        <pkgDiscontinueDate xsi:nil="true" />
        <pkgStatus xsi:nil="true" />
        <pkgType xsi:nil="true" />
      </identifier>
    </identifiers>
    <brandName>NightBalance</brandName>
    <versionModelNumber>00</versionModelNumber>
    <catalogNumber>L2EU01IB</catalogNumber>
    <dunsNumber>080728314</dunsNumber>
    <companyName>Respironics, Inc.</companyName>
    <deviceCount>1</deviceCount>
    <deviceDescription>Philips NightBalance, Iberia</deviceDescription>
    <DMExempt>false</DMExempt>
    <premarketExempt>false</premarketExempt>
    <deviceHCTP>false</deviceHCTP>
    <deviceKit>false</deviceKit>
    <deviceCombinationProduct>false</deviceCombinationProduct>
    <singleUse>false</singleUse>
    <lotBatch>true</lotBatch>
    <serialNumber>true</serialNumber>
    <manufacturingDate>true</manufacturingDate>
    <expirationDate>false</expirationDate>
    <donationIdNumber>false</donationIdNumber>
    <labeledContainsNRL>false</labeledContainsNRL>
    <labeledNoNRL>false</labeledNoNRL>
    <MRISafetyStatus>Labeling does not contain MRI Safety Information</MRISafetyStatus>
    <rx>true</rx>
    <otc>false</otc>
    <contacts>
      <customerContact>
        <phone>+1(724)387-4000</phone>
        <phoneExtension xsi:nil="true" />
        <email>SUPPORT.NIGHTBALANCE@PHILIPS.COM</email>
      </customerContact>
    </contacts>
    <premarketSubmissions>
      <premarketSubmission>
        <submissionNumber>K180608</submissionNumber>
        <supplementNumber>000</supplementNumber>
      </premarketSubmission>
    </premarketSubmissions>
    <gmdnTerms>
      <gmdn>
        <gmdnPTName>Behavioural therapy electrical stimulation system</gmdnPTName>
        <gmdnPTDefinition>An assembly of devices designed to apply harmless but unpleasant electrical impulses to a patient (e.g., in the arm or leg) to modify undesirable behavioural characteristics (e.g., self injurious behaviour). It is typically used for aversion therapy sessions conducted by a therapist and/or in clinical programs at home. Some assemblies include an annoying sound stimulus for sound or sound/electric aversion conditioning. The system is often used in the treatment of obsessive/compulsive behaviour and drug abuse.</gmdnPTDefinition>
      </gmdn>
    </gmdnTerms>
    <productCodes>
      <fdaProductCode>
        <productCode>MYB</productCode>
        <productCodeName>Pillow, cervical (for mild sleep apnea)</productCodeName>
      </fdaProductCode>
    </productCodes>
    <deviceSizes />
    <environmentalConditions>
      <storageHandling>
        <storageHandlingType>Storage Environment Humidity</storageHandlingType>
        <storageHandlingHigh value="90" unit="Percent (%) Relative Humidity" />
        <storageHandlingLow value="10" unit="Percent (%) Relative Humidity" />
        <storageHandlingSpecialConditionText xsi:nil="true" />
      </storageHandling>
      <storageHandling>
        <storageHandlingType>Storage Environment Temperature</storageHandlingType>
        <storageHandlingHigh value="45" unit="Degrees Celsius" />
        <storageHandlingLow value="-20" unit="Degrees Celsius" />
        <storageHandlingSpecialConditionText xsi:nil="true" />
      </storageHandling>
      <storageHandling>
        <storageHandlingType>Storage Environment Temperature</storageHandlingType>
        <storageHandlingHigh value="113" unit="Degrees Fahrenheit" />
        <storageHandlingLow value="-4" unit="Degrees Fahrenheit" />
        <storageHandlingSpecialConditionText xsi:nil="true" />
      </storageHandling>
      <storageHandling>
        <storageHandlingType>Storage Environment Atmospheric Pressure</storageHandlingType>
        <storageHandlingHigh value="106" unit="KiloPascal" />
        <storageHandlingLow value="70" unit="KiloPascal" />
        <storageHandlingSpecialConditionText xsi:nil="true" />
      </storageHandling>
    </environmentalConditions>
    <sterilization>
      <deviceSterile>false</deviceSterile>
      <sterilizationPriorToUse>false</sterilizationPriorToUse>
      <methodTypes />
    </sterilization>
  </device>
  <device xmlns:xsi="http://www.w3.org/2001/XMLSchema-instance" xmlns="http://www.fda.gov/cdrh/gudid">
    <publicDeviceRecordKey>331467a5-43e9-4620-b335-bd2481294026</publicDeviceRecordKey>
    <publicVersionStatus>New</publicVersionStatus>
    <deviceRecordStatus>Published</deviceRecordStatus>
    <!--Note: publicVersionNumber is system generated and assigned to all device records to track public release updates to a device record-->
    <publicVersionNumber>1</publicVersionNumber>
    <publicVersionDate>2020-03-05</publicVersionDate>
    <devicePublishDate>2020-02-26</devicePublishDate>
    <deviceCommDistributionEndDate xsi:nil="true" />
    <deviceCommDistributionStatus>In Commercial Distribution</deviceCommDistributionStatus>
    <identifiers>
      <identifier>
        <deviceId>00606959058743</deviceId>
        <deviceIdType>Primary</deviceIdType>
        <deviceIdIssuingAgency>GS1</deviceIdIssuingAgency>
        <containsDINumber xsi:nil="true" />
        <pkgQuantity xsi:nil="true" />
        <pkgDiscontinueDate xsi:nil="true" />
        <pkgStatus xsi:nil="true" />
        <pkgType xsi:nil="true" />
      </identifier>
    </identifiers>
    <brandName>NightBalance</brandName>
    <versionModelNumber>00</versionModelNumber>
    <catalogNumber>RPL2CHST01</catalogNumber>
    <dunsNumber>080728314</dunsNumber>
    <companyName>Respironics, Inc.</companyName>
    <deviceCount>1</deviceCount>
    <deviceDescription>Philips NightBalance - Replacement Chest Strap</deviceDescription>
    <DMExempt>false</DMExempt>
    <premarketExempt>false</premarketExempt>
    <deviceHCTP>false</deviceHCTP>
    <deviceKit>false</deviceKit>
    <deviceCombinationProduct>false</deviceCombinationProduct>
    <singleUse>false</singleUse>
    <lotBatch>true</lotBatch>
    <serialNumber>false</serialNumber>
    <manufacturingDate>false</manufacturingDate>
    <expirationDate>false</expirationDate>
    <donationIdNumber>false</donationIdNumber>
    <labeledContainsNRL>false</labeledContainsNRL>
    <labeledNoNRL>false</labeledNoNRL>
    <MRISafetyStatus>Labeling does not contain MRI Safety Information</MRISafetyStatus>
    <rx>true</rx>
    <otc>false</otc>
    <contacts>
      <customerContact>
        <phone>+1(724)744-2500</phone>
        <phoneExtension xsi:nil="true" />
        <email>RESPIRONICS.SERVICE@PHILIPS.COM</email>
      </customerContact>
    </contacts>
    <premarketSubmissions>
      <premarketSubmission>
        <submissionNumber>K180608</submissionNumber>
        <supplementNumber>000</supplementNumber>
      </premarketSubmission>
    </premarketSubmissions>
    <gmdnTerms>
      <gmdn>
        <gmdnPTName>Behavioural therapy electrical stimulation system</gmdnPTName>
        <gmdnPTDefinition>An assembly of devices designed to apply harmless but unpleasant electrical impulses to a patient (e.g., in the arm or leg) to modify undesirable behavioural characteristics (e.g., self injurious behaviour). It is typically used for aversion therapy sessions conducted by a therapist and/or in clinical programs at home. Some assemblies include an annoying sound stimulus for sound or sound/electric aversion conditioning. The system is often used in the treatment of obsessive/compulsive behaviour and drug abuse.</gmdnPTDefinition>
      </gmdn>
    </gmdnTerms>
    <productCodes>
      <fdaProductCode>
        <productCode>MYB</productCode>
        <productCodeName>Pillow, cervical (for mild sleep apnea)</productCodeName>
      </fdaProductCode>
    </productCodes>
    <deviceSizes />
    <environmentalConditions />
    <sterilization>
      <deviceSterile>false</deviceSterile>
      <sterilizationPriorToUse>false</sterilizationPriorToUse>
      <methodTypes />
    </sterilization>
  </device>
  <device xmlns:xsi="http://www.w3.org/2001/XMLSchema-instance" xmlns="http://www.fda.gov/cdrh/gudid">
    <publicDeviceRecordKey>16f297cb-1eb8-4ab3-94cd-b8842c5de57a</publicDeviceRecordKey>
    <publicVersionStatus>New</publicVersionStatus>
    <deviceRecordStatus>Published</deviceRecordStatus>
    <!--Note: publicVersionNumber is system generated and assigned to all device records to track public release updates to a device record-->
    <publicVersionNumber>1</publicVersionNumber>
    <publicVersionDate>2020-10-01</publicVersionDate>
    <devicePublishDate>2020-09-23</devicePublishDate>
    <deviceCommDistributionEndDate xsi:nil="true" />
    <deviceCommDistributionStatus>In Commercial Distribution</deviceCommDistributionStatus>
    <identifiers>
      <identifier>
        <deviceId>30606959057518</deviceId>
        <deviceIdType>Package</deviceIdType>
        <deviceIdIssuingAgency>GS1</deviceIdIssuingAgency>
        <containsDINumber>00606959057517</containsDINumber>
        <pkgQuantity>30</pkgQuantity>
        <pkgDiscontinueDate xsi:nil="true" />
        <pkgStatus>In Commercial Distribution</pkgStatus>
        <pkgType>Multipack</pkgType>
      </identifier>
      <identifier>
        <deviceId>00606959057517</deviceId>
        <deviceIdType>Primary</deviceIdType>
        <deviceIdIssuingAgency>GS1</deviceIdIssuingAgency>
        <containsDINumber xsi:nil="true" />
        <pkgQuantity xsi:nil="true" />
        <pkgDiscontinueDate xsi:nil="true" />
        <pkgStatus xsi:nil="true" />
        <pkgType xsi:nil="true" />
      </identifier>
    </identifiers>
    <brandName>NightBalance</brandName>
    <versionModelNumber>00</versionModelNumber>
    <catalogNumber>L2EU01DK</catalogNumber>
    <dunsNumber>080728314</dunsNumber>
    <companyName>Respironics, Inc.</companyName>
    <deviceCount>1</deviceCount>
    <deviceDescription>Philips NightBalance, Denmark</deviceDescription>
    <DMExempt>false</DMExempt>
    <premarketExempt>false</premarketExempt>
    <deviceHCTP>false</deviceHCTP>
    <deviceKit>false</deviceKit>
    <deviceCombinationProduct>false</deviceCombinationProduct>
    <singleUse>false</singleUse>
    <lotBatch>true</lotBatch>
    <serialNumber>true</serialNumber>
    <manufacturingDate>false</manufacturingDate>
    <expirationDate>false</expirationDate>
    <donationIdNumber>false</donationIdNumber>
    <labeledContainsNRL>false</labeledContainsNRL>
    <labeledNoNRL>false</labeledNoNRL>
    <MRISafetyStatus>Labeling does not contain MRI Safety Information</MRISafetyStatus>
    <rx>true</rx>
    <otc>false</otc>
    <contacts>
      <customerContact>
        <phone>+1(724)387-4000</phone>
        <phoneExtension xsi:nil="true" />
        <email>RESPIRONICS.SERVICE@PHILIPS.COM</email>
      </customerContact>
    </contacts>
    <premarketSubmissions>
      <premarketSubmission>
        <submissionNumber>K180608</submissionNumber>
        <supplementNumber>000</supplementNumber>
      </premarketSubmission>
    </premarketSubmissions>
    <gmdnTerms>
      <gmdn>
        <gmdnPTName>Behavioural therapy electrical stimulation system</gmdnPTName>
        <gmdnPTDefinition>An assembly of devices designed to apply harmless but unpleasant electrical impulses to a patient (e.g., in the arm or leg) to modify undesirable behavioural characteristics (e.g., self injurious behaviour). It is typically used for aversion therapy sessions conducted by a therapist and/or in clinical programs at home. Some assemblies include an annoying sound stimulus for sound or sound/electric aversion conditioning. The system is often used in the treatment of obsessive/compulsive behaviour and drug abuse.</gmdnPTDefinition>
      </gmdn>
    </gmdnTerms>
    <productCodes>
      <fdaProductCode>
        <productCode>MYB</productCode>
        <productCodeName>Pillow, cervical (for mild sleep apnea)</productCodeName>
      </fdaProductCode>
    </productCodes>
    <deviceSizes />
    <environmentalConditions>
      <storageHandling>
        <storageHandlingType>Storage Environment Atmospheric Pressure</storageHandlingType>
        <storageHandlingHigh value="106" unit="KiloPascal" />
        <storageHandlingLow value="70" unit="KiloPascal" />
        <storageHandlingSpecialConditionText xsi:nil="true" />
      </storageHandling>
      <storageHandling>
        <storageHandlingType>Storage Environment Humidity</storageHandlingType>
        <storageHandlingHigh value="90" unit="Percent (%) Relative Humidity" />
        <storageHandlingLow value="10" unit="Percent (%) Relative Humidity" />
        <storageHandlingSpecialConditionText xsi:nil="true" />
      </storageHandling>
      <storageHandling>
        <storageHandlingType>Storage Environment Temperature</storageHandlingType>
        <storageHandlingHigh value="113" unit="Degrees Fahrenheit" />
        <storageHandlingLow value="-4" unit="Degrees Fahrenheit" />
        <storageHandlingSpecialConditionText xsi:nil="true" />
      </storageHandling>
    </environmentalConditions>
    <sterilization>
      <deviceSterile>false</deviceSterile>
      <sterilizationPriorToUse>false</sterilizationPriorToUse>
      <methodTypes />
    </sterilization>
  </device>
  <device xmlns:xsi="http://www.w3.org/2001/XMLSchema-instance" xmlns="http://www.fda.gov/cdrh/gudid">
    <publicDeviceRecordKey>f777d122-2de8-4e22-99c2-45e033c20307</publicDeviceRecordKey>
    <publicVersionStatus>New</publicVersionStatus>
    <deviceRecordStatus>Published</deviceRecordStatus>
    <!--Note: publicVersionNumber is system generated and assigned to all device records to track public release updates to a device record-->
    <publicVersionNumber>1</publicVersionNumber>
    <publicVersionDate>2020-12-23</publicVersionDate>
    <devicePublishDate>2020-12-15</devicePublishDate>
    <deviceCommDistributionEndDate>2999-12-31</deviceCommDistributionEndDate>
    <deviceCommDistributionStatus>In Commercial Distribution</deviceCommDistributionStatus>
    <identifiers>
      <identifier>
        <deviceId>30606959054630</deviceId>
        <deviceIdType>Package</deviceIdType>
        <deviceIdIssuingAgency>GS1</deviceIdIssuingAgency>
        <containsDINumber>00606959054639</containsDINumber>
        <pkgQuantity>30</pkgQuantity>
        <pkgDiscontinueDate>1999-12-31</pkgDiscontinueDate>
        <pkgStatus>Not in Commercial Distribution</pkgStatus>
        <pkgType>Multipack</pkgType>
      </identifier>
      <identifier>
        <deviceId>00606959054639</deviceId>
        <deviceIdType>Primary</deviceIdType>
        <deviceIdIssuingAgency>GS1</deviceIdIssuingAgency>
        <containsDINumber xsi:nil="true" />
        <pkgQuantity xsi:nil="true" />
        <pkgDiscontinueDate xsi:nil="true" />
        <pkgStatus xsi:nil="true" />
        <pkgType xsi:nil="true" />
      </identifier>
    </identifiers>
    <brandName>NightBalance</brandName>
    <versionModelNumber>L2EU01DE</versionModelNumber>
    <catalogNumber>L2EU01DE</catalogNumber>
    <dunsNumber>080728314</dunsNumber>
    <companyName>Respironics, Inc.</companyName>
    <deviceCount>1</deviceCount>
    <deviceDescription>NightBalance Sleep Position Trainer System, Germany</deviceDescription>
    <DMExempt>false</DMExempt>
    <premarketExempt>false</premarketExempt>
    <deviceHCTP>false</deviceHCTP>
    <deviceKit>false</deviceKit>
    <deviceCombinationProduct>false</deviceCombinationProduct>
    <singleUse>false</singleUse>
    <lotBatch>true</lotBatch>
    <serialNumber>true</serialNumber>
    <manufacturingDate>true</manufacturingDate>
    <expirationDate>false</expirationDate>
    <donationIdNumber>false</donationIdNumber>
    <labeledContainsNRL>false</labeledContainsNRL>
    <labeledNoNRL>false</labeledNoNRL>
    <MRISafetyStatus>Labeling does not contain MRI Safety Information</MRISafetyStatus>
    <rx>true</rx>
    <otc>false</otc>
    <contacts>
      <customerContact>
        <phone>+1(724)744-2500</phone>
        <phoneExtension xsi:nil="true" />
        <email>SUPPORT.NIGHTBALANCE@PHILIPS.COM</email>
      </customerContact>
    </contacts>
    <premarketSubmissions>
      <premarketSubmission>
        <submissionNumber>K180608</submissionNumber>
        <supplementNumber>000</supplementNumber>
      </premarketSubmission>
    </premarketSubmissions>
    <gmdnTerms>
      <gmdn>
        <gmdnPTName>Behavioural therapy electrical stimulation system</gmdnPTName>
        <gmdnPTDefinition>An assembly of devices designed to apply harmless but unpleasant electrical impulses to a patient (e.g., in the arm or leg) to modify undesirable behavioural characteristics (e.g., self injurious behaviour). It is typically used for aversion therapy sessions conducted by a therapist and/or in clinical programs at home. Some assemblies include an annoying sound stimulus for sound or sound/electric aversion conditioning. The system is often used in the treatment of obsessive/compulsive behaviour and drug abuse.</gmdnPTDefinition>
      </gmdn>
    </gmdnTerms>
    <productCodes>
      <fdaProductCode>
        <productCode>MYB</productCode>
        <productCodeName>Pillow, cervical (for mild sleep apnea)</productCodeName>
      </fdaProductCode>
    </productCodes>
    <deviceSizes />
    <environmentalConditions>
      <storageHandling>
        <storageHandlingType>Storage Environment Humidity</storageHandlingType>
        <storageHandlingHigh value="90" unit="Percent (%) Relative Humidity" />
        <storageHandlingLow value="10" unit="Percent (%) Relative Humidity" />
        <storageHandlingSpecialConditionText xsi:nil="true" />
      </storageHandling>
      <storageHandling>
        <storageHandlingType>Storage Environment Temperature</storageHandlingType>
        <storageHandlingHigh value="45" unit="Degrees Celsius" />
        <storageHandlingLow value="-20" unit="Degrees Celsius" />
        <storageHandlingSpecialConditionText xsi:nil="true" />
      </storageHandling>
      <storageHandling>
        <storageHandlingType>Storage Environment Atmospheric Pressure</storageHandlingType>
        <storageHandlingHigh value="106" unit="KiloPascal" />
        <storageHandlingLow value="70" unit="KiloPascal" />
        <storageHandlingSpecialConditionText xsi:nil="true" />
      </storageHandling>
    </environmentalConditions>
    <sterilization>
      <deviceSterile>false</deviceSterile>
      <sterilizationPriorToUse>false</sterilizationPriorToUse>
      <methodTypes />
    </sterilization>
  </device>
  <device xmlns:xsi="http://www.w3.org/2001/XMLSchema-instance" xmlns="http://www.fda.gov/cdrh/gudid">
    <publicDeviceRecordKey>1366bc4c-8db5-4934-937e-a4c7afbae9b1</publicDeviceRecordKey>
    <publicVersionStatus>New</publicVersionStatus>
    <deviceRecordStatus>Published</deviceRecordStatus>
    <!--Note: publicVersionNumber is system generated and assigned to all device records to track public release updates to a device record-->
    <publicVersionNumber>1</publicVersionNumber>
    <publicVersionDate>2020-12-23</publicVersionDate>
    <devicePublishDate>2020-12-15</devicePublishDate>
    <deviceCommDistributionEndDate xsi:nil="true" />
    <deviceCommDistributionStatus>In Commercial Distribution</deviceCommDistributionStatus>
    <identifiers>
      <identifier>
        <deviceId>30606959054616</deviceId>
        <deviceIdType>Package</deviceIdType>
        <deviceIdIssuingAgency>GS1</deviceIdIssuingAgency>
        <containsDINumber>00606959054615</containsDINumber>
        <pkgQuantity>30</pkgQuantity>
        <pkgDiscontinueDate xsi:nil="true" />
        <pkgStatus>In Commercial Distribution</pkgStatus>
        <pkgType>Multipack</pkgType>
      </identifier>
      <identifier>
        <deviceId>00606959054615</deviceId>
        <deviceIdType>Primary</deviceIdType>
        <deviceIdIssuingAgency>GS1</deviceIdIssuingAgency>
        <containsDINumber xsi:nil="true" />
        <pkgQuantity xsi:nil="true" />
        <pkgDiscontinueDate xsi:nil="true" />
        <pkgStatus xsi:nil="true" />
        <pkgType xsi:nil="true" />
      </identifier>
    </identifiers>
    <brandName>NightBalance</brandName>
    <versionModelNumber>00</versionModelNumber>
    <catalogNumber>L2EU01UK</catalogNumber>
    <dunsNumber>080728314</dunsNumber>
    <companyName>Respironics, Inc.</companyName>
    <deviceCount>1</deviceCount>
    <deviceDescription>NightBalance Sleep Position Trainer System, UK</deviceDescription>
    <DMExempt>false</DMExempt>
    <premarketExempt>false</premarketExempt>
    <deviceHCTP>false</deviceHCTP>
    <deviceKit>false</deviceKit>
    <deviceCombinationProduct>false</deviceCombinationProduct>
    <singleUse>false</singleUse>
    <lotBatch>true</lotBatch>
    <serialNumber>true</serialNumber>
    <manufacturingDate>true</manufacturingDate>
    <expirationDate>false</expirationDate>
    <donationIdNumber>false</donationIdNumber>
    <labeledContainsNRL>false</labeledContainsNRL>
    <labeledNoNRL>false</labeledNoNRL>
    <MRISafetyStatus>Labeling does not contain MRI Safety Information</MRISafetyStatus>
    <rx>true</rx>
    <otc>false</otc>
    <contacts>
      <customerContact>
        <phone>+1(724)744-2500</phone>
        <phoneExtension xsi:nil="true" />
        <email>SUPPORT.NIGHTBALANCE@PHILIPS.COM</email>
      </customerContact>
    </contacts>
    <premarketSubmissions>
      <premarketSubmission>
        <submissionNumber>K180608</submissionNumber>
        <supplementNumber>000</supplementNumber>
      </premarketSubmission>
    </premarketSubmissions>
    <gmdnTerms>
      <gmdn>
        <gmdnPTName>Behavioural therapy electrical stimulation system</gmdnPTName>
        <gmdnPTDefinition>An assembly of devices designed to apply harmless but unpleasant electrical impulses to a patient (e.g., in the arm or leg) to modify undesirable behavioural characteristics (e.g., self injurious behaviour). It is typically used for aversion therapy sessions conducted by a therapist and/or in clinical programs at home. Some assemblies include an annoying sound stimulus for sound or sound/electric aversion conditioning. The system is often used in the treatment of obsessive/compulsive behaviour and drug abuse.</gmdnPTDefinition>
      </gmdn>
    </gmdnTerms>
    <productCodes>
      <fdaProductCode>
        <productCode>MYB</productCode>
        <productCodeName>Pillow, cervical (for mild sleep apnea)</productCodeName>
      </fdaProductCode>
    </productCodes>
    <deviceSizes />
    <environmentalConditions>
      <storageHandling>
        <storageHandlingType>Storage Environment Temperature</storageHandlingType>
        <storageHandlingHigh value="45" unit="Degrees Celsius" />
        <storageHandlingLow value="-20" unit="Degrees Celsius" />
        <storageHandlingSpecialConditionText xsi:nil="true" />
      </storageHandling>
      <storageHandling>
        <storageHandlingType>Storage Environment Humidity</storageHandlingType>
        <storageHandlingHigh value="90" unit="Percent (%) Relative Humidity" />
        <storageHandlingLow value="10" unit="Percent (%) Relative Humidity" />
        <storageHandlingSpecialConditionText xsi:nil="true" />
      </storageHandling>
      <storageHandling>
        <storageHandlingType>Storage Environment Atmospheric Pressure</storageHandlingType>
        <storageHandlingHigh value="106" unit="KiloPascal" />
        <storageHandlingLow value="70" unit="KiloPascal" />
        <storageHandlingSpecialConditionText xsi:nil="true" />
      </storageHandling>
    </environmentalConditions>
    <sterilization>
      <deviceSterile>false</deviceSterile>
      <sterilizationPriorToUse>false</sterilizationPriorToUse>
      <methodTypes />
    </sterilization>
  </device>
  <device xmlns:xsi="http://www.w3.org/2001/XMLSchema-instance" xmlns="http://www.fda.gov/cdrh/gudid">
    <publicDeviceRecordKey>6674f675-8a8a-4d00-9f7e-5f86f199c637</publicDeviceRecordKey>
    <publicVersionStatus>Update</publicVersionStatus>
    <deviceRecordStatus>Published</deviceRecordStatus>
    <!--Note: publicVersionNumber is system generated and assigned to all device records to track public release updates to a device record-->
    <publicVersionNumber>3</publicVersionNumber>
    <publicVersionDate>2022-02-21</publicVersionDate>
    <devicePublishDate>2020-01-03</devicePublishDate>
    <deviceCommDistributionEndDate xsi:nil="true" />
    <deviceCommDistributionStatus>In Commercial Distribution</deviceCommDistributionStatus>
    <identifiers>
      <identifier>
        <deviceId>00605861074759</deviceId>
        <deviceIdType>Primary</deviceIdType>
        <deviceIdIssuingAgency>GS1</deviceIdIssuingAgency>
        <containsDINumber xsi:nil="true" />
        <pkgQuantity xsi:nil="true" />
        <pkgDiscontinueDate xsi:nil="true" />
        <pkgStatus xsi:nil="true" />
        <pkgType xsi:nil="true" />
      </identifier>
    </identifiers>
    <brandName>3M™</brandName>
    <versionModelNumber>EXD-982</versionModelNumber>
    <catalogNumber>EXD-982</catalogNumber>
    <dunsNumber>830016148</dunsNumber>
    <companyName>3M COMPANY</companyName>
    <deviceCount>1</deviceCount>
    <deviceDescription>3M™ Digital Bonding Tray</deviceDescription>
    <DMExempt>false</DMExempt>
    <premarketExempt>true</premarketExempt>
    <deviceHCTP>false</deviceHCTP>
    <deviceKit>false</deviceKit>
    <deviceCombinationProduct>false</deviceCombinationProduct>
    <singleUse>true</singleUse>
    <lotBatch>true</lotBatch>
    <serialNumber>false</serialNumber>
    <manufacturingDate>true</manufacturingDate>
    <expirationDate>true</expirationDate>
    <donationIdNumber>false</donationIdNumber>
    <labeledContainsNRL>false</labeledContainsNRL>
    <labeledNoNRL>false</labeledNoNRL>
    <MRISafetyStatus>Labeling does not contain MRI Safety Information</MRISafetyStatus>
    <rx>true</rx>
    <otc>false</otc>
    <contacts>
      <customerContact>
        <phone>+1(800)228-3957</phone>
        <phoneExtension xsi:nil="true" />
        <email>3Mhealthcarecompliance@mmm.com</email>
      </customerContact>
    </contacts>
    <gmdnTerms>
      <gmdn>
        <gmdnPTName>Orthodontic appliance positioning tray</gmdnPTName>
        <gmdnPTDefinition>A custom-made dental device in the form of a patient’s dentition with slots/sockets intended to position and hold in place a set of orthodontic appliances (e.g., brackets, buccal tubes, lingual retainers) [not included] to bond them to teeth during a single procedure; the orthodontic appliances are loaded onto the device by the orthodontist prior to the procedure. Also known as an indirect bonding tray, it is typically made of synthetic polymer materials and is manufactured from an oral cavity impression or oral scan for a specific patient. This is a single-use device.</gmdnPTDefinition>
      </gmdn>
    </gmdnTerms>
    <productCodes>
      <fdaProductCode>
        <productCode>EBH</productCode>
        <productCodeName>MATERIAL, IMPRESSION TRAY, RESIN</productCodeName>
      </fdaProductCode>
    </productCodes>
    <deviceSizes />
    <environmentalConditions />
    <sterilization>
      <deviceSterile>false</deviceSterile>
      <sterilizationPriorToUse>false</sterilizationPriorToUse>
      <methodTypes />
    </sterilization>
  </device>
  <device xmlns:xsi="http://www.w3.org/2001/XMLSchema-instance" xmlns="http://www.fda.gov/cdrh/gudid">
    <publicDeviceRecordKey>831d18f9-ebfa-42f4-a452-9c6800da066b</publicDeviceRecordKey>
    <publicVersionStatus>New</publicVersionStatus>
    <deviceRecordStatus>Published</deviceRecordStatus>
    <!--Note: publicVersionNumber is system generated and assigned to all device records to track public release updates to a device record-->
    <publicVersionNumber>1</publicVersionNumber>
    <publicVersionDate>2020-01-13</publicVersionDate>
    <devicePublishDate>2020-01-03</devicePublishDate>
    <deviceCommDistributionEndDate xsi:nil="true" />
    <deviceCommDistributionStatus>In Commercial Distribution</deviceCommDistributionStatus>
    <identifiers>
      <identifier>
        <deviceId>00605861074742</deviceId>
        <deviceIdType>Primary</deviceIdType>
        <deviceIdIssuingAgency>GS1</deviceIdIssuingAgency>
        <containsDINumber xsi:nil="true" />
        <pkgQuantity xsi:nil="true" />
        <pkgDiscontinueDate xsi:nil="true" />
        <pkgStatus xsi:nil="true" />
        <pkgType xsi:nil="true" />
      </identifier>
    </identifiers>
    <brandName>3M™</brandName>
    <versionModelNumber>EXD-987</versionModelNumber>
    <catalogNumber>EXD-987</catalogNumber>
    <dunsNumber>830016148</dunsNumber>
    <companyName>3M COMPANY</companyName>
    <deviceCount>1</deviceCount>
    <deviceDescription>3M™ Custom Matrix</deviceDescription>
    <DMExempt>false</DMExempt>
    <premarketExempt>true</premarketExempt>
    <deviceHCTP>false</deviceHCTP>
    <deviceKit>true</deviceKit>
    <deviceCombinationProduct>false</deviceCombinationProduct>
    <singleUse>true</singleUse>
    <lotBatch>true</lotBatch>
    <serialNumber>false</serialNumber>
    <manufacturingDate>true</manufacturingDate>
    <expirationDate>true</expirationDate>
    <donationIdNumber>false</donationIdNumber>
    <labeledContainsNRL>false</labeledContainsNRL>
    <labeledNoNRL>false</labeledNoNRL>
    <MRISafetyStatus>Labeling does not contain MRI Safety Information</MRISafetyStatus>
    <rx>true</rx>
    <otc>false</otc>
    <contacts>
      <customerContact>
        <phone>+1(800)228-3957</phone>
        <phoneExtension xsi:nil="true" />
        <email>3Mhealthcarecompliance@mmm.com</email>
      </customerContact>
    </contacts>
    <gmdnTerms>
      <gmdn>
        <gmdnPTName>Dental matrix band, single-use</gmdnPTName>
        <gmdnPTDefinition>A band or strip of strong material (typically a transparent plastic) or a short tube that is used to form a mould around a tooth for the insertion of restorative materials. The device is typically held snugly around the tooth by a matrix retainer. This is a single-use device.</gmdnPTDefinition>
      </gmdn>
    </gmdnTerms>
    <productCodes>
      <fdaProductCode>
        <productCode>KCQ</productCode>
        <productCodeName>TUBE IMPRESSION AND MATRIX</productCodeName>
      </fdaProductCode>
    </productCodes>
    <deviceSizes />
    <environmentalConditions />
    <sterilization>
      <deviceSterile>false</deviceSterile>
      <sterilizationPriorToUse>false</sterilizationPriorToUse>
      <methodTypes />
    </sterilization>
  </device>
  <device xmlns:xsi="http://www.w3.org/2001/XMLSchema-instance" xmlns="http://www.fda.gov/cdrh/gudid">
    <publicDeviceRecordKey>f54d564b-939d-4095-be66-1219885b8fbc</publicDeviceRecordKey>
    <publicVersionStatus>New</publicVersionStatus>
    <deviceRecordStatus>Published</deviceRecordStatus>
    <!--Note: publicVersionNumber is system generated and assigned to all device records to track public release updates to a device record-->
    <publicVersionNumber>1</publicVersionNumber>
    <publicVersionDate>2022-07-15</publicVersionDate>
    <devicePublishDate>2022-07-07</devicePublishDate>
    <deviceCommDistributionEndDate xsi:nil="true" />
    <deviceCommDistributionStatus>In Commercial Distribution</deviceCommDistributionStatus>
    <identifiers>
      <identifier>
        <deviceId>00386040003714</deviceId>
        <deviceIdType>Primary</deviceIdType>
        <deviceIdIssuingAgency>GS1</deviceIdIssuingAgency>
        <containsDINumber xsi:nil="true" />
        <pkgQuantity xsi:nil="true" />
        <pkgDiscontinueDate xsi:nil="true" />
        <pkgStatus xsi:nil="true" />
        <pkgType xsi:nil="true" />
      </identifier>
    </identifiers>
    <brandName>COE-SOFT™</brandName>
    <versionModelNumber>344003</versionModelNumber>
    <catalogNumber>344003</catalogNumber>
    <dunsNumber>005473608</dunsNumber>
    <companyName>Gc America Inc.</companyName>
    <deviceCount>1</deviceCount>
    <deviceDescription>COE-SOFT™ Economy Package (1 x 5lb powder, 2 x qt liquid)</deviceDescription>
    <DMExempt>false</DMExempt>
    <premarketExempt>false</premarketExempt>
    <deviceHCTP>false</deviceHCTP>
    <deviceKit>false</deviceKit>
    <deviceCombinationProduct>false</deviceCombinationProduct>
    <singleUse>false</singleUse>
    <lotBatch>true</lotBatch>
    <serialNumber>false</serialNumber>
    <manufacturingDate>false</manufacturingDate>
    <expirationDate>true</expirationDate>
    <donationIdNumber>false</donationIdNumber>
    <labeledContainsNRL>false</labeledContainsNRL>
    <labeledNoNRL>false</labeledNoNRL>
    <MRISafetyStatus>Labeling does not contain MRI Safety Information</MRISafetyStatus>
    <rx>true</rx>
    <otc>false</otc>
    <contacts>
      <customerContact>
        <phone>+1(708)597-0900</phone>
        <phoneExtension xsi:nil="true" />
        <email>customerservice@gcamerica.com</email>
      </customerContact>
    </contacts>
    <premarketSubmissions>
      <premarketSubmission>
        <submissionNumber>K070697</submissionNumber>
        <supplementNumber>000</supplementNumber>
      </premarketSubmission>
    </premarketSubmissions>
    <gmdnTerms>
      <gmdn>
        <gmdnPTName>Denture reliner, soft, professional</gmdnPTName>
        <gmdnPTDefinition>A denture relining material used in dentistry by a dentist or dental laboratory technician that is applied as a permanent coating or lining on the base or tissue-contacting surface of a denture and which sets to a soft, plastic condition. Denture relining is defined as a process of providing a new fitting surface to a denture (ISO 1942-2, def 2.111). After application, this device cannot be reused.</gmdnPTDefinition>
      </gmdn>
    </gmdnTerms>
    <productCodes>
      <fdaProductCode>
        <productCode>EBI</productCode>
        <productCodeName>RESIN, DENTURE, RELINING, REPAIRING, REBASING</productCodeName>
      </fdaProductCode>
    </productCodes>
    <deviceSizes>
      <deviceSize>
        <sizeType>Weight</sizeType>
        <size value="5" unit="Pound" />
        <sizeText xsi:nil="true" />
      </deviceSize>
    </deviceSizes>
    <environmentalConditions>
      <storageHandling>
        <storageHandlingType>Storage Environment Temperature</storageHandlingType>
        <storageHandlingHigh value="77" unit="Degrees Fahrenheit" />
        <storageHandlingLow value="70" unit="Degrees Fahrenheit" />
        <storageHandlingSpecialConditionText xsi:nil="true" />
      </storageHandling>
      <storageHandling>
        <storageHandlingType>Storage Environment Temperature</storageHandlingType>
        <storageHandlingHigh value="25" unit="Degrees Celsius" />
        <storageHandlingLow value="21" unit="Degrees Celsius" />
        <storageHandlingSpecialConditionText xsi:nil="true" />
      </storageHandling>
    </environmentalConditions>
    <sterilization>
      <deviceSterile>false</deviceSterile>
      <sterilizationPriorToUse>false</sterilizationPriorToUse>
      <methodTypes />
    </sterilization>
  </device>
  <device xmlns:xsi="http://www.w3.org/2001/XMLSchema-instance" xmlns="http://www.fda.gov/cdrh/gudid">
    <publicDeviceRecordKey>180b1539-8a4e-44a6-b943-8d144b499001</publicDeviceRecordKey>
    <publicVersionStatus>Update</publicVersionStatus>
    <deviceRecordStatus>Published</deviceRecordStatus>
    <!--Note: publicVersionNumber is system generated and assigned to all device records to track public release updates to a device record-->
    <publicVersionNumber>2</publicVersionNumber>
    <publicVersionDate>2021-08-23</publicVersionDate>
    <devicePublishDate>2019-02-14</devicePublishDate>
    <deviceCommDistributionEndDate xsi:nil="true" />
    <deviceCommDistributionStatus>In Commercial Distribution</deviceCommDistributionStatus>
    <identifiers>
      <identifier>
        <deviceId>00385640042420</deviceId>
        <deviceIdType>Primary</deviceIdType>
        <deviceIdIssuingAgency>GS1</deviceIdIssuingAgency>
        <containsDINumber xsi:nil="true" />
        <pkgQuantity xsi:nil="true" />
        <pkgDiscontinueDate xsi:nil="true" />
        <pkgStatus xsi:nil="true" />
        <pkgType xsi:nil="true" />
      </identifier>
    </identifiers>
    <brandName>MINNE TIES</brandName>
    <versionModelNumber>IN-6032-R</versionModelNumber>
    <catalogNumber xsi:nil="true" />
    <dunsNumber>965484699</dunsNumber>
    <companyName>Summit Medical, Inc.</companyName>
    <deviceCount>1</deviceCount>
    <deviceDescription xsi:nil="true" />
    <DMExempt>false</DMExempt>
    <premarketExempt>false</premarketExempt>
    <deviceHCTP>false</deviceHCTP>
    <deviceKit>false</deviceKit>
    <deviceCombinationProduct>false</deviceCombinationProduct>
    <singleUse>true</singleUse>
    <lotBatch>true</lotBatch>
    <serialNumber>false</serialNumber>
    <manufacturingDate>false</manufacturingDate>
    <expirationDate>true</expirationDate>
    <donationIdNumber>false</donationIdNumber>
    <labeledContainsNRL>false</labeledContainsNRL>
    <labeledNoNRL>true</labeledNoNRL>
    <MRISafetyStatus>Labeling does not contain MRI Safety Information</MRISafetyStatus>
    <rx>true</rx>
    <otc>false</otc>
    <contacts />
    <premarketSubmissions>
      <premarketSubmission>
        <submissionNumber>K162046</submissionNumber>
        <supplementNumber>000</supplementNumber>
      </premarketSubmission>
    </premarketSubmissions>
    <gmdnTerms>
      <gmdn>
        <gmdnPTName>Temporary maxillomandibular fixation set</gmdnPTName>
        <gmdnPTDefinition>A collection of sterile devices designed to provide temporary maxillomandibular fixation and immobilization. It consists of flexible plastic bands which are wrapped around teeth to form the anchorage points, and interlocking elastic chains attached to the anchorage points like laces on a hiking boot. It is used for the short term fixation of minimally displaced fractures and/or splintage of post jaw dislocation in the maxillofacial area. This is a single-use device.</gmdnPTDefinition>
      </gmdn>
    </gmdnTerms>
    <productCodes>
      <fdaProductCode>
        <productCode>DYX</productCode>
        <productCodeName>Lock, Wire, And Ligature, Intraoral</productCodeName>
      </fdaProductCode>
    </productCodes>
    <deviceSizes />
    <environmentalConditions />
    <sterilization>
      <deviceSterile>true</deviceSterile>
      <sterilizationPriorToUse>false</sterilizationPriorToUse>
      <methodTypes />
    </sterilization>
  </device>
  <device xmlns:xsi="http://www.w3.org/2001/XMLSchema-instance" xmlns="http://www.fda.gov/cdrh/gudid">
    <publicDeviceRecordKey>b6359eaf-e1d9-418e-90e3-11b3531ea39d</publicDeviceRecordKey>
    <publicVersionStatus>Update</publicVersionStatus>
    <deviceRecordStatus>Published</deviceRecordStatus>
    <!--Note: publicVersionNumber is system generated and assigned to all device records to track public release updates to a device record-->
    <publicVersionNumber>2</publicVersionNumber>
    <publicVersionDate>2021-08-23</publicVersionDate>
    <devicePublishDate>2019-02-14</devicePublishDate>
    <deviceCommDistributionEndDate xsi:nil="true" />
    <deviceCommDistributionStatus>In Commercial Distribution</deviceCommDistributionStatus>
    <identifiers>
      <identifier>
        <deviceId>00385640042406</deviceId>
        <deviceIdType>Primary</deviceIdType>
        <deviceIdIssuingAgency>GS1</deviceIdIssuingAgency>
        <containsDINumber xsi:nil="true" />
        <pkgQuantity xsi:nil="true" />
        <pkgDiscontinueDate xsi:nil="true" />
        <pkgStatus xsi:nil="true" />
        <pkgType xsi:nil="true" />
      </identifier>
    </identifiers>
    <brandName>MINNE TIES</brandName>
    <versionModelNumber>IN-6032-TF</versionModelNumber>
    <catalogNumber xsi:nil="true" />
    <dunsNumber>965484699</dunsNumber>
    <companyName>Summit Medical, Inc.</companyName>
    <deviceCount>1</deviceCount>
    <deviceDescription xsi:nil="true" />
    <DMExempt>false</DMExempt>
    <premarketExempt>false</premarketExempt>
    <deviceHCTP>false</deviceHCTP>
    <deviceKit>false</deviceKit>
    <deviceCombinationProduct>false</deviceCombinationProduct>
    <singleUse>true</singleUse>
    <lotBatch>true</lotBatch>
    <serialNumber>false</serialNumber>
    <manufacturingDate>false</manufacturingDate>
    <expirationDate>true</expirationDate>
    <donationIdNumber>false</donationIdNumber>
    <labeledContainsNRL>false</labeledContainsNRL>
    <labeledNoNRL>true</labeledNoNRL>
    <MRISafetyStatus>Labeling does not contain MRI Safety Information</MRISafetyStatus>
    <rx>true</rx>
    <otc>false</otc>
    <contacts />
    <premarketSubmissions>
      <premarketSubmission>
        <submissionNumber>K162046</submissionNumber>
        <supplementNumber>000</supplementNumber>
      </premarketSubmission>
    </premarketSubmissions>
    <gmdnTerms>
      <gmdn>
        <gmdnPTName>Temporary maxillomandibular fixation set</gmdnPTName>
        <gmdnPTDefinition>A collection of sterile devices designed to provide temporary maxillomandibular fixation and immobilization. It consists of flexible plastic bands which are wrapped around teeth to form the anchorage points, and interlocking elastic chains attached to the anchorage points like laces on a hiking boot. It is used for the short term fixation of minimally displaced fractures and/or splintage of post jaw dislocation in the maxillofacial area. This is a single-use device.</gmdnPTDefinition>
      </gmdn>
    </gmdnTerms>
    <productCodes>
      <fdaProductCode>
        <productCode>DYX</productCode>
        <productCodeName>Lock, Wire, And Ligature, Intraoral</productCodeName>
      </fdaProductCode>
    </productCodes>
    <deviceSizes />
    <environmentalConditions />
    <sterilization>
      <deviceSterile>true</deviceSterile>
      <sterilizationPriorToUse>false</sterilizationPriorToUse>
      <methodTypes />
    </sterilization>
  </device>
  <device xmlns:xsi="http://www.w3.org/2001/XMLSchema-instance" xmlns="http://www.fda.gov/cdrh/gudid">
    <publicDeviceRecordKey>2bc64c18-9f4f-4c5e-90ba-975dbecce5a8</publicDeviceRecordKey>
    <publicVersionStatus>Update</publicVersionStatus>
    <deviceRecordStatus>Published</deviceRecordStatus>
    <!--Note: publicVersionNumber is system generated and assigned to all device records to track public release updates to a device record-->
    <publicVersionNumber>2</publicVersionNumber>
    <publicVersionDate>2021-08-23</publicVersionDate>
    <devicePublishDate>2019-02-14</devicePublishDate>
    <deviceCommDistributionEndDate xsi:nil="true" />
    <deviceCommDistributionStatus>In Commercial Distribution</deviceCommDistributionStatus>
    <identifiers>
      <identifier>
        <deviceId>00385640042383</deviceId>
        <deviceIdType>Primary</deviceIdType>
        <deviceIdIssuingAgency>GS1</deviceIdIssuingAgency>
        <containsDINumber xsi:nil="true" />
        <pkgQuantity xsi:nil="true" />
        <pkgDiscontinueDate xsi:nil="true" />
        <pkgStatus xsi:nil="true" />
        <pkgType xsi:nil="true" />
      </identifier>
    </identifiers>
    <brandName>MINNE TIES</brandName>
    <versionModelNumber>IN-6031-NF</versionModelNumber>
    <catalogNumber xsi:nil="true" />
    <dunsNumber>965484699</dunsNumber>
    <companyName>Summit Medical, Inc.</companyName>
    <deviceCount>1</deviceCount>
    <deviceDescription xsi:nil="true" />
    <DMExempt>false</DMExempt>
    <premarketExempt>false</premarketExempt>
    <deviceHCTP>false</deviceHCTP>
    <deviceKit>false</deviceKit>
    <deviceCombinationProduct>false</deviceCombinationProduct>
    <singleUse>true</singleUse>
    <lotBatch>true</lotBatch>
    <serialNumber>false</serialNumber>
    <manufacturingDate>false</manufacturingDate>
    <expirationDate>true</expirationDate>
    <donationIdNumber>false</donationIdNumber>
    <labeledContainsNRL>false</labeledContainsNRL>
    <labeledNoNRL>true</labeledNoNRL>
    <MRISafetyStatus>Labeling does not contain MRI Safety Information</MRISafetyStatus>
    <rx>true</rx>
    <otc>false</otc>
    <contacts />
    <premarketSubmissions>
      <premarketSubmission>
        <submissionNumber>K162046</submissionNumber>
        <supplementNumber>000</supplementNumber>
      </premarketSubmission>
    </premarketSubmissions>
    <gmdnTerms>
      <gmdn>
        <gmdnPTName>Temporary maxillomandibular fixation set</gmdnPTName>
        <gmdnPTDefinition>A collection of sterile devices designed to provide temporary maxillomandibular fixation and immobilization. It consists of flexible plastic bands which are wrapped around teeth to form the anchorage points, and interlocking elastic chains attached to the anchorage points like laces on a hiking boot. It is used for the short term fixation of minimally displaced fractures and/or splintage of post jaw dislocation in the maxillofacial area. This is a single-use device.</gmdnPTDefinition>
      </gmdn>
    </gmdnTerms>
    <productCodes>
      <fdaProductCode>
        <productCode>DYX</productCode>
        <productCodeName>Lock, Wire, And Ligature, Intraoral</productCodeName>
      </fdaProductCode>
    </productCodes>
    <deviceSizes />
    <environmentalConditions />
    <sterilization>
      <deviceSterile>true</deviceSterile>
      <sterilizationPriorToUse>false</sterilizationPriorToUse>
      <methodTypes />
    </sterilization>
  </device>
  <device xmlns:xsi="http://www.w3.org/2001/XMLSchema-instance" xmlns="http://www.fda.gov/cdrh/gudid">
    <publicDeviceRecordKey>e835004d-2d15-4b7d-b553-b28353d16027</publicDeviceRecordKey>
    <publicVersionStatus>Update</publicVersionStatus>
    <deviceRecordStatus>Published</deviceRecordStatus>
    <!--Note: publicVersionNumber is system generated and assigned to all device records to track public release updates to a device record-->
    <publicVersionNumber>2</publicVersionNumber>
    <publicVersionDate>2021-08-23</publicVersionDate>
    <devicePublishDate>2019-01-09</devicePublishDate>
    <deviceCommDistributionEndDate xsi:nil="true" />
    <deviceCommDistributionStatus>In Commercial Distribution</deviceCommDistributionStatus>
    <identifiers>
      <identifier>
        <deviceId>00385640041751</deviceId>
        <deviceIdType>Primary</deviceIdType>
        <deviceIdIssuingAgency>GS1</deviceIdIssuingAgency>
        <containsDINumber xsi:nil="true" />
        <pkgQuantity xsi:nil="true" />
        <pkgDiscontinueDate xsi:nil="true" />
        <pkgStatus xsi:nil="true" />
        <pkgType xsi:nil="true" />
      </identifier>
    </identifiers>
    <brandName>MINNE TIES</brandName>
    <versionModelNumber>MT-1004</versionModelNumber>
    <catalogNumber xsi:nil="true" />
    <dunsNumber>965484699</dunsNumber>
    <companyName>Summit Medical, Inc.</companyName>
    <deviceCount>1</deviceCount>
    <deviceDescription xsi:nil="true" />
    <DMExempt>false</DMExempt>
    <premarketExempt>false</premarketExempt>
    <deviceHCTP>false</deviceHCTP>
    <deviceKit>false</deviceKit>
    <deviceCombinationProduct>false</deviceCombinationProduct>
    <singleUse>true</singleUse>
    <lotBatch>true</lotBatch>
    <serialNumber>false</serialNumber>
    <manufacturingDate>false</manufacturingDate>
    <expirationDate>true</expirationDate>
    <donationIdNumber>false</donationIdNumber>
    <labeledContainsNRL>false</labeledContainsNRL>
    <labeledNoNRL>true</labeledNoNRL>
    <MRISafetyStatus>Labeling does not contain MRI Safety Information</MRISafetyStatus>
    <rx>true</rx>
    <otc>false</otc>
    <contacts />
    <premarketSubmissions>
      <premarketSubmission>
        <submissionNumber>K162046</submissionNumber>
        <supplementNumber>000</supplementNumber>
      </premarketSubmission>
    </premarketSubmissions>
    <gmdnTerms>
      <gmdn>
        <gmdnPTName>Temporary maxillomandibular fixation set</gmdnPTName>
        <gmdnPTDefinition>A collection of sterile devices designed to provide temporary maxillomandibular fixation and immobilization. It consists of flexible plastic bands which are wrapped around teeth to form the anchorage points, and interlocking elastic chains attached to the anchorage points like laces on a hiking boot. It is used for the short term fixation of minimally displaced fractures and/or splintage of post jaw dislocation in the maxillofacial area. This is a single-use device.</gmdnPTDefinition>
      </gmdn>
    </gmdnTerms>
    <productCodes>
      <fdaProductCode>
        <productCode>DYX</productCode>
        <productCodeName>Lock, Wire, And Ligature, Intraoral</productCodeName>
      </fdaProductCode>
    </productCodes>
    <deviceSizes />
    <environmentalConditions />
    <sterilization>
      <deviceSterile>true</deviceSterile>
      <sterilizationPriorToUse>false</sterilizationPriorToUse>
      <methodTypes />
    </sterilization>
  </device>
  <device xmlns:xsi="http://www.w3.org/2001/XMLSchema-instance" xmlns="http://www.fda.gov/cdrh/gudid">
    <publicDeviceRecordKey>772036ef-593d-4162-82a9-be717c6d76a0</publicDeviceRecordKey>
    <publicVersionStatus>Update</publicVersionStatus>
    <deviceRecordStatus>Published</deviceRecordStatus>
    <!--Note: publicVersionNumber is system generated and assigned to all device records to track public release updates to a device record-->
    <publicVersionNumber>4</publicVersionNumber>
    <publicVersionDate>2021-08-23</publicVersionDate>
    <devicePublishDate>2017-05-19</devicePublishDate>
    <deviceCommDistributionEndDate xsi:nil="true" />
    <deviceCommDistributionStatus>In Commercial Distribution</deviceCommDistributionStatus>
    <identifiers>
      <identifier>
        <deviceId>00385640028189</deviceId>
        <deviceIdType>Primary</deviceIdType>
        <deviceIdIssuingAgency>GS1</deviceIdIssuingAgency>
        <containsDINumber xsi:nil="true" />
        <pkgQuantity xsi:nil="true" />
        <pkgDiscontinueDate xsi:nil="true" />
        <pkgStatus xsi:nil="true" />
        <pkgType xsi:nil="true" />
      </identifier>
    </identifiers>
    <brandName>MINNE TIES</brandName>
    <versionModelNumber>MT-1002</versionModelNumber>
    <catalogNumber xsi:nil="true" />
    <dunsNumber>965484699</dunsNumber>
    <companyName>Summit Medical, Inc.</companyName>
    <deviceCount>1</deviceCount>
    <deviceDescription xsi:nil="true" />
    <DMExempt>false</DMExempt>
    <premarketExempt>false</premarketExempt>
    <deviceHCTP>false</deviceHCTP>
    <deviceKit>false</deviceKit>
    <deviceCombinationProduct>false</deviceCombinationProduct>
    <singleUse>true</singleUse>
    <lotBatch>true</lotBatch>
    <serialNumber>false</serialNumber>
    <manufacturingDate>false</manufacturingDate>
    <expirationDate>true</expirationDate>
    <donationIdNumber>false</donationIdNumber>
    <labeledContainsNRL>false</labeledContainsNRL>
    <labeledNoNRL>true</labeledNoNRL>
    <MRISafetyStatus>Labeling does not contain MRI Safety Information</MRISafetyStatus>
    <rx>true</rx>
    <otc>false</otc>
    <contacts />
    <premarketSubmissions>
      <premarketSubmission>
        <submissionNumber>K162046</submissionNumber>
        <supplementNumber>000</supplementNumber>
      </premarketSubmission>
    </premarketSubmissions>
    <gmdnTerms>
      <gmdn>
        <gmdnPTName>Temporary maxillomandibular fixation set</gmdnPTName>
        <gmdnPTDefinition>A collection of sterile devices designed to provide temporary maxillomandibular fixation and immobilization. It consists of flexible plastic bands which are wrapped around teeth to form the anchorage points, and interlocking elastic chains attached to the anchorage points like laces on a hiking boot. It is used for the short term fixation of minimally displaced fractures and/or splintage of post jaw dislocation in the maxillofacial area. This is a single-use device.</gmdnPTDefinition>
      </gmdn>
    </gmdnTerms>
    <productCodes>
      <fdaProductCode>
        <productCode>DYX</productCode>
        <productCodeName>Lock, Wire, And Ligature, Intraoral</productCodeName>
      </fdaProductCode>
    </productCodes>
    <deviceSizes />
    <environmentalConditions />
    <sterilization>
      <deviceSterile>true</deviceSterile>
      <sterilizationPriorToUse>false</sterilizationPriorToUse>
      <methodTypes />
    </sterilization>
  </device>
  <device xmlns:xsi="http://www.w3.org/2001/XMLSchema-instance" xmlns="http://www.fda.gov/cdrh/gudid">
    <publicDeviceRecordKey>20741f71-8887-45fb-8f68-f7ff9ada4f9e</publicDeviceRecordKey>
    <publicVersionStatus>Update</publicVersionStatus>
    <deviceRecordStatus>Published</deviceRecordStatus>
    <!--Note: publicVersionNumber is system generated and assigned to all device records to track public release updates to a device record-->
    <publicVersionNumber>4</publicVersionNumber>
    <publicVersionDate>2021-08-23</publicVersionDate>
    <devicePublishDate>2017-05-19</devicePublishDate>
    <deviceCommDistributionEndDate xsi:nil="true" />
    <deviceCommDistributionStatus>In Commercial Distribution</deviceCommDistributionStatus>
    <identifiers>
      <identifier>
        <deviceId>00385640028172</deviceId>
        <deviceIdType>Primary</deviceIdType>
        <deviceIdIssuingAgency>GS1</deviceIdIssuingAgency>
        <containsDINumber xsi:nil="true" />
        <pkgQuantity xsi:nil="true" />
        <pkgDiscontinueDate xsi:nil="true" />
        <pkgStatus xsi:nil="true" />
        <pkgType xsi:nil="true" />
      </identifier>
    </identifiers>
    <brandName>MINNE TIES</brandName>
    <versionModelNumber>MT-1003</versionModelNumber>
    <catalogNumber xsi:nil="true" />
    <dunsNumber>965484699</dunsNumber>
    <companyName>Summit Medical, Inc.</companyName>
    <deviceCount>1</deviceCount>
    <deviceDescription xsi:nil="true" />
    <DMExempt>false</DMExempt>
    <premarketExempt>false</premarketExempt>
    <deviceHCTP>false</deviceHCTP>
    <deviceKit>false</deviceKit>
    <deviceCombinationProduct>false</deviceCombinationProduct>
    <singleUse>true</singleUse>
    <lotBatch>true</lotBatch>
    <serialNumber>false</serialNumber>
    <manufacturingDate>false</manufacturingDate>
    <expirationDate>true</expirationDate>
    <donationIdNumber>false</donationIdNumber>
    <labeledContainsNRL>false</labeledContainsNRL>
    <labeledNoNRL>true</labeledNoNRL>
    <MRISafetyStatus>Labeling does not contain MRI Safety Information</MRISafetyStatus>
    <rx>true</rx>
    <otc>false</otc>
    <contacts />
    <premarketSubmissions>
      <premarketSubmission>
        <submissionNumber>K162046</submissionNumber>
        <supplementNumber>000</supplementNumber>
      </premarketSubmission>
    </premarketSubmissions>
    <gmdnTerms>
      <gmdn>
        <gmdnPTName>Temporary maxillomandibular fixation set</gmdnPTName>
        <gmdnPTDefinition>A collection of sterile devices designed to provide temporary maxillomandibular fixation and immobilization. It consists of flexible plastic bands which are wrapped around teeth to form the anchorage points, and interlocking elastic chains attached to the anchorage points like laces on a hiking boot. It is used for the short term fixation of minimally displaced fractures and/or splintage of post jaw dislocation in the maxillofacial area. This is a single-use device.</gmdnPTDefinition>
      </gmdn>
    </gmdnTerms>
    <productCodes>
      <fdaProductCode>
        <productCode>DYX</productCode>
        <productCodeName>Lock, Wire, And Ligature, Intraoral</productCodeName>
      </fdaProductCode>
    </productCodes>
    <deviceSizes />
    <environmentalConditions />
    <sterilization>
      <deviceSterile>true</deviceSterile>
      <sterilizationPriorToUse>false</sterilizationPriorToUse>
      <methodTypes />
    </sterilization>
  </device>
  <device xmlns:xsi="http://www.w3.org/2001/XMLSchema-instance" xmlns="http://www.fda.gov/cdrh/gudid">
    <publicDeviceRecordKey>8bc26509-2753-4bbd-9b94-c134ffe4b2ca</publicDeviceRecordKey>
    <publicVersionStatus>Update</publicVersionStatus>
    <deviceRecordStatus>Published</deviceRecordStatus>
    <!--Note: publicVersionNumber is system generated and assigned to all device records to track public release updates to a device record-->
    <publicVersionNumber>4</publicVersionNumber>
    <publicVersionDate>2021-08-23</publicVersionDate>
    <devicePublishDate>2017-05-19</devicePublishDate>
    <deviceCommDistributionEndDate xsi:nil="true" />
    <deviceCommDistributionStatus>In Commercial Distribution</deviceCommDistributionStatus>
    <identifiers>
      <identifier>
        <deviceId>00385640028165</deviceId>
        <deviceIdType>Primary</deviceIdType>
        <deviceIdIssuingAgency>GS1</deviceIdIssuingAgency>
        <containsDINumber xsi:nil="true" />
        <pkgQuantity xsi:nil="true" />
        <pkgDiscontinueDate xsi:nil="true" />
        <pkgStatus xsi:nil="true" />
        <pkgType xsi:nil="true" />
      </identifier>
    </identifiers>
    <brandName>MINNE TIES</brandName>
    <versionModelNumber>MT-1001</versionModelNumber>
    <catalogNumber xsi:nil="true" />
    <dunsNumber>965484699</dunsNumber>
    <companyName>Summit Medical, Inc.</companyName>
    <deviceCount>1</deviceCount>
    <deviceDescription xsi:nil="true" />
    <DMExempt>false</DMExempt>
    <premarketExempt>false</premarketExempt>
    <deviceHCTP>false</deviceHCTP>
    <deviceKit>false</deviceKit>
    <deviceCombinationProduct>false</deviceCombinationProduct>
    <singleUse>true</singleUse>
    <lotBatch>true</lotBatch>
    <serialNumber>false</serialNumber>
    <manufacturingDate>false</manufacturingDate>
    <expirationDate>true</expirationDate>
    <donationIdNumber>false</donationIdNumber>
    <labeledContainsNRL>false</labeledContainsNRL>
    <labeledNoNRL>true</labeledNoNRL>
    <MRISafetyStatus>Labeling does not contain MRI Safety Information</MRISafetyStatus>
    <rx>true</rx>
    <otc>false</otc>
    <contacts />
    <premarketSubmissions>
      <premarketSubmission>
        <submissionNumber>K162046</submissionNumber>
        <supplementNumber>000</supplementNumber>
      </premarketSubmission>
    </premarketSubmissions>
    <gmdnTerms>
      <gmdn>
        <gmdnPTName>Temporary maxillomandibular fixation set</gmdnPTName>
        <gmdnPTDefinition>A collection of sterile devices designed to provide temporary maxillomandibular fixation and immobilization. It consists of flexible plastic bands which are wrapped around teeth to form the anchorage points, and interlocking elastic chains attached to the anchorage points like laces on a hiking boot. It is used for the short term fixation of minimally displaced fractures and/or splintage of post jaw dislocation in the maxillofacial area. This is a single-use device.</gmdnPTDefinition>
      </gmdn>
    </gmdnTerms>
    <productCodes>
      <fdaProductCode>
        <productCode>DYX</productCode>
        <productCodeName>Lock, Wire, And Ligature, Intraoral</productCodeName>
      </fdaProductCode>
    </productCodes>
    <deviceSizes />
    <environmentalConditions />
    <sterilization>
      <deviceSterile>true</deviceSterile>
      <sterilizationPriorToUse>false</sterilizationPriorToUse>
      <methodTypes />
    </sterilization>
  </device>
  <device xmlns:xsi="http://www.w3.org/2001/XMLSchema-instance" xmlns="http://www.fda.gov/cdrh/gudid">
    <publicDeviceRecordKey>9febfb35-ef32-4558-a181-f721d90702da</publicDeviceRecordKey>
    <publicVersionStatus>Update</publicVersionStatus>
    <deviceRecordStatus>Published</deviceRecordStatus>
    <!--Note: publicVersionNumber is system generated and assigned to all device records to track public release updates to a device record-->
    <publicVersionNumber>4</publicVersionNumber>
    <publicVersionDate>2021-08-23</publicVersionDate>
    <devicePublishDate>2017-05-19</devicePublishDate>
    <deviceCommDistributionEndDate xsi:nil="true" />
    <deviceCommDistributionStatus>In Commercial Distribution</deviceCommDistributionStatus>
    <identifiers>
      <identifier>
        <deviceId>00385640000642</deviceId>
        <deviceIdType>Primary</deviceIdType>
        <deviceIdIssuingAgency>GS1</deviceIdIssuingAgency>
        <containsDINumber xsi:nil="true" />
        <pkgQuantity xsi:nil="true" />
        <pkgDiscontinueDate xsi:nil="true" />
        <pkgStatus xsi:nil="true" />
        <pkgType xsi:nil="true" />
      </identifier>
    </identifiers>
    <brandName>MINNE TIES</brandName>
    <versionModelNumber>MT-1000</versionModelNumber>
    <catalogNumber xsi:nil="true" />
    <dunsNumber>965484699</dunsNumber>
    <companyName>Summit Medical, Inc.</companyName>
    <deviceCount>1</deviceCount>
    <deviceDescription xsi:nil="true" />
    <DMExempt>false</DMExempt>
    <premarketExempt>false</premarketExempt>
    <deviceHCTP>false</deviceHCTP>
    <deviceKit>false</deviceKit>
    <deviceCombinationProduct>false</deviceCombinationProduct>
    <singleUse>true</singleUse>
    <lotBatch>true</lotBatch>
    <serialNumber>false</serialNumber>
    <manufacturingDate>false</manufacturingDate>
    <expirationDate>true</expirationDate>
    <donationIdNumber>false</donationIdNumber>
    <labeledContainsNRL>false</labeledContainsNRL>
    <labeledNoNRL>true</labeledNoNRL>
    <MRISafetyStatus>Labeling does not contain MRI Safety Information</MRISafetyStatus>
    <rx>true</rx>
    <otc>false</otc>
    <contacts />
    <premarketSubmissions>
      <premarketSubmission>
        <submissionNumber>K162046</submissionNumber>
        <supplementNumber>000</supplementNumber>
      </premarketSubmission>
    </premarketSubmissions>
    <gmdnTerms>
      <gmdn>
        <gmdnPTName>Temporary maxillomandibular fixation set</gmdnPTName>
        <gmdnPTDefinition>A collection of sterile devices designed to provide temporary maxillomandibular fixation and immobilization. It consists of flexible plastic bands which are wrapped around teeth to form the anchorage points, and interlocking elastic chains attached to the anchorage points like laces on a hiking boot. It is used for the short term fixation of minimally displaced fractures and/or splintage of post jaw dislocation in the maxillofacial area. This is a single-use device.</gmdnPTDefinition>
      </gmdn>
    </gmdnTerms>
    <productCodes>
      <fdaProductCode>
        <productCode>DYX</productCode>
        <productCodeName>Lock, Wire, And Ligature, Intraoral</productCodeName>
      </fdaProductCode>
    </productCodes>
    <deviceSizes />
    <environmentalConditions />
    <sterilization>
      <deviceSterile>true</deviceSterile>
      <sterilizationPriorToUse>false</sterilizationPriorToUse>
      <methodTypes />
    </sterilization>
  </device>
</devices>