﻿<?xml version="1.0" encoding="UTF-8"?>
<devices>
  <device xmlns:xsi="http://www.w3.org/2001/XMLSchema-instance" xmlns="http://www.fda.gov/cdrh/gudid">
    <publicDeviceRecordKey>a326abb8-b788-45e6-b49c-9e4956f5579a</publicDeviceRecordKey>
    <publicVersionStatus>Update</publicVersionStatus>
    <deviceRecordStatus>Published</deviceRecordStatus>
    <!--Note: publicVersionNumber is system generated and assigned to all device records to track public release updates to a device record-->
    <publicVersionNumber>2</publicVersionNumber>
    <publicVersionDate>2023-12-25</publicVersionDate>
    <devicePublishDate>2023-01-16</devicePublishDate>
    <deviceCommDistributionEndDate xsi:nil="true" />
    <deviceCommDistributionStatus>In Commercial Distribution</deviceCommDistributionStatus>
    <identifiers>
      <identifier>
        <deviceId>15035883000917</deviceId>
        <deviceIdType>Primary</deviceIdType>
        <deviceIdIssuingAgency>GS1</deviceIdIssuingAgency>
        <containsDINumber xsi:nil="true" />
        <pkgQuantity xsi:nil="true" />
        <pkgDiscontinueDate xsi:nil="true" />
        <pkgStatus xsi:nil="true" />
        <pkgType xsi:nil="true" />
      </identifier>
    </identifiers>
    <brandName>SnoreLogic</brandName>
    <versionModelNumber>SMAN-USA-001-V1</versionModelNumber>
    <catalogNumber xsi:nil="true" />
    <dunsNumber>211652915</dunsNumber>
    <companyName>PASSION FOR LIFE HEALTHCARE (UK) LIMITED</companyName>
    <deviceCount>1</deviceCount>
    <deviceDescription xsi:nil="true" />
    <DMExempt>false</DMExempt>
    <premarketExempt>false</premarketExempt>
    <deviceHCTP>false</deviceHCTP>
    <deviceKit>false</deviceKit>
    <deviceCombinationProduct>false</deviceCombinationProduct>
    <singleUse>false</singleUse>
    <lotBatch>true</lotBatch>
    <serialNumber>false</serialNumber>
    <manufacturingDate>true</manufacturingDate>
    <expirationDate>false</expirationDate>
    <donationIdNumber>false</donationIdNumber>
    <labeledContainsNRL>false</labeledContainsNRL>
    <labeledNoNRL>false</labeledNoNRL>
    <MRISafetyStatus>Labeling does not contain MRI Safety Information</MRISafetyStatus>
    <rx>false</rx>
    <otc>true</otc>
    <contacts>
      <customerContact>
        <phone>17632007808</phone>
        <phoneExtension xsi:nil="true" />
        <email>llc@passionforlife.com</email>
      </customerContact>
    </contacts>
    <premarketSubmissions>
      <premarketSubmission>
        <submissionNumber>K181396</submissionNumber>
        <supplementNumber>000</supplementNumber>
      </premarketSubmission>
    </premarketSubmissions>
    <gmdnTerms>
      <gmdn>
        <gmdnCode>47526</gmdnCode>
        <gmdnPTName>Mandible-repositioning sleep-disordered breathing orthosis</gmdnPTName>
        <gmdnPTDefinition>A removable intraoral device designed to alleviate sleep-disordered breathing conditions (e.g., snoring, obstructive sleep apnoea) by repositioning and/or controlling the lower jaw (mandible), typically in a downward and forward position. It works by locking the mandible (e.g., holding the teeth) and preventing it from retruding, thus increasing the patency of the airway and decreasing both air turbulence and airway obstruction. A number of different fixed (non-adjustable) and adjustable types using several techniques and materials are available. This is a reusable device.</gmdnPTDefinition>
        <implantable>false</implantable>
        <gmdnCodeStatus>Active</gmdnCodeStatus>
      </gmdn>
    </gmdnTerms>
    <productCodes>
      <fdaProductCode>
        <productCode>LRK</productCode>
        <productCodeName>Device, Anti-Snoring</productCodeName>
      </fdaProductCode>
    </productCodes>
    <deviceSizes />
    <environmentalConditions />
    <sterilization>
      <deviceSterile>false</deviceSterile>
      <sterilizationPriorToUse>false</sterilizationPriorToUse>
      <methodTypes />
    </sterilization>
  </device>
</devices>