﻿<?xml version="1.0" encoding="UTF-8"?>
<devices>
  <device xmlns:xsi="http://www.w3.org/2001/XMLSchema-instance" xmlns="http://www.fda.gov/cdrh/gudid">
    <publicDeviceRecordKey>dc805c13-ca8b-4ca4-89d2-e3670d84dec7</publicDeviceRecordKey>
    <publicVersionStatus>Update</publicVersionStatus>
    <deviceRecordStatus>Published</deviceRecordStatus>
    <!--Note: publicVersionNumber is system generated and assigned to all device records to track public release updates to a device record-->
    <publicVersionNumber>2</publicVersionNumber>
    <publicVersionDate>2022-06-17</publicVersionDate>
    <devicePublishDate>2021-09-05</devicePublishDate>
    <deviceCommDistributionEndDate xsi:nil="true" />
    <deviceCommDistributionStatus>In Commercial Distribution</deviceCommDistributionStatus>
    <identifiers>
      <identifier>
        <deviceId>40193489975063</deviceId>
        <deviceIdType>Package</deviceIdType>
        <deviceIdIssuingAgency>GS1</deviceIdIssuingAgency>
        <containsDINumber>10193489988574</containsDINumber>
        <pkgQuantity>25</pkgQuantity>
        <pkgDiscontinueDate xsi:nil="true" />
        <pkgStatus>In Commercial Distribution</pkgStatus>
        <pkgType>CASE</pkgType>
      </identifier>
      <identifier>
        <deviceId>10193489988574</deviceId>
        <deviceIdType>Primary</deviceIdType>
        <deviceIdIssuingAgency>GS1</deviceIdIssuingAgency>
        <containsDINumber xsi:nil="true" />
        <pkgQuantity xsi:nil="true" />
        <pkgDiscontinueDate xsi:nil="true" />
        <pkgStatus xsi:nil="true" />
        <pkgType xsi:nil="true" />
      </identifier>
    </identifiers>
    <brandName>Medline Industries, Inc.</brandName>
    <versionModelNumber>DYNJ52091B</versionModelNumber>
    <catalogNumber>DYNJ52091B</catalogNumber>
    <dunsNumber>025460908</dunsNumber>
    <companyName>MEDLINE INDUSTRIES, INC.</companyName>
    <deviceCount>1</deviceCount>
    <deviceDescription>DENTAL PACK</deviceDescription>
    <DMExempt>true</DMExempt>
    <premarketExempt>true</premarketExempt>
    <deviceHCTP>false</deviceHCTP>
    <deviceKit>true</deviceKit>
    <deviceCombinationProduct>false</deviceCombinationProduct>
    <singleUse>true</singleUse>
    <lotBatch>true</lotBatch>
    <serialNumber>false</serialNumber>
    <manufacturingDate>false</manufacturingDate>
    <expirationDate>true</expirationDate>
    <donationIdNumber>false</donationIdNumber>
    <labeledContainsNRL>false</labeledContainsNRL>
    <labeledNoNRL>false</labeledNoNRL>
    <MRISafetyStatus>Labeling does not contain MRI Safety Information</MRISafetyStatus>
    <rx>true</rx>
    <otc>false</otc>
    <contacts>
      <customerContact>
        <phone>+1(800)633-5463</phone>
        <phoneExtension xsi:nil="true" />
        <email>customerservice@medline.com</email>
      </customerContact>
    </contacts>
    <gmdnTerms>
      <gmdn>
        <gmdnPTName>General surgical procedure kit, non-medicated, single-use</gmdnPTName>
        <gmdnPTDefinition>A typically non-dedicated collection of various surgical instruments, sometimes with dressings and/or other materials, but that does not contain pharmaceuticals, intended to be used during: 1) open abdominal surgery; 2) a range of open surgical procedures across multiple clinical specialties (non-dedicated); 3) non-orthopaedic trauma surgery; 4) minor dermatological surgery; or 5) cosmetic surgery below the head. As a kit that includes procedural devices, it is neither dedicated to surgical scrubbing, surgical patient preparation, nor anaesthesia, and is not a dedicated biopsy kit. This is a single-use device.</gmdnPTDefinition>
      </gmdn>
    </gmdnTerms>
    <productCodes>
      <fdaProductCode>
        <productCode>OFX</productCode>
        <productCodeName>General purpose dental tray</productCodeName>
      </fdaProductCode>
    </productCodes>
    <deviceSizes />
    <environmentalConditions />
    <sterilization>
      <deviceSterile>true</deviceSterile>
      <sterilizationPriorToUse>false</sterilizationPriorToUse>
      <methodTypes />
    </sterilization>
  </device>
  <device xmlns:xsi="http://www.w3.org/2001/XMLSchema-instance" xmlns="http://www.fda.gov/cdrh/gudid">
    <publicDeviceRecordKey>0b65cc51-d8fe-4dbf-8459-ccf9165c722e</publicDeviceRecordKey>
    <publicVersionStatus>Update</publicVersionStatus>
    <deviceRecordStatus>Published</deviceRecordStatus>
    <!--Note: publicVersionNumber is system generated and assigned to all device records to track public release updates to a device record-->
    <publicVersionNumber>2</publicVersionNumber>
    <publicVersionDate>2022-06-17</publicVersionDate>
    <devicePublishDate>2021-07-25</devicePublishDate>
    <deviceCommDistributionEndDate xsi:nil="true" />
    <deviceCommDistributionStatus>In Commercial Distribution</deviceCommDistributionStatus>
    <identifiers>
      <identifier>
        <deviceId>10193489955842</deviceId>
        <deviceIdType>Primary</deviceIdType>
        <deviceIdIssuingAgency>GS1</deviceIdIssuingAgency>
        <containsDINumber xsi:nil="true" />
        <pkgQuantity xsi:nil="true" />
        <pkgDiscontinueDate xsi:nil="true" />
        <pkgStatus xsi:nil="true" />
        <pkgType xsi:nil="true" />
      </identifier>
    </identifiers>
    <brandName>Medline Industries, Inc.</brandName>
    <versionModelNumber>DYNJ907979</versionModelNumber>
    <catalogNumber>DYNJ907979</catalogNumber>
    <dunsNumber>025460908</dunsNumber>
    <companyName>MEDLINE INDUSTRIES, INC.</companyName>
    <deviceCount>1</deviceCount>
    <deviceDescription>DENTAL</deviceDescription>
    <DMExempt>true</DMExempt>
    <premarketExempt>true</premarketExempt>
    <deviceHCTP>false</deviceHCTP>
    <deviceKit>true</deviceKit>
    <deviceCombinationProduct>false</deviceCombinationProduct>
    <singleUse>true</singleUse>
    <lotBatch>true</lotBatch>
    <serialNumber>false</serialNumber>
    <manufacturingDate>false</manufacturingDate>
    <expirationDate>true</expirationDate>
    <donationIdNumber>false</donationIdNumber>
    <labeledContainsNRL>false</labeledContainsNRL>
    <labeledNoNRL>false</labeledNoNRL>
    <MRISafetyStatus>Labeling does not contain MRI Safety Information</MRISafetyStatus>
    <rx>true</rx>
    <otc>false</otc>
    <contacts>
      <customerContact>
        <phone>+1(800)633-5463</phone>
        <phoneExtension xsi:nil="true" />
        <email>customerservice@medline.com</email>
      </customerContact>
    </contacts>
    <gmdnTerms>
      <gmdn>
        <gmdnPTName>General surgical procedure kit, non-medicated, single-use</gmdnPTName>
        <gmdnPTDefinition>A typically non-dedicated collection of various surgical instruments, sometimes with dressings and/or other materials, but that does not contain pharmaceuticals, intended to be used during: 1) open abdominal surgery; 2) a range of open surgical procedures across multiple clinical specialties (non-dedicated); 3) non-orthopaedic trauma surgery; 4) minor dermatological surgery; or 5) cosmetic surgery below the head. As a kit that includes procedural devices, it is neither dedicated to surgical scrubbing, surgical patient preparation, nor anaesthesia, and is not a dedicated biopsy kit. This is a single-use device.</gmdnPTDefinition>
      </gmdn>
    </gmdnTerms>
    <productCodes>
      <fdaProductCode>
        <productCode>OFX</productCode>
        <productCodeName>General purpose dental tray</productCodeName>
      </fdaProductCode>
    </productCodes>
    <deviceSizes />
    <environmentalConditions />
    <sterilization>
      <deviceSterile>false</deviceSterile>
      <sterilizationPriorToUse>false</sterilizationPriorToUse>
      <methodTypes />
    </sterilization>
  </device>
  <device xmlns:xsi="http://www.w3.org/2001/XMLSchema-instance" xmlns="http://www.fda.gov/cdrh/gudid">
    <publicDeviceRecordKey>1e57bf25-099e-4e5f-936a-89ba11e25f68</publicDeviceRecordKey>
    <publicVersionStatus>Update</publicVersionStatus>
    <deviceRecordStatus>Published</deviceRecordStatus>
    <!--Note: publicVersionNumber is system generated and assigned to all device records to track public release updates to a device record-->
    <publicVersionNumber>2</publicVersionNumber>
    <publicVersionDate>2022-06-17</publicVersionDate>
    <devicePublishDate>2021-07-25</devicePublishDate>
    <deviceCommDistributionEndDate xsi:nil="true" />
    <deviceCommDistributionStatus>In Commercial Distribution</deviceCommDistributionStatus>
    <identifiers>
      <identifier>
        <deviceId>10193489955132</deviceId>
        <deviceIdType>Primary</deviceIdType>
        <deviceIdIssuingAgency>GS1</deviceIdIssuingAgency>
        <containsDINumber xsi:nil="true" />
        <pkgQuantity xsi:nil="true" />
        <pkgDiscontinueDate xsi:nil="true" />
        <pkgStatus xsi:nil="true" />
        <pkgType xsi:nil="true" />
      </identifier>
    </identifiers>
    <brandName>Medline Industries, Inc.</brandName>
    <versionModelNumber>DYNJ67866A</versionModelNumber>
    <catalogNumber>DYNJ67866A</catalogNumber>
    <dunsNumber>025460908</dunsNumber>
    <companyName>MEDLINE INDUSTRIES, INC.</companyName>
    <deviceCount>1</deviceCount>
    <deviceDescription>ORAL PACK</deviceDescription>
    <DMExempt>true</DMExempt>
    <premarketExempt>true</premarketExempt>
    <deviceHCTP>false</deviceHCTP>
    <deviceKit>true</deviceKit>
    <deviceCombinationProduct>false</deviceCombinationProduct>
    <singleUse>true</singleUse>
    <lotBatch>true</lotBatch>
    <serialNumber>false</serialNumber>
    <manufacturingDate>false</manufacturingDate>
    <expirationDate>true</expirationDate>
    <donationIdNumber>false</donationIdNumber>
    <labeledContainsNRL>false</labeledContainsNRL>
    <labeledNoNRL>false</labeledNoNRL>
    <MRISafetyStatus>Labeling does not contain MRI Safety Information</MRISafetyStatus>
    <rx>true</rx>
    <otc>false</otc>
    <contacts>
      <customerContact>
        <phone>+1(800)633-5463</phone>
        <phoneExtension xsi:nil="true" />
        <email>customerservice@medline.com</email>
      </customerContact>
    </contacts>
    <gmdnTerms>
      <gmdn>
        <gmdnPTName>General surgical procedure kit, non-medicated, single-use</gmdnPTName>
        <gmdnPTDefinition>A typically non-dedicated collection of various surgical instruments, sometimes with dressings and/or other materials, but that does not contain pharmaceuticals, intended to be used during: 1) open abdominal surgery; 2) a range of open surgical procedures across multiple clinical specialties (non-dedicated); 3) non-orthopaedic trauma surgery; 4) minor dermatological surgery; or 5) cosmetic surgery below the head. As a kit that includes procedural devices, it is neither dedicated to surgical scrubbing, surgical patient preparation, nor anaesthesia, and is not a dedicated biopsy kit. This is a single-use device.</gmdnPTDefinition>
      </gmdn>
    </gmdnTerms>
    <productCodes>
      <fdaProductCode>
        <productCode>OFX</productCode>
        <productCodeName>General purpose dental tray</productCodeName>
      </fdaProductCode>
    </productCodes>
    <deviceSizes />
    <environmentalConditions />
    <sterilization>
      <deviceSterile>true</deviceSterile>
      <sterilizationPriorToUse>false</sterilizationPriorToUse>
      <methodTypes />
    </sterilization>
  </device>
  <device xmlns:xsi="http://www.w3.org/2001/XMLSchema-instance" xmlns="http://www.fda.gov/cdrh/gudid">
    <publicDeviceRecordKey>44102566-697a-458b-817d-d2e5ea563cc0</publicDeviceRecordKey>
    <publicVersionStatus>Update</publicVersionStatus>
    <deviceRecordStatus>Published</deviceRecordStatus>
    <!--Note: publicVersionNumber is system generated and assigned to all device records to track public release updates to a device record-->
    <publicVersionNumber>3</publicVersionNumber>
    <publicVersionDate>2022-06-17</publicVersionDate>
    <devicePublishDate>2021-07-18</devicePublishDate>
    <deviceCommDistributionEndDate xsi:nil="true" />
    <deviceCommDistributionStatus>In Commercial Distribution</deviceCommDistributionStatus>
    <identifiers>
      <identifier>
        <deviceId>10193489953268</deviceId>
        <deviceIdType>Primary</deviceIdType>
        <deviceIdIssuingAgency>GS1</deviceIdIssuingAgency>
        <containsDINumber xsi:nil="true" />
        <pkgQuantity xsi:nil="true" />
        <pkgDiscontinueDate xsi:nil="true" />
        <pkgStatus xsi:nil="true" />
        <pkgType xsi:nil="true" />
      </identifier>
      <identifier>
        <deviceId>40193489953269</deviceId>
        <deviceIdType>Package</deviceIdType>
        <deviceIdIssuingAgency>GS1</deviceIdIssuingAgency>
        <containsDINumber>10193489953268</containsDINumber>
        <pkgQuantity>11</pkgQuantity>
        <pkgDiscontinueDate xsi:nil="true" />
        <pkgStatus>In Commercial Distribution</pkgStatus>
        <pkgType>CASE</pkgType>
      </identifier>
    </identifiers>
    <brandName>Medline Industries, Inc.</brandName>
    <versionModelNumber>DYNJ65981A</versionModelNumber>
    <catalogNumber>DYNJ65981A</catalogNumber>
    <dunsNumber>025460908</dunsNumber>
    <companyName>MEDLINE INDUSTRIES, INC.</companyName>
    <deviceCount>1</deviceCount>
    <deviceDescription>OMS SURGERY KIT</deviceDescription>
    <DMExempt>true</DMExempt>
    <premarketExempt>true</premarketExempt>
    <deviceHCTP>false</deviceHCTP>
    <deviceKit>true</deviceKit>
    <deviceCombinationProduct>false</deviceCombinationProduct>
    <singleUse>true</singleUse>
    <lotBatch>true</lotBatch>
    <serialNumber>false</serialNumber>
    <manufacturingDate>false</manufacturingDate>
    <expirationDate>true</expirationDate>
    <donationIdNumber>false</donationIdNumber>
    <labeledContainsNRL>false</labeledContainsNRL>
    <labeledNoNRL>false</labeledNoNRL>
    <MRISafetyStatus>Labeling does not contain MRI Safety Information</MRISafetyStatus>
    <rx>true</rx>
    <otc>false</otc>
    <contacts>
      <customerContact>
        <phone>+1(800)633-5463</phone>
        <phoneExtension xsi:nil="true" />
        <email>customerservice@medline.com</email>
      </customerContact>
    </contacts>
    <gmdnTerms>
      <gmdn>
        <gmdnPTName>General surgical procedure kit, non-medicated, single-use</gmdnPTName>
        <gmdnPTDefinition>A typically non-dedicated collection of various surgical instruments, sometimes with dressings and/or other materials, but that does not contain pharmaceuticals, intended to be used during: 1) open abdominal surgery; 2) a range of open surgical procedures across multiple clinical specialties (non-dedicated); 3) non-orthopaedic trauma surgery; 4) minor dermatological surgery; or 5) cosmetic surgery below the head. As a kit that includes procedural devices, it is neither dedicated to surgical scrubbing, surgical patient preparation, nor anaesthesia, and is not a dedicated biopsy kit. This is a single-use device.</gmdnPTDefinition>
      </gmdn>
    </gmdnTerms>
    <productCodes>
      <fdaProductCode>
        <productCode>OFX</productCode>
        <productCodeName>General purpose dental tray</productCodeName>
      </fdaProductCode>
    </productCodes>
    <deviceSizes />
    <environmentalConditions />
    <sterilization>
      <deviceSterile>true</deviceSterile>
      <sterilizationPriorToUse>false</sterilizationPriorToUse>
      <methodTypes />
    </sterilization>
  </device>
  <device xmlns:xsi="http://www.w3.org/2001/XMLSchema-instance" xmlns="http://www.fda.gov/cdrh/gudid">
    <publicDeviceRecordKey>4080a1d5-1536-400e-96d9-dd35928ef326</publicDeviceRecordKey>
    <publicVersionStatus>Update</publicVersionStatus>
    <deviceRecordStatus>Published</deviceRecordStatus>
    <!--Note: publicVersionNumber is system generated and assigned to all device records to track public release updates to a device record-->
    <publicVersionNumber>4</publicVersionNumber>
    <publicVersionDate>2022-06-17</publicVersionDate>
    <devicePublishDate>2021-07-18</devicePublishDate>
    <deviceCommDistributionEndDate xsi:nil="true" />
    <deviceCommDistributionStatus>In Commercial Distribution</deviceCommDistributionStatus>
    <identifiers>
      <identifier>
        <deviceId>10193489952766</deviceId>
        <deviceIdType>Primary</deviceIdType>
        <deviceIdIssuingAgency>GS1</deviceIdIssuingAgency>
        <containsDINumber xsi:nil="true" />
        <pkgQuantity xsi:nil="true" />
        <pkgDiscontinueDate xsi:nil="true" />
        <pkgStatus xsi:nil="true" />
        <pkgType xsi:nil="true" />
      </identifier>
      <identifier>
        <deviceId>40193489952767</deviceId>
        <deviceIdType>Package</deviceIdType>
        <deviceIdIssuingAgency>GS1</deviceIdIssuingAgency>
        <containsDINumber>10193489952766</containsDINumber>
        <pkgQuantity>4</pkgQuantity>
        <pkgDiscontinueDate xsi:nil="true" />
        <pkgStatus>In Commercial Distribution</pkgStatus>
        <pkgType>CASE</pkgType>
      </identifier>
    </identifiers>
    <brandName>Medline Industries, Inc.</brandName>
    <versionModelNumber>DYNJ906941B</versionModelNumber>
    <catalogNumber>DYNJ906941B</catalogNumber>
    <dunsNumber>025460908</dunsNumber>
    <companyName>MEDLINE INDUSTRIES, INC.</companyName>
    <deviceCount>1</deviceCount>
    <deviceDescription>NORTH DENTAL</deviceDescription>
    <DMExempt>false</DMExempt>
    <premarketExempt>true</premarketExempt>
    <deviceHCTP>false</deviceHCTP>
    <deviceKit>true</deviceKit>
    <deviceCombinationProduct>false</deviceCombinationProduct>
    <singleUse>true</singleUse>
    <lotBatch>true</lotBatch>
    <serialNumber>false</serialNumber>
    <manufacturingDate>false</manufacturingDate>
    <expirationDate>true</expirationDate>
    <donationIdNumber>false</donationIdNumber>
    <labeledContainsNRL>false</labeledContainsNRL>
    <labeledNoNRL>false</labeledNoNRL>
    <MRISafetyStatus>Labeling does not contain MRI Safety Information</MRISafetyStatus>
    <rx>true</rx>
    <otc>false</otc>
    <contacts>
      <customerContact>
        <phone>+1(800)633-5463</phone>
        <phoneExtension xsi:nil="true" />
        <email>customerservice@medline.com</email>
      </customerContact>
    </contacts>
    <gmdnTerms>
      <gmdn>
        <gmdnPTName>General surgical procedure kit, non-medicated, single-use</gmdnPTName>
        <gmdnPTDefinition>A typically non-dedicated collection of various surgical instruments, sometimes with dressings and/or other materials, but that does not contain pharmaceuticals, intended to be used during: 1) open abdominal surgery; 2) a range of open surgical procedures across multiple clinical specialties (non-dedicated); 3) non-orthopaedic trauma surgery; 4) minor dermatological surgery; or 5) cosmetic surgery below the head. As a kit that includes procedural devices, it is neither dedicated to surgical scrubbing, surgical patient preparation, nor anaesthesia, and is not a dedicated biopsy kit. This is a single-use device.</gmdnPTDefinition>
      </gmdn>
    </gmdnTerms>
    <productCodes>
      <fdaProductCode>
        <productCode>OFX</productCode>
        <productCodeName>General purpose dental tray</productCodeName>
      </fdaProductCode>
    </productCodes>
    <deviceSizes />
    <environmentalConditions />
    <sterilization>
      <deviceSterile>false</deviceSterile>
      <sterilizationPriorToUse>false</sterilizationPriorToUse>
      <methodTypes />
    </sterilization>
  </device>
  <device xmlns:xsi="http://www.w3.org/2001/XMLSchema-instance" xmlns="http://www.fda.gov/cdrh/gudid">
    <publicDeviceRecordKey>ae1780f5-6f5d-4062-8fdb-768e2a57f10f</publicDeviceRecordKey>
    <publicVersionStatus>Update</publicVersionStatus>
    <deviceRecordStatus>Published</deviceRecordStatus>
    <!--Note: publicVersionNumber is system generated and assigned to all device records to track public release updates to a device record-->
    <publicVersionNumber>3</publicVersionNumber>
    <publicVersionDate>2022-06-17</publicVersionDate>
    <devicePublishDate>2021-07-11</devicePublishDate>
    <deviceCommDistributionEndDate xsi:nil="true" />
    <deviceCommDistributionStatus>In Commercial Distribution</deviceCommDistributionStatus>
    <identifiers>
      <identifier>
        <deviceId>10193489946802</deviceId>
        <deviceIdType>Primary</deviceIdType>
        <deviceIdIssuingAgency>GS1</deviceIdIssuingAgency>
        <containsDINumber xsi:nil="true" />
        <pkgQuantity xsi:nil="true" />
        <pkgDiscontinueDate xsi:nil="true" />
        <pkgStatus xsi:nil="true" />
        <pkgType xsi:nil="true" />
      </identifier>
      <identifier>
        <deviceId>40193489946803</deviceId>
        <deviceIdType>Package</deviceIdType>
        <deviceIdIssuingAgency>GS1</deviceIdIssuingAgency>
        <containsDINumber>10193489946802</containsDINumber>
        <pkgQuantity>2</pkgQuantity>
        <pkgDiscontinueDate xsi:nil="true" />
        <pkgStatus>In Commercial Distribution</pkgStatus>
        <pkgType>CASE</pkgType>
      </identifier>
    </identifiers>
    <brandName>Medline Industries, Inc.</brandName>
    <versionModelNumber>DYNJ65675A</versionModelNumber>
    <catalogNumber>DYNJ65675A</catalogNumber>
    <dunsNumber>025460908</dunsNumber>
    <companyName>MEDLINE INDUSTRIES, INC.</companyName>
    <deviceCount>1</deviceCount>
    <deviceDescription>MINOR DENTAL PACK</deviceDescription>
    <DMExempt>true</DMExempt>
    <premarketExempt>true</premarketExempt>
    <deviceHCTP>false</deviceHCTP>
    <deviceKit>true</deviceKit>
    <deviceCombinationProduct>false</deviceCombinationProduct>
    <singleUse>true</singleUse>
    <lotBatch>true</lotBatch>
    <serialNumber>false</serialNumber>
    <manufacturingDate>false</manufacturingDate>
    <expirationDate>true</expirationDate>
    <donationIdNumber>false</donationIdNumber>
    <labeledContainsNRL>false</labeledContainsNRL>
    <labeledNoNRL>false</labeledNoNRL>
    <MRISafetyStatus>Labeling does not contain MRI Safety Information</MRISafetyStatus>
    <rx>true</rx>
    <otc>false</otc>
    <contacts>
      <customerContact>
        <phone>+1(800)633-5463</phone>
        <phoneExtension xsi:nil="true" />
        <email>customerservice@medline.com</email>
      </customerContact>
    </contacts>
    <gmdnTerms>
      <gmdn>
        <gmdnPTName>General surgical procedure kit, non-medicated, single-use</gmdnPTName>
        <gmdnPTDefinition>A typically non-dedicated collection of various surgical instruments, sometimes with dressings and/or other materials, but that does not contain pharmaceuticals, intended to be used during: 1) open abdominal surgery; 2) a range of open surgical procedures across multiple clinical specialties (non-dedicated); 3) non-orthopaedic trauma surgery; 4) minor dermatological surgery; or 5) cosmetic surgery below the head. As a kit that includes procedural devices, it is neither dedicated to surgical scrubbing, surgical patient preparation, nor anaesthesia, and is not a dedicated biopsy kit. This is a single-use device.</gmdnPTDefinition>
      </gmdn>
    </gmdnTerms>
    <productCodes>
      <fdaProductCode>
        <productCode>OFX</productCode>
        <productCodeName>General purpose dental tray</productCodeName>
      </fdaProductCode>
    </productCodes>
    <deviceSizes />
    <environmentalConditions />
    <sterilization>
      <deviceSterile>true</deviceSterile>
      <sterilizationPriorToUse>false</sterilizationPriorToUse>
      <methodTypes />
    </sterilization>
  </device>
  <device xmlns:xsi="http://www.w3.org/2001/XMLSchema-instance" xmlns="http://www.fda.gov/cdrh/gudid">
    <publicDeviceRecordKey>1c6bdaed-10f2-428a-aa4b-a9c3531e2e26</publicDeviceRecordKey>
    <publicVersionStatus>Update</publicVersionStatus>
    <deviceRecordStatus>Published</deviceRecordStatus>
    <!--Note: publicVersionNumber is system generated and assigned to all device records to track public release updates to a device record-->
    <publicVersionNumber>3</publicVersionNumber>
    <publicVersionDate>2022-06-17</publicVersionDate>
    <devicePublishDate>2021-07-04</devicePublishDate>
    <deviceCommDistributionEndDate xsi:nil="true" />
    <deviceCommDistributionStatus>In Commercial Distribution</deviceCommDistributionStatus>
    <identifiers>
      <identifier>
        <deviceId>10193489939965</deviceId>
        <deviceIdType>Primary</deviceIdType>
        <deviceIdIssuingAgency>GS1</deviceIdIssuingAgency>
        <containsDINumber xsi:nil="true" />
        <pkgQuantity xsi:nil="true" />
        <pkgDiscontinueDate xsi:nil="true" />
        <pkgStatus xsi:nil="true" />
        <pkgType xsi:nil="true" />
      </identifier>
      <identifier>
        <deviceId>40193489939966</deviceId>
        <deviceIdType>Package</deviceIdType>
        <deviceIdIssuingAgency>GS1</deviceIdIssuingAgency>
        <containsDINumber>10193489939965</containsDINumber>
        <pkgQuantity>3</pkgQuantity>
        <pkgDiscontinueDate xsi:nil="true" />
        <pkgStatus>In Commercial Distribution</pkgStatus>
        <pkgType>CASE</pkgType>
      </identifier>
    </identifiers>
    <brandName>Medline Industries, Inc.</brandName>
    <versionModelNumber>DYNJ52404D</versionModelNumber>
    <catalogNumber>DYNJ52404D</catalogNumber>
    <dunsNumber>025460908</dunsNumber>
    <companyName>MEDLINE INDUSTRIES, INC.</companyName>
    <deviceCount>1</deviceCount>
    <deviceDescription>ORAL SURGERY PACK</deviceDescription>
    <DMExempt>true</DMExempt>
    <premarketExempt>true</premarketExempt>
    <deviceHCTP>false</deviceHCTP>
    <deviceKit>true</deviceKit>
    <deviceCombinationProduct>false</deviceCombinationProduct>
    <singleUse>true</singleUse>
    <lotBatch>true</lotBatch>
    <serialNumber>false</serialNumber>
    <manufacturingDate>false</manufacturingDate>
    <expirationDate>true</expirationDate>
    <donationIdNumber>false</donationIdNumber>
    <labeledContainsNRL>false</labeledContainsNRL>
    <labeledNoNRL>false</labeledNoNRL>
    <MRISafetyStatus>Labeling does not contain MRI Safety Information</MRISafetyStatus>
    <rx>true</rx>
    <otc>false</otc>
    <contacts>
      <customerContact>
        <phone>+1(800)633-5463</phone>
        <phoneExtension xsi:nil="true" />
        <email>customerservice@medline.com</email>
      </customerContact>
    </contacts>
    <gmdnTerms>
      <gmdn>
        <gmdnPTName>General surgical procedure kit, non-medicated, single-use</gmdnPTName>
        <gmdnPTDefinition>A typically non-dedicated collection of various surgical instruments, sometimes with dressings and/or other materials, but that does not contain pharmaceuticals, intended to be used during: 1) open abdominal surgery; 2) a range of open surgical procedures across multiple clinical specialties (non-dedicated); 3) non-orthopaedic trauma surgery; 4) minor dermatological surgery; or 5) cosmetic surgery below the head. As a kit that includes procedural devices, it is neither dedicated to surgical scrubbing, surgical patient preparation, nor anaesthesia, and is not a dedicated biopsy kit. This is a single-use device.</gmdnPTDefinition>
      </gmdn>
    </gmdnTerms>
    <productCodes>
      <fdaProductCode>
        <productCode>OFX</productCode>
        <productCodeName>General purpose dental tray</productCodeName>
      </fdaProductCode>
    </productCodes>
    <deviceSizes />
    <environmentalConditions />
    <sterilization>
      <deviceSterile>true</deviceSterile>
      <sterilizationPriorToUse>false</sterilizationPriorToUse>
      <methodTypes />
    </sterilization>
  </device>
  <device xmlns:xsi="http://www.w3.org/2001/XMLSchema-instance" xmlns="http://www.fda.gov/cdrh/gudid">
    <publicDeviceRecordKey>77a1414d-501b-4dde-9e6f-9fcfff893db9</publicDeviceRecordKey>
    <publicVersionStatus>Update</publicVersionStatus>
    <deviceRecordStatus>Published</deviceRecordStatus>
    <!--Note: publicVersionNumber is system generated and assigned to all device records to track public release updates to a device record-->
    <publicVersionNumber>3</publicVersionNumber>
    <publicVersionDate>2022-06-17</publicVersionDate>
    <devicePublishDate>2021-06-20</devicePublishDate>
    <deviceCommDistributionEndDate xsi:nil="true" />
    <deviceCommDistributionStatus>In Commercial Distribution</deviceCommDistributionStatus>
    <identifiers>
      <identifier>
        <deviceId>10193489923452</deviceId>
        <deviceIdType>Primary</deviceIdType>
        <deviceIdIssuingAgency>GS1</deviceIdIssuingAgency>
        <containsDINumber xsi:nil="true" />
        <pkgQuantity xsi:nil="true" />
        <pkgDiscontinueDate xsi:nil="true" />
        <pkgStatus xsi:nil="true" />
        <pkgType xsi:nil="true" />
      </identifier>
      <identifier>
        <deviceId>40193489923453</deviceId>
        <deviceIdType>Package</deviceIdType>
        <deviceIdIssuingAgency>GS1</deviceIdIssuingAgency>
        <containsDINumber>10193489923452</containsDINumber>
        <pkgQuantity>22</pkgQuantity>
        <pkgDiscontinueDate xsi:nil="true" />
        <pkgStatus>In Commercial Distribution</pkgStatus>
        <pkgType>CASE</pkgType>
      </identifier>
    </identifiers>
    <brandName>Medline Industries, Inc.</brandName>
    <versionModelNumber>DYNJ58157A</versionModelNumber>
    <catalogNumber>DYNJ58157A</catalogNumber>
    <dunsNumber>025460908</dunsNumber>
    <companyName>MEDLINE INDUSTRIES, INC.</companyName>
    <deviceCount>1</deviceCount>
    <deviceDescription>MAJOR PERIO DENTAL KIT</deviceDescription>
    <DMExempt>true</DMExempt>
    <premarketExempt>true</premarketExempt>
    <deviceHCTP>false</deviceHCTP>
    <deviceKit>true</deviceKit>
    <deviceCombinationProduct>false</deviceCombinationProduct>
    <singleUse>true</singleUse>
    <lotBatch>true</lotBatch>
    <serialNumber>false</serialNumber>
    <manufacturingDate>false</manufacturingDate>
    <expirationDate>true</expirationDate>
    <donationIdNumber>false</donationIdNumber>
    <labeledContainsNRL>false</labeledContainsNRL>
    <labeledNoNRL>false</labeledNoNRL>
    <MRISafetyStatus>Labeling does not contain MRI Safety Information</MRISafetyStatus>
    <rx>true</rx>
    <otc>false</otc>
    <contacts>
      <customerContact>
        <phone>+1(800)633-5463</phone>
        <phoneExtension xsi:nil="true" />
        <email>customerservice@medline.com</email>
      </customerContact>
    </contacts>
    <gmdnTerms>
      <gmdn>
        <gmdnPTName>General surgical procedure kit, non-medicated, single-use</gmdnPTName>
        <gmdnPTDefinition>A typically non-dedicated collection of various surgical instruments, sometimes with dressings and/or other materials, but that does not contain pharmaceuticals, intended to be used during: 1) open abdominal surgery; 2) a range of open surgical procedures across multiple clinical specialties (non-dedicated); 3) non-orthopaedic trauma surgery; 4) minor dermatological surgery; or 5) cosmetic surgery below the head. As a kit that includes procedural devices, it is neither dedicated to surgical scrubbing, surgical patient preparation, nor anaesthesia, and is not a dedicated biopsy kit. This is a single-use device.</gmdnPTDefinition>
      </gmdn>
    </gmdnTerms>
    <productCodes>
      <fdaProductCode>
        <productCode>OFX</productCode>
        <productCodeName>General purpose dental tray</productCodeName>
      </fdaProductCode>
    </productCodes>
    <deviceSizes />
    <environmentalConditions />
    <sterilization>
      <deviceSterile>true</deviceSterile>
      <sterilizationPriorToUse>false</sterilizationPriorToUse>
      <methodTypes />
    </sterilization>
  </device>
  <device xmlns:xsi="http://www.w3.org/2001/XMLSchema-instance" xmlns="http://www.fda.gov/cdrh/gudid">
    <publicDeviceRecordKey>225abdaa-32b3-4167-b431-65f45b63bd31</publicDeviceRecordKey>
    <publicVersionStatus>Update</publicVersionStatus>
    <deviceRecordStatus>Published</deviceRecordStatus>
    <!--Note: publicVersionNumber is system generated and assigned to all device records to track public release updates to a device record-->
    <publicVersionNumber>3</publicVersionNumber>
    <publicVersionDate>2022-06-17</publicVersionDate>
    <devicePublishDate>2021-06-20</devicePublishDate>
    <deviceCommDistributionEndDate xsi:nil="true" />
    <deviceCommDistributionStatus>In Commercial Distribution</deviceCommDistributionStatus>
    <identifiers>
      <identifier>
        <deviceId>10193489918724</deviceId>
        <deviceIdType>Primary</deviceIdType>
        <deviceIdIssuingAgency>GS1</deviceIdIssuingAgency>
        <containsDINumber xsi:nil="true" />
        <pkgQuantity xsi:nil="true" />
        <pkgDiscontinueDate xsi:nil="true" />
        <pkgStatus xsi:nil="true" />
        <pkgType xsi:nil="true" />
      </identifier>
      <identifier>
        <deviceId>40193489918725</deviceId>
        <deviceIdType>Package</deviceIdType>
        <deviceIdIssuingAgency>GS1</deviceIdIssuingAgency>
        <containsDINumber>10193489918724</containsDINumber>
        <pkgQuantity>8</pkgQuantity>
        <pkgDiscontinueDate xsi:nil="true" />
        <pkgStatus>In Commercial Distribution</pkgStatus>
        <pkgType>CASE</pkgType>
      </identifier>
    </identifiers>
    <brandName>Medline Industries, Inc.</brandName>
    <versionModelNumber>DYNJ69261</versionModelNumber>
    <catalogNumber>DYNJ69261</catalogNumber>
    <dunsNumber>025460908</dunsNumber>
    <companyName>MEDLINE INDUSTRIES, INC.</companyName>
    <deviceCount>1</deviceCount>
    <deviceDescription>DENTAL PACK</deviceDescription>
    <DMExempt>true</DMExempt>
    <premarketExempt>true</premarketExempt>
    <deviceHCTP>false</deviceHCTP>
    <deviceKit>true</deviceKit>
    <deviceCombinationProduct>false</deviceCombinationProduct>
    <singleUse>true</singleUse>
    <lotBatch>true</lotBatch>
    <serialNumber>false</serialNumber>
    <manufacturingDate>false</manufacturingDate>
    <expirationDate>false</expirationDate>
    <donationIdNumber>false</donationIdNumber>
    <labeledContainsNRL>false</labeledContainsNRL>
    <labeledNoNRL>false</labeledNoNRL>
    <MRISafetyStatus>Labeling does not contain MRI Safety Information</MRISafetyStatus>
    <rx>true</rx>
    <otc>false</otc>
    <contacts>
      <customerContact>
        <phone>+1(800)633-5463</phone>
        <phoneExtension xsi:nil="true" />
        <email>customerservice@medline.com</email>
      </customerContact>
    </contacts>
    <gmdnTerms>
      <gmdn>
        <gmdnPTName>General surgical procedure kit, non-medicated, single-use</gmdnPTName>
        <gmdnPTDefinition>A typically non-dedicated collection of various surgical instruments, sometimes with dressings and/or other materials, but that does not contain pharmaceuticals, intended to be used during: 1) open abdominal surgery; 2) a range of open surgical procedures across multiple clinical specialties (non-dedicated); 3) non-orthopaedic trauma surgery; 4) minor dermatological surgery; or 5) cosmetic surgery below the head. As a kit that includes procedural devices, it is neither dedicated to surgical scrubbing, surgical patient preparation, nor anaesthesia, and is not a dedicated biopsy kit. This is a single-use device.</gmdnPTDefinition>
      </gmdn>
    </gmdnTerms>
    <productCodes>
      <fdaProductCode>
        <productCode>OFX</productCode>
        <productCodeName>General purpose dental tray</productCodeName>
      </fdaProductCode>
    </productCodes>
    <deviceSizes />
    <environmentalConditions />
    <sterilization>
      <deviceSterile>true</deviceSterile>
      <sterilizationPriorToUse>false</sterilizationPriorToUse>
      <methodTypes />
    </sterilization>
  </device>
  <device xmlns:xsi="http://www.w3.org/2001/XMLSchema-instance" xmlns="http://www.fda.gov/cdrh/gudid">
    <publicDeviceRecordKey>17f82b1b-6295-421f-a97a-5a6af64d5db0</publicDeviceRecordKey>
    <publicVersionStatus>Update</publicVersionStatus>
    <deviceRecordStatus>Published</deviceRecordStatus>
    <!--Note: publicVersionNumber is system generated and assigned to all device records to track public release updates to a device record-->
    <publicVersionNumber>3</publicVersionNumber>
    <publicVersionDate>2022-06-17</publicVersionDate>
    <devicePublishDate>2021-06-20</devicePublishDate>
    <deviceCommDistributionEndDate xsi:nil="true" />
    <deviceCommDistributionStatus>In Commercial Distribution</deviceCommDistributionStatus>
    <identifiers>
      <identifier>
        <deviceId>10193489917208</deviceId>
        <deviceIdType>Primary</deviceIdType>
        <deviceIdIssuingAgency>GS1</deviceIdIssuingAgency>
        <containsDINumber xsi:nil="true" />
        <pkgQuantity xsi:nil="true" />
        <pkgDiscontinueDate xsi:nil="true" />
        <pkgStatus xsi:nil="true" />
        <pkgType xsi:nil="true" />
      </identifier>
      <identifier>
        <deviceId>40193489917209</deviceId>
        <deviceIdType>Package</deviceIdType>
        <deviceIdIssuingAgency>GS1</deviceIdIssuingAgency>
        <containsDINumber>10193489917208</containsDINumber>
        <pkgQuantity>2</pkgQuantity>
        <pkgDiscontinueDate xsi:nil="true" />
        <pkgStatus>In Commercial Distribution</pkgStatus>
        <pkgType>CASE</pkgType>
      </identifier>
    </identifiers>
    <brandName>Medline Industries, Inc.</brandName>
    <versionModelNumber>DYNJ37536C</versionModelNumber>
    <catalogNumber>DYNJ37536C</catalogNumber>
    <dunsNumber>025460908</dunsNumber>
    <companyName>MEDLINE INDUSTRIES, INC.</companyName>
    <deviceCount>1</deviceCount>
    <deviceDescription>DENTAL PACK</deviceDescription>
    <DMExempt>true</DMExempt>
    <premarketExempt>true</premarketExempt>
    <deviceHCTP>false</deviceHCTP>
    <deviceKit>true</deviceKit>
    <deviceCombinationProduct>false</deviceCombinationProduct>
    <singleUse>true</singleUse>
    <lotBatch>true</lotBatch>
    <serialNumber>false</serialNumber>
    <manufacturingDate>false</manufacturingDate>
    <expirationDate>true</expirationDate>
    <donationIdNumber>false</donationIdNumber>
    <labeledContainsNRL>false</labeledContainsNRL>
    <labeledNoNRL>false</labeledNoNRL>
    <MRISafetyStatus>Labeling does not contain MRI Safety Information</MRISafetyStatus>
    <rx>true</rx>
    <otc>false</otc>
    <contacts>
      <customerContact>
        <phone>+1(800)633-5463</phone>
        <phoneExtension xsi:nil="true" />
        <email>customerservice@medline.com</email>
      </customerContact>
    </contacts>
    <gmdnTerms>
      <gmdn>
        <gmdnPTName>General surgical procedure kit, non-medicated, single-use</gmdnPTName>
        <gmdnPTDefinition>A typically non-dedicated collection of various surgical instruments, sometimes with dressings and/or other materials, but that does not contain pharmaceuticals, intended to be used during: 1) open abdominal surgery; 2) a range of open surgical procedures across multiple clinical specialties (non-dedicated); 3) non-orthopaedic trauma surgery; 4) minor dermatological surgery; or 5) cosmetic surgery below the head. As a kit that includes procedural devices, it is neither dedicated to surgical scrubbing, surgical patient preparation, nor anaesthesia, and is not a dedicated biopsy kit. This is a single-use device.</gmdnPTDefinition>
      </gmdn>
    </gmdnTerms>
    <productCodes>
      <fdaProductCode>
        <productCode>OFX</productCode>
        <productCodeName>General purpose dental tray</productCodeName>
      </fdaProductCode>
    </productCodes>
    <deviceSizes />
    <environmentalConditions />
    <sterilization>
      <deviceSterile>true</deviceSterile>
      <sterilizationPriorToUse>false</sterilizationPriorToUse>
      <methodTypes />
    </sterilization>
  </device>
  <device xmlns:xsi="http://www.w3.org/2001/XMLSchema-instance" xmlns="http://www.fda.gov/cdrh/gudid">
    <publicDeviceRecordKey>4920ff4d-9a08-471d-b0bf-38769355d67e</publicDeviceRecordKey>
    <publicVersionStatus>Update</publicVersionStatus>
    <deviceRecordStatus>Published</deviceRecordStatus>
    <!--Note: publicVersionNumber is system generated and assigned to all device records to track public release updates to a device record-->
    <publicVersionNumber>2</publicVersionNumber>
    <publicVersionDate>2022-06-17</publicVersionDate>
    <devicePublishDate>2021-06-06</devicePublishDate>
    <deviceCommDistributionEndDate xsi:nil="true" />
    <deviceCommDistributionStatus>In Commercial Distribution</deviceCommDistributionStatus>
    <identifiers>
      <identifier>
        <deviceId>10193489908114</deviceId>
        <deviceIdType>Primary</deviceIdType>
        <deviceIdIssuingAgency>GS1</deviceIdIssuingAgency>
        <containsDINumber xsi:nil="true" />
        <pkgQuantity xsi:nil="true" />
        <pkgDiscontinueDate xsi:nil="true" />
        <pkgStatus xsi:nil="true" />
        <pkgType xsi:nil="true" />
      </identifier>
    </identifiers>
    <brandName>Medline Industries, Inc.</brandName>
    <versionModelNumber>DYNJ907856</versionModelNumber>
    <catalogNumber>DYNJ907856</catalogNumber>
    <dunsNumber>025460908</dunsNumber>
    <companyName>MEDLINE INDUSTRIES, INC.</companyName>
    <deviceCount>1</deviceCount>
    <deviceDescription>DENTAL</deviceDescription>
    <DMExempt>true</DMExempt>
    <premarketExempt>true</premarketExempt>
    <deviceHCTP>false</deviceHCTP>
    <deviceKit>true</deviceKit>
    <deviceCombinationProduct>false</deviceCombinationProduct>
    <singleUse>true</singleUse>
    <lotBatch>true</lotBatch>
    <serialNumber>false</serialNumber>
    <manufacturingDate>false</manufacturingDate>
    <expirationDate>true</expirationDate>
    <donationIdNumber>false</donationIdNumber>
    <labeledContainsNRL>false</labeledContainsNRL>
    <labeledNoNRL>false</labeledNoNRL>
    <MRISafetyStatus>Labeling does not contain MRI Safety Information</MRISafetyStatus>
    <rx>true</rx>
    <otc>false</otc>
    <contacts>
      <customerContact>
        <phone>+1(800)633-5463</phone>
        <phoneExtension xsi:nil="true" />
        <email>customerservice@medline.com</email>
      </customerContact>
    </contacts>
    <gmdnTerms>
      <gmdn>
        <gmdnPTName>General surgical procedure kit, non-medicated, single-use</gmdnPTName>
        <gmdnPTDefinition>A typically non-dedicated collection of various surgical instruments, sometimes with dressings and/or other materials, but that does not contain pharmaceuticals, intended to be used during: 1) open abdominal surgery; 2) a range of open surgical procedures across multiple clinical specialties (non-dedicated); 3) non-orthopaedic trauma surgery; 4) minor dermatological surgery; or 5) cosmetic surgery below the head. As a kit that includes procedural devices, it is neither dedicated to surgical scrubbing, surgical patient preparation, nor anaesthesia, and is not a dedicated biopsy kit. This is a single-use device.</gmdnPTDefinition>
      </gmdn>
    </gmdnTerms>
    <productCodes>
      <fdaProductCode>
        <productCode>OFX</productCode>
        <productCodeName>General purpose dental tray</productCodeName>
      </fdaProductCode>
    </productCodes>
    <deviceSizes />
    <environmentalConditions />
    <sterilization>
      <deviceSterile>false</deviceSterile>
      <sterilizationPriorToUse>false</sterilizationPriorToUse>
      <methodTypes />
    </sterilization>
  </device>
  <device xmlns:xsi="http://www.w3.org/2001/XMLSchema-instance" xmlns="http://www.fda.gov/cdrh/gudid">
    <publicDeviceRecordKey>bb8a2947-0b0e-4e4b-bb3c-f563f5724aeb</publicDeviceRecordKey>
    <publicVersionStatus>Update</publicVersionStatus>
    <deviceRecordStatus>Published</deviceRecordStatus>
    <!--Note: publicVersionNumber is system generated and assigned to all device records to track public release updates to a device record-->
    <publicVersionNumber>2</publicVersionNumber>
    <publicVersionDate>2022-06-17</publicVersionDate>
    <devicePublishDate>2021-09-01</devicePublishDate>
    <deviceCommDistributionEndDate xsi:nil="true" />
    <deviceCommDistributionStatus>In Commercial Distribution</deviceCommDistributionStatus>
    <identifiers>
      <identifier>
        <deviceId>40193489903707</deviceId>
        <deviceIdType>Package</deviceIdType>
        <deviceIdIssuingAgency>GS1</deviceIdIssuingAgency>
        <containsDINumber>10193489903706</containsDINumber>
        <pkgQuantity>3</pkgQuantity>
        <pkgDiscontinueDate xsi:nil="true" />
        <pkgStatus>In Commercial Distribution</pkgStatus>
        <pkgType>CASE</pkgType>
      </identifier>
      <identifier>
        <deviceId>10193489903706</deviceId>
        <deviceIdType>Primary</deviceIdType>
        <deviceIdIssuingAgency>GS1</deviceIdIssuingAgency>
        <containsDINumber xsi:nil="true" />
        <pkgQuantity xsi:nil="true" />
        <pkgDiscontinueDate xsi:nil="true" />
        <pkgStatus xsi:nil="true" />
        <pkgType xsi:nil="true" />
      </identifier>
    </identifiers>
    <brandName>Medline Industries, Inc.</brandName>
    <versionModelNumber>DYNJ45540D</versionModelNumber>
    <catalogNumber>DYNJ45540D</catalogNumber>
    <dunsNumber>025460908</dunsNumber>
    <companyName>MEDLINE INDUSTRIES, INC.</companyName>
    <deviceCount>1</deviceCount>
    <deviceDescription>DENTAL SURGICOUNT</deviceDescription>
    <DMExempt>true</DMExempt>
    <premarketExempt>true</premarketExempt>
    <deviceHCTP>false</deviceHCTP>
    <deviceKit>true</deviceKit>
    <deviceCombinationProduct>false</deviceCombinationProduct>
    <singleUse>true</singleUse>
    <lotBatch>true</lotBatch>
    <serialNumber>false</serialNumber>
    <manufacturingDate>false</manufacturingDate>
    <expirationDate>true</expirationDate>
    <donationIdNumber>false</donationIdNumber>
    <labeledContainsNRL>false</labeledContainsNRL>
    <labeledNoNRL>false</labeledNoNRL>
    <MRISafetyStatus>Labeling does not contain MRI Safety Information</MRISafetyStatus>
    <rx>true</rx>
    <otc>false</otc>
    <contacts>
      <customerContact>
        <phone>+1(800)633-5463</phone>
        <phoneExtension xsi:nil="true" />
        <email>customerservice@medline.com</email>
      </customerContact>
    </contacts>
    <gmdnTerms>
      <gmdn>
        <gmdnPTName>General surgical procedure kit, non-medicated, single-use</gmdnPTName>
        <gmdnPTDefinition>A typically non-dedicated collection of various surgical instruments, sometimes with dressings and/or other materials, but that does not contain pharmaceuticals, intended to be used during: 1) open abdominal surgery; 2) a range of open surgical procedures across multiple clinical specialties (non-dedicated); 3) non-orthopaedic trauma surgery; 4) minor dermatological surgery; or 5) cosmetic surgery below the head. As a kit that includes procedural devices, it is neither dedicated to surgical scrubbing, surgical patient preparation, nor anaesthesia, and is not a dedicated biopsy kit. This is a single-use device.</gmdnPTDefinition>
      </gmdn>
    </gmdnTerms>
    <productCodes>
      <fdaProductCode>
        <productCode>OFX</productCode>
        <productCodeName>General purpose dental tray</productCodeName>
      </fdaProductCode>
    </productCodes>
    <deviceSizes />
    <environmentalConditions />
    <sterilization>
      <deviceSterile>true</deviceSterile>
      <sterilizationPriorToUse>false</sterilizationPriorToUse>
      <methodTypes />
    </sterilization>
  </device>
  <device xmlns:xsi="http://www.w3.org/2001/XMLSchema-instance" xmlns="http://www.fda.gov/cdrh/gudid">
    <publicDeviceRecordKey>ab22fb83-a9b4-4199-8532-59a388e3a77b</publicDeviceRecordKey>
    <publicVersionStatus>Update</publicVersionStatus>
    <deviceRecordStatus>Published</deviceRecordStatus>
    <!--Note: publicVersionNumber is system generated and assigned to all device records to track public release updates to a device record-->
    <publicVersionNumber>2</publicVersionNumber>
    <publicVersionDate>2022-06-17</publicVersionDate>
    <devicePublishDate>2021-09-01</devicePublishDate>
    <deviceCommDistributionEndDate xsi:nil="true" />
    <deviceCommDistributionStatus>In Commercial Distribution</deviceCommDistributionStatus>
    <identifiers>
      <identifier>
        <deviceId>40193489902489</deviceId>
        <deviceIdType>Package</deviceIdType>
        <deviceIdIssuingAgency>GS1</deviceIdIssuingAgency>
        <containsDINumber>10193489902488</containsDINumber>
        <pkgQuantity>5</pkgQuantity>
        <pkgDiscontinueDate xsi:nil="true" />
        <pkgStatus>In Commercial Distribution</pkgStatus>
        <pkgType>CASE</pkgType>
      </identifier>
      <identifier>
        <deviceId>10193489902488</deviceId>
        <deviceIdType>Primary</deviceIdType>
        <deviceIdIssuingAgency>GS1</deviceIdIssuingAgency>
        <containsDINumber xsi:nil="true" />
        <pkgQuantity xsi:nil="true" />
        <pkgDiscontinueDate xsi:nil="true" />
        <pkgStatus xsi:nil="true" />
        <pkgType xsi:nil="true" />
      </identifier>
    </identifiers>
    <brandName>Medline Industries, Inc.</brandName>
    <versionModelNumber>DYNJ58610F</versionModelNumber>
    <catalogNumber>DYNJ58610F</catalogNumber>
    <dunsNumber>025460908</dunsNumber>
    <companyName>MEDLINE INDUSTRIES, INC.</companyName>
    <deviceCount>1</deviceCount>
    <deviceDescription>PEDI DENTAL PACK</deviceDescription>
    <DMExempt>true</DMExempt>
    <premarketExempt>true</premarketExempt>
    <deviceHCTP>false</deviceHCTP>
    <deviceKit>true</deviceKit>
    <deviceCombinationProduct>false</deviceCombinationProduct>
    <singleUse>true</singleUse>
    <lotBatch>true</lotBatch>
    <serialNumber>false</serialNumber>
    <manufacturingDate>false</manufacturingDate>
    <expirationDate>false</expirationDate>
    <donationIdNumber>false</donationIdNumber>
    <labeledContainsNRL>false</labeledContainsNRL>
    <labeledNoNRL>false</labeledNoNRL>
    <MRISafetyStatus>Labeling does not contain MRI Safety Information</MRISafetyStatus>
    <rx>true</rx>
    <otc>false</otc>
    <contacts>
      <customerContact>
        <phone>+1(800)633-5463</phone>
        <phoneExtension xsi:nil="true" />
        <email>customerservice@medline.com</email>
      </customerContact>
    </contacts>
    <gmdnTerms>
      <gmdn>
        <gmdnPTName>General surgical procedure kit, non-medicated, single-use</gmdnPTName>
        <gmdnPTDefinition>A typically non-dedicated collection of various surgical instruments, sometimes with dressings and/or other materials, but that does not contain pharmaceuticals, intended to be used during: 1) open abdominal surgery; 2) a range of open surgical procedures across multiple clinical specialties (non-dedicated); 3) non-orthopaedic trauma surgery; 4) minor dermatological surgery; or 5) cosmetic surgery below the head. As a kit that includes procedural devices, it is neither dedicated to surgical scrubbing, surgical patient preparation, nor anaesthesia, and is not a dedicated biopsy kit. This is a single-use device.</gmdnPTDefinition>
      </gmdn>
    </gmdnTerms>
    <productCodes>
      <fdaProductCode>
        <productCode>OFX</productCode>
        <productCodeName>General purpose dental tray</productCodeName>
      </fdaProductCode>
    </productCodes>
    <deviceSizes />
    <environmentalConditions />
    <sterilization>
      <deviceSterile>true</deviceSterile>
      <sterilizationPriorToUse>false</sterilizationPriorToUse>
      <methodTypes />
    </sterilization>
  </device>
</devices>