﻿<?xml version="1.0" encoding="UTF-8"?>
<devices>
  <device xmlns:xsi="http://www.w3.org/2001/XMLSchema-instance" xmlns="http://www.fda.gov/cdrh/gudid">
    <publicDeviceRecordKey>4760c417-343b-48da-a693-aed486a45cac</publicDeviceRecordKey>
    <publicVersionStatus>New</publicVersionStatus>
    <deviceRecordStatus>Published</deviceRecordStatus>
    <!--Note: publicVersionNumber is system generated and assigned to all device records to track public release updates to a device record-->
    <publicVersionNumber>1</publicVersionNumber>
    <publicVersionDate>2022-05-18</publicVersionDate>
    <devicePublishDate>2022-05-10</devicePublishDate>
    <deviceCommDistributionEndDate xsi:nil="true" />
    <deviceCommDistributionStatus>In Commercial Distribution</deviceCommDistributionStatus>
    <identifiers>
      <identifier>
        <deviceId>00847538015713</deviceId>
        <deviceIdType>Primary</deviceIdType>
        <deviceIdIssuingAgency>GS1</deviceIdIssuingAgency>
        <containsDINumber xsi:nil="true" />
        <pkgQuantity xsi:nil="true" />
        <pkgDiscontinueDate xsi:nil="true" />
        <pkgStatus xsi:nil="true" />
        <pkgType xsi:nil="true" />
      </identifier>
    </identifiers>
    <brandName>Long Rongeur w/ Ratchet Handle</brandName>
    <versionModelNumber>74-479-000</versionModelNumber>
    <catalogNumber>2709-01-016</catalogNumber>
    <dunsNumber>079881212</dunsNumber>
    <companyName>SYMMETRY MEDICAL INC.</companyName>
    <deviceCount>1</deviceCount>
    <deviceDescription>Long Rongeur w/ Ratchet Handle</deviceDescription>
    <DMExempt>false</DMExempt>
    <premarketExempt>true</premarketExempt>
    <deviceHCTP>false</deviceHCTP>
    <deviceKit>false</deviceKit>
    <deviceCombinationProduct>false</deviceCombinationProduct>
    <singleUse>false</singleUse>
    <lotBatch>true</lotBatch>
    <serialNumber>false</serialNumber>
    <manufacturingDate>true</manufacturingDate>
    <expirationDate>false</expirationDate>
    <donationIdNumber>false</donationIdNumber>
    <labeledContainsNRL>false</labeledContainsNRL>
    <labeledNoNRL>false</labeledNoNRL>
    <MRISafetyStatus>Labeling does not contain MRI Safety Information</MRISafetyStatus>
    <rx>true</rx>
    <otc>false</otc>
    <contacts />
    <gmdnTerms>
      <gmdn>
        <gmdnPTName>Surgical soft-tissue manipulation forceps, alligator, reusable</gmdnPTName>
        <gmdnPTDefinition>A long, thin, hand-held manual surgical instrument designed to facilitate grasping and manipulation of soft-tissues/anatomical structures [typically during ear/nose/throat (ENT) surgery]; it is not intended for insertion through an endoscope, nor into the eye, and is not a dedicated biopsy device. Commonly referred to as alligator- or crocodile-forceps, it has a slender body (to allow for restricted access) and small grasping blades which are hinged close to the distal (working) end. It is a metallic device available in various sizes/lengths; some types may include an integrated suction channel. This is a reusable device intended to be sterilized prior to use.</gmdnPTDefinition>
      </gmdn>
    </gmdnTerms>
    <productCodes>
      <fdaProductCode>
        <productCode>EMH</productCode>
        <productCodeName>Forceps, Rongeur, Surgical</productCodeName>
      </fdaProductCode>
    </productCodes>
    <deviceSizes />
    <environmentalConditions />
    <sterilization>
      <deviceSterile>false</deviceSterile>
      <sterilizationPriorToUse>true</sterilizationPriorToUse>
      <methodTypes>
        <sterilizationMethod>Moist Heat or Steam Sterilization</sterilizationMethod>
      </methodTypes>
    </sterilization>
  </device>
  <device xmlns:xsi="http://www.w3.org/2001/XMLSchema-instance" xmlns="http://www.fda.gov/cdrh/gudid">
    <publicDeviceRecordKey>8f1a3483-48a7-4ea1-b9ca-7583e86e79d5</publicDeviceRecordKey>
    <publicVersionStatus>New</publicVersionStatus>
    <deviceRecordStatus>Published</deviceRecordStatus>
    <!--Note: publicVersionNumber is system generated and assigned to all device records to track public release updates to a device record-->
    <publicVersionNumber>1</publicVersionNumber>
    <publicVersionDate>2022-05-23</publicVersionDate>
    <devicePublishDate>2022-05-13</devicePublishDate>
    <deviceCommDistributionEndDate xsi:nil="true" />
    <deviceCommDistributionStatus>In Commercial Distribution</deviceCommDistributionStatus>
    <identifiers>
      <identifier>
        <deviceId>00847538006124</deviceId>
        <deviceIdType>Primary</deviceIdType>
        <deviceIdIssuingAgency>GS1</deviceIdIssuingAgency>
        <containsDINumber xsi:nil="true" />
        <pkgQuantity xsi:nil="true" />
        <pkgDiscontinueDate xsi:nil="true" />
        <pkgStatus xsi:nil="true" />
        <pkgType xsi:nil="true" />
      </identifier>
    </identifiers>
    <brandName>10" Cement Rongeur</brandName>
    <versionModelNumber>15-002-000-1500</versionModelNumber>
    <catalogNumber>2011-03-044</catalogNumber>
    <dunsNumber>079881212</dunsNumber>
    <companyName>SYMMETRY MEDICAL INC.</companyName>
    <deviceCount>1</deviceCount>
    <deviceDescription>10" Cement Rongeur</deviceDescription>
    <DMExempt>false</DMExempt>
    <premarketExempt>true</premarketExempt>
    <deviceHCTP>false</deviceHCTP>
    <deviceKit>false</deviceKit>
    <deviceCombinationProduct>false</deviceCombinationProduct>
    <singleUse>false</singleUse>
    <lotBatch>true</lotBatch>
    <serialNumber>false</serialNumber>
    <manufacturingDate>true</manufacturingDate>
    <expirationDate>false</expirationDate>
    <donationIdNumber>false</donationIdNumber>
    <labeledContainsNRL>false</labeledContainsNRL>
    <labeledNoNRL>false</labeledNoNRL>
    <MRISafetyStatus>Labeling does not contain MRI Safety Information</MRISafetyStatus>
    <rx>true</rx>
    <otc>false</otc>
    <contacts />
    <gmdnTerms>
      <gmdn>
        <gmdnPTName>Surgical soft-tissue manipulation forceps, alligator, reusable</gmdnPTName>
        <gmdnPTDefinition>A long, thin, hand-held manual surgical instrument designed to facilitate grasping and manipulation of soft-tissues/anatomical structures [typically during ear/nose/throat (ENT) surgery]; it is not intended for insertion through an endoscope, nor into the eye, and is not a dedicated biopsy device. Commonly referred to as alligator- or crocodile-forceps, it has a slender body (to allow for restricted access) and small grasping blades which are hinged close to the distal (working) end. It is a metallic device available in various sizes/lengths; some types may include an integrated suction channel. This is a reusable device intended to be sterilized prior to use.</gmdnPTDefinition>
      </gmdn>
    </gmdnTerms>
    <productCodes>
      <fdaProductCode>
        <productCode>EMH</productCode>
        <productCodeName>Forceps, Rongeur, Surgical</productCodeName>
      </fdaProductCode>
    </productCodes>
    <deviceSizes />
    <environmentalConditions />
    <sterilization>
      <deviceSterile>false</deviceSterile>
      <sterilizationPriorToUse>true</sterilizationPriorToUse>
      <methodTypes>
        <sterilizationMethod>Moist Heat or Steam Sterilization</sterilizationMethod>
      </methodTypes>
    </sterilization>
  </device>
</devices>