﻿<?xml version="1.0" encoding="UTF-8"?>
<devices>
  <device xmlns:xsi="http://www.w3.org/2001/XMLSchema-instance" xmlns="http://www.fda.gov/cdrh/gudid">
    <publicDeviceRecordKey>d8497b9b-14f4-4e7e-ab62-e545b0bf68ca</publicDeviceRecordKey>
    <publicVersionStatus>New</publicVersionStatus>
    <deviceRecordStatus>Published</deviceRecordStatus>
    <!--Note: publicVersionNumber is system generated and assigned to all device records to track public release updates to a device record-->
    <publicVersionNumber>1</publicVersionNumber>
    <publicVersionDate>2022-11-16</publicVersionDate>
    <devicePublishDate>2022-11-08</devicePublishDate>
    <deviceCommDistributionEndDate xsi:nil="true" />
    <deviceCommDistributionStatus>In Commercial Distribution</deviceCommDistributionStatus>
    <identifiers>
      <identifier>
        <deviceId>00888937018370</deviceId>
        <deviceIdType>Primary</deviceIdType>
        <deviceIdIssuingAgency>GS1</deviceIdIssuingAgency>
        <containsDINumber xsi:nil="true" />
        <pkgQuantity xsi:nil="true" />
        <pkgDiscontinueDate xsi:nil="true" />
        <pkgStatus xsi:nil="true" />
        <pkgType xsi:nil="true" />
      </identifier>
    </identifiers>
    <brandName>Keyes Vulvar Punch </brandName>
    <versionModelNumber>68-176</versionModelNumber>
    <catalogNumber xsi:nil="true" />
    <dunsNumber>801895244</dunsNumber>
    <companyName>Coopersurgical, Inc.</companyName>
    <deviceCount>1</deviceCount>
    <deviceDescription>Keyes Vulvar Punch (6 mm)
</deviceDescription>
    <DMExempt>false</DMExempt>
    <premarketExempt>true</premarketExempt>
    <deviceHCTP>false</deviceHCTP>
    <deviceKit>false</deviceKit>
    <deviceCombinationProduct>false</deviceCombinationProduct>
    <singleUse>false</singleUse>
    <lotBatch>true</lotBatch>
    <serialNumber>false</serialNumber>
    <manufacturingDate>false</manufacturingDate>
    <expirationDate>false</expirationDate>
    <donationIdNumber>false</donationIdNumber>
    <labeledContainsNRL>false</labeledContainsNRL>
    <labeledNoNRL>false</labeledNoNRL>
    <MRISafetyStatus>Labeling does not contain MRI Safety Information</MRISafetyStatus>
    <rx>true</rx>
    <otc>false</otc>
    <contacts />
    <gmdnTerms>
      <gmdn>
        <gmdnCode>35289</gmdnCode>
        <gmdnPTName>Skin-coring punch, reusable</gmdnPTName>
        <gmdnPTDefinition>A hand-held manual surgical instrument designed to cut out (core) sections of skin as part of a dermatological procedure to remove skin lesions or to obtain skin-tissue specimens. It consists of a handle and a cylindrical distal tip which has a bevelled, sharp cutting edge, which when pressed into the skin surface and gently rotated will penetrate and cut through the skin allowing that section to be removed. It is typically metallic and is available in various cutting head sizes; it is not a biopsy gun. This is a reusable device.</gmdnPTDefinition>
        <implantable>false</implantable>
        <gmdnCodeStatus>Active</gmdnCodeStatus>
      </gmdn>
    </gmdnTerms>
    <productCodes>
      <fdaProductCode>
        <productCode>EME</productCode>
        <productCodeName>Punch, Biopsy, Surgical</productCodeName>
      </fdaProductCode>
    </productCodes>
    <deviceSizes>
      <deviceSize>
        <sizeType>Outer Diameter</sizeType>
        <size value="6" unit="Millimeter" />
        <sizeText xsi:nil="true" />
      </deviceSize>
    </deviceSizes>
    <environmentalConditions />
    <sterilization>
      <deviceSterile>false</deviceSterile>
      <sterilizationPriorToUse>true</sterilizationPriorToUse>
      <methodTypes>
        <sterilizationMethod>Moist Heat or Steam Sterilization</sterilizationMethod>
      </methodTypes>
    </sterilization>
  </device>
  <device xmlns:xsi="http://www.w3.org/2001/XMLSchema-instance" xmlns="http://www.fda.gov/cdrh/gudid">
    <publicDeviceRecordKey>f26f59b2-8392-4a31-b003-d9a89125cdfd</publicDeviceRecordKey>
    <publicVersionStatus>New</publicVersionStatus>
    <deviceRecordStatus>Published</deviceRecordStatus>
    <!--Note: publicVersionNumber is system generated and assigned to all device records to track public release updates to a device record-->
    <publicVersionNumber>1</publicVersionNumber>
    <publicVersionDate>2022-11-16</publicVersionDate>
    <devicePublishDate>2022-11-08</devicePublishDate>
    <deviceCommDistributionEndDate xsi:nil="true" />
    <deviceCommDistributionStatus>In Commercial Distribution</deviceCommDistributionStatus>
    <identifiers>
      <identifier>
        <deviceId>00888937018363</deviceId>
        <deviceIdType>Primary</deviceIdType>
        <deviceIdIssuingAgency>GS1</deviceIdIssuingAgency>
        <containsDINumber xsi:nil="true" />
        <pkgQuantity xsi:nil="true" />
        <pkgDiscontinueDate xsi:nil="true" />
        <pkgStatus xsi:nil="true" />
        <pkgType xsi:nil="true" />
      </identifier>
    </identifiers>
    <brandName>Keyes Vulvar Punch </brandName>
    <versionModelNumber>68-175</versionModelNumber>
    <catalogNumber xsi:nil="true" />
    <dunsNumber>801895244</dunsNumber>
    <companyName>Coopersurgical, Inc.</companyName>
    <deviceCount>1</deviceCount>
    <deviceDescription>Keyes Vulvar Punch (5 mm)
</deviceDescription>
    <DMExempt>false</DMExempt>
    <premarketExempt>true</premarketExempt>
    <deviceHCTP>false</deviceHCTP>
    <deviceKit>false</deviceKit>
    <deviceCombinationProduct>false</deviceCombinationProduct>
    <singleUse>false</singleUse>
    <lotBatch>true</lotBatch>
    <serialNumber>false</serialNumber>
    <manufacturingDate>false</manufacturingDate>
    <expirationDate>false</expirationDate>
    <donationIdNumber>false</donationIdNumber>
    <labeledContainsNRL>false</labeledContainsNRL>
    <labeledNoNRL>false</labeledNoNRL>
    <MRISafetyStatus>Labeling does not contain MRI Safety Information</MRISafetyStatus>
    <rx>true</rx>
    <otc>false</otc>
    <contacts />
    <gmdnTerms>
      <gmdn>
        <gmdnCode>35289</gmdnCode>
        <gmdnPTName>Skin-coring punch, reusable</gmdnPTName>
        <gmdnPTDefinition>A hand-held manual surgical instrument designed to cut out (core) sections of skin as part of a dermatological procedure to remove skin lesions or to obtain skin-tissue specimens. It consists of a handle and a cylindrical distal tip which has a bevelled, sharp cutting edge, which when pressed into the skin surface and gently rotated will penetrate and cut through the skin allowing that section to be removed. It is typically metallic and is available in various cutting head sizes; it is not a biopsy gun. This is a reusable device.</gmdnPTDefinition>
        <implantable>false</implantable>
        <gmdnCodeStatus>Active</gmdnCodeStatus>
      </gmdn>
    </gmdnTerms>
    <productCodes>
      <fdaProductCode>
        <productCode>EME</productCode>
        <productCodeName>Punch, Biopsy, Surgical</productCodeName>
      </fdaProductCode>
    </productCodes>
    <deviceSizes>
      <deviceSize>
        <sizeType>Outer Diameter</sizeType>
        <size value="5" unit="Millimeter" />
        <sizeText xsi:nil="true" />
      </deviceSize>
    </deviceSizes>
    <environmentalConditions />
    <sterilization>
      <deviceSterile>false</deviceSterile>
      <sterilizationPriorToUse>true</sterilizationPriorToUse>
      <methodTypes>
        <sterilizationMethod>Moist Heat or Steam Sterilization</sterilizationMethod>
      </methodTypes>
    </sterilization>
  </device>
  <device xmlns:xsi="http://www.w3.org/2001/XMLSchema-instance" xmlns="http://www.fda.gov/cdrh/gudid">
    <publicDeviceRecordKey>78295ac9-b671-400e-b2c7-d76b88930034</publicDeviceRecordKey>
    <publicVersionStatus>New</publicVersionStatus>
    <deviceRecordStatus>Published</deviceRecordStatus>
    <!--Note: publicVersionNumber is system generated and assigned to all device records to track public release updates to a device record-->
    <publicVersionNumber>1</publicVersionNumber>
    <publicVersionDate>2022-11-16</publicVersionDate>
    <devicePublishDate>2022-11-08</devicePublishDate>
    <deviceCommDistributionEndDate xsi:nil="true" />
    <deviceCommDistributionStatus>In Commercial Distribution</deviceCommDistributionStatus>
    <identifiers>
      <identifier>
        <deviceId>00888937018356</deviceId>
        <deviceIdType>Primary</deviceIdType>
        <deviceIdIssuingAgency>GS1</deviceIdIssuingAgency>
        <containsDINumber xsi:nil="true" />
        <pkgQuantity xsi:nil="true" />
        <pkgDiscontinueDate xsi:nil="true" />
        <pkgStatus xsi:nil="true" />
        <pkgType xsi:nil="true" />
      </identifier>
    </identifiers>
    <brandName>Keyes Vulvar Punch </brandName>
    <versionModelNumber>68-174</versionModelNumber>
    <catalogNumber xsi:nil="true" />
    <dunsNumber>801895244</dunsNumber>
    <companyName>Coopersurgical, Inc.</companyName>
    <deviceCount>1</deviceCount>
    <deviceDescription>Keyes Vulvar Punch (4 mm)
</deviceDescription>
    <DMExempt>false</DMExempt>
    <premarketExempt>true</premarketExempt>
    <deviceHCTP>false</deviceHCTP>
    <deviceKit>false</deviceKit>
    <deviceCombinationProduct>false</deviceCombinationProduct>
    <singleUse>false</singleUse>
    <lotBatch>true</lotBatch>
    <serialNumber>false</serialNumber>
    <manufacturingDate>false</manufacturingDate>
    <expirationDate>false</expirationDate>
    <donationIdNumber>false</donationIdNumber>
    <labeledContainsNRL>false</labeledContainsNRL>
    <labeledNoNRL>false</labeledNoNRL>
    <MRISafetyStatus>Labeling does not contain MRI Safety Information</MRISafetyStatus>
    <rx>true</rx>
    <otc>false</otc>
    <contacts />
    <gmdnTerms>
      <gmdn>
        <gmdnCode>35289</gmdnCode>
        <gmdnPTName>Skin-coring punch, reusable</gmdnPTName>
        <gmdnPTDefinition>A hand-held manual surgical instrument designed to cut out (core) sections of skin as part of a dermatological procedure to remove skin lesions or to obtain skin-tissue specimens. It consists of a handle and a cylindrical distal tip which has a bevelled, sharp cutting edge, which when pressed into the skin surface and gently rotated will penetrate and cut through the skin allowing that section to be removed. It is typically metallic and is available in various cutting head sizes; it is not a biopsy gun. This is a reusable device.</gmdnPTDefinition>
        <implantable>false</implantable>
        <gmdnCodeStatus>Active</gmdnCodeStatus>
      </gmdn>
    </gmdnTerms>
    <productCodes>
      <fdaProductCode>
        <productCode>EME</productCode>
        <productCodeName>Punch, Biopsy, Surgical</productCodeName>
      </fdaProductCode>
    </productCodes>
    <deviceSizes>
      <deviceSize>
        <sizeType>Outer Diameter</sizeType>
        <size value="4" unit="Millimeter" />
        <sizeText xsi:nil="true" />
      </deviceSize>
    </deviceSizes>
    <environmentalConditions />
    <sterilization>
      <deviceSterile>false</deviceSterile>
      <sterilizationPriorToUse>true</sterilizationPriorToUse>
      <methodTypes>
        <sterilizationMethod>Moist Heat or Steam Sterilization</sterilizationMethod>
      </methodTypes>
    </sterilization>
  </device>
  <device xmlns:xsi="http://www.w3.org/2001/XMLSchema-instance" xmlns="http://www.fda.gov/cdrh/gudid">
    <publicDeviceRecordKey>d76baf39-1064-480b-98be-c02d5344e4d5</publicDeviceRecordKey>
    <publicVersionStatus>New</publicVersionStatus>
    <deviceRecordStatus>Published</deviceRecordStatus>
    <!--Note: publicVersionNumber is system generated and assigned to all device records to track public release updates to a device record-->
    <publicVersionNumber>1</publicVersionNumber>
    <publicVersionDate>2022-11-16</publicVersionDate>
    <devicePublishDate>2022-11-08</devicePublishDate>
    <deviceCommDistributionEndDate xsi:nil="true" />
    <deviceCommDistributionStatus>In Commercial Distribution</deviceCommDistributionStatus>
    <identifiers>
      <identifier>
        <deviceId>00888937018349</deviceId>
        <deviceIdType>Primary</deviceIdType>
        <deviceIdIssuingAgency>GS1</deviceIdIssuingAgency>
        <containsDINumber xsi:nil="true" />
        <pkgQuantity xsi:nil="true" />
        <pkgDiscontinueDate xsi:nil="true" />
        <pkgStatus xsi:nil="true" />
        <pkgType xsi:nil="true" />
      </identifier>
    </identifiers>
    <brandName>Keyes Vulvar Punch </brandName>
    <versionModelNumber>68-173</versionModelNumber>
    <catalogNumber xsi:nil="true" />
    <dunsNumber>801895244</dunsNumber>
    <companyName>Coopersurgical, Inc.</companyName>
    <deviceCount>1</deviceCount>
    <deviceDescription>Keyes Vulvar Punch (3 mm)
</deviceDescription>
    <DMExempt>false</DMExempt>
    <premarketExempt>true</premarketExempt>
    <deviceHCTP>false</deviceHCTP>
    <deviceKit>false</deviceKit>
    <deviceCombinationProduct>false</deviceCombinationProduct>
    <singleUse>false</singleUse>
    <lotBatch>true</lotBatch>
    <serialNumber>false</serialNumber>
    <manufacturingDate>false</manufacturingDate>
    <expirationDate>false</expirationDate>
    <donationIdNumber>false</donationIdNumber>
    <labeledContainsNRL>false</labeledContainsNRL>
    <labeledNoNRL>false</labeledNoNRL>
    <MRISafetyStatus>Labeling does not contain MRI Safety Information</MRISafetyStatus>
    <rx>true</rx>
    <otc>false</otc>
    <contacts />
    <gmdnTerms>
      <gmdn>
        <gmdnCode>35289</gmdnCode>
        <gmdnPTName>Skin-coring punch, reusable</gmdnPTName>
        <gmdnPTDefinition>A hand-held manual surgical instrument designed to cut out (core) sections of skin as part of a dermatological procedure to remove skin lesions or to obtain skin-tissue specimens. It consists of a handle and a cylindrical distal tip which has a bevelled, sharp cutting edge, which when pressed into the skin surface and gently rotated will penetrate and cut through the skin allowing that section to be removed. It is typically metallic and is available in various cutting head sizes; it is not a biopsy gun. This is a reusable device.</gmdnPTDefinition>
        <implantable>false</implantable>
        <gmdnCodeStatus>Active</gmdnCodeStatus>
      </gmdn>
    </gmdnTerms>
    <productCodes>
      <fdaProductCode>
        <productCode>EME</productCode>
        <productCodeName>Punch, Biopsy, Surgical</productCodeName>
      </fdaProductCode>
    </productCodes>
    <deviceSizes>
      <deviceSize>
        <sizeType>Outer Diameter</sizeType>
        <size value="3" unit="Millimeter" />
        <sizeText xsi:nil="true" />
      </deviceSize>
    </deviceSizes>
    <environmentalConditions />
    <sterilization>
      <deviceSterile>false</deviceSterile>
      <sterilizationPriorToUse>true</sterilizationPriorToUse>
      <methodTypes>
        <sterilizationMethod>Moist Heat or Steam Sterilization</sterilizationMethod>
      </methodTypes>
    </sterilization>
  </device>
  <device xmlns:xsi="http://www.w3.org/2001/XMLSchema-instance" xmlns="http://www.fda.gov/cdrh/gudid">
    <publicDeviceRecordKey>26cbc9a2-4597-402f-b894-c6603ad997bc</publicDeviceRecordKey>
    <publicVersionStatus>Update</publicVersionStatus>
    <deviceRecordStatus>Published</deviceRecordStatus>
    <!--Note: publicVersionNumber is system generated and assigned to all device records to track public release updates to a device record-->
    <publicVersionNumber>3</publicVersionNumber>
    <publicVersionDate>2018-12-21</publicVersionDate>
    <devicePublishDate>2017-06-15</devicePublishDate>
    <deviceCommDistributionEndDate xsi:nil="true" />
    <deviceCommDistributionStatus>In Commercial Distribution</deviceCommDistributionStatus>
    <identifiers>
      <identifier>
        <deviceId>20888937016639</deviceId>
        <deviceIdType>Package</deviceIdType>
        <deviceIdIssuingAgency>GS1</deviceIdIssuingAgency>
        <containsDINumber>00888937016635</containsDINumber>
        <pkgQuantity>5</pkgQuantity>
        <pkgDiscontinueDate xsi:nil="true" />
        <pkgStatus>In Commercial Distribution</pkgStatus>
        <pkgType xsi:nil="true" />
      </identifier>
      <identifier>
        <deviceId>00888937016635</deviceId>
        <deviceIdType>Primary</deviceIdType>
        <deviceIdIssuingAgency>GS1</deviceIdIssuingAgency>
        <containsDINumber xsi:nil="true" />
        <pkgQuantity xsi:nil="true" />
        <pkgDiscontinueDate xsi:nil="true" />
        <pkgStatus xsi:nil="true" />
        <pkgType xsi:nil="true" />
      </identifier>
    </identifiers>
    <brandName>Disposa-Derm® Skin Biopsy Punch • 6 mm (Disposable)</brandName>
    <versionModelNumber>DD-6MM</versionModelNumber>
    <catalogNumber xsi:nil="true" />
    <dunsNumber>801895244</dunsNumber>
    <companyName>Coopersurgical, Inc.</companyName>
    <deviceCount>1</deviceCount>
    <deviceDescription>Disposa-Derm® Skin Biopsy Punch • 6 mm (Disposable)</deviceDescription>
    <DMExempt>false</DMExempt>
    <premarketExempt>true</premarketExempt>
    <deviceHCTP>false</deviceHCTP>
    <deviceKit>false</deviceKit>
    <deviceCombinationProduct>false</deviceCombinationProduct>
    <singleUse>true</singleUse>
    <lotBatch>true</lotBatch>
    <serialNumber>false</serialNumber>
    <manufacturingDate>false</manufacturingDate>
    <expirationDate>true</expirationDate>
    <donationIdNumber>false</donationIdNumber>
    <labeledContainsNRL>false</labeledContainsNRL>
    <labeledNoNRL>true</labeledNoNRL>
    <MRISafetyStatus>Labeling does not contain MRI Safety Information</MRISafetyStatus>
    <rx>true</rx>
    <otc>false</otc>
    <contacts />
    <gmdnTerms>
      <gmdn>
        <gmdnCode>35286</gmdnCode>
        <gmdnPTName>Biopsy punch, reusable</gmdnPTName>
        <gmdnPTDefinition>A manual surgical instrument designed to obtain a tissue or bone sample typically for histopathological analysis. The instrument may be ring-handled, pistol grip, or shaft-like in design. Ring-handled or pistol grip designs feature extended shafts which terminate in a punch-like or mechanical jaw mechanism at the distal tip. The shaft-like instrument is a hollow tube, sharpened on one end, and is usually used with a trocar. This is a reusable device.</gmdnPTDefinition>
        <implantable>false</implantable>
        <gmdnCodeStatus>Obsolete</gmdnCodeStatus>
      </gmdn>
    </gmdnTerms>
    <productCodes>
      <fdaProductCode>
        <productCode>EME</productCode>
        <productCodeName>Punch, Biopsy, Surgical</productCodeName>
      </fdaProductCode>
    </productCodes>
    <deviceSizes />
    <environmentalConditions />
    <sterilization>
      <deviceSterile>true</deviceSterile>
      <sterilizationPriorToUse>false</sterilizationPriorToUse>
      <methodTypes />
    </sterilization>
  </device>
  <device xmlns:xsi="http://www.w3.org/2001/XMLSchema-instance" xmlns="http://www.fda.gov/cdrh/gudid">
    <publicDeviceRecordKey>eb6bdbb1-0ae0-4045-8a20-46ab0e4cab6e</publicDeviceRecordKey>
    <publicVersionStatus>Update</publicVersionStatus>
    <deviceRecordStatus>Published</deviceRecordStatus>
    <!--Note: publicVersionNumber is system generated and assigned to all device records to track public release updates to a device record-->
    <publicVersionNumber>3</publicVersionNumber>
    <publicVersionDate>2018-12-21</publicVersionDate>
    <devicePublishDate>2017-06-15</devicePublishDate>
    <deviceCommDistributionEndDate xsi:nil="true" />
    <deviceCommDistributionStatus>In Commercial Distribution</deviceCommDistributionStatus>
    <identifiers>
      <identifier>
        <deviceId>20888937016622</deviceId>
        <deviceIdType>Package</deviceIdType>
        <deviceIdIssuingAgency>GS1</deviceIdIssuingAgency>
        <containsDINumber>00888937016628</containsDINumber>
        <pkgQuantity>5</pkgQuantity>
        <pkgDiscontinueDate xsi:nil="true" />
        <pkgStatus>In Commercial Distribution</pkgStatus>
        <pkgType xsi:nil="true" />
      </identifier>
      <identifier>
        <deviceId>00888937016628</deviceId>
        <deviceIdType>Primary</deviceIdType>
        <deviceIdIssuingAgency>GS1</deviceIdIssuingAgency>
        <containsDINumber xsi:nil="true" />
        <pkgQuantity xsi:nil="true" />
        <pkgDiscontinueDate xsi:nil="true" />
        <pkgStatus xsi:nil="true" />
        <pkgType xsi:nil="true" />
      </identifier>
    </identifiers>
    <brandName>Disposa-Derm® Skin Biopsy Punch • 5 mm (Disposable)</brandName>
    <versionModelNumber>DD-5MM</versionModelNumber>
    <catalogNumber xsi:nil="true" />
    <dunsNumber>801895244</dunsNumber>
    <companyName>Coopersurgical, Inc.</companyName>
    <deviceCount>1</deviceCount>
    <deviceDescription>Disposa-Derm® Skin Biopsy Punch • 5 mm (Disposable)</deviceDescription>
    <DMExempt>false</DMExempt>
    <premarketExempt>true</premarketExempt>
    <deviceHCTP>false</deviceHCTP>
    <deviceKit>false</deviceKit>
    <deviceCombinationProduct>false</deviceCombinationProduct>
    <singleUse>true</singleUse>
    <lotBatch>true</lotBatch>
    <serialNumber>false</serialNumber>
    <manufacturingDate>false</manufacturingDate>
    <expirationDate>true</expirationDate>
    <donationIdNumber>false</donationIdNumber>
    <labeledContainsNRL>false</labeledContainsNRL>
    <labeledNoNRL>true</labeledNoNRL>
    <MRISafetyStatus>Labeling does not contain MRI Safety Information</MRISafetyStatus>
    <rx>true</rx>
    <otc>false</otc>
    <contacts />
    <gmdnTerms>
      <gmdn>
        <gmdnCode>35286</gmdnCode>
        <gmdnPTName>Biopsy punch, reusable</gmdnPTName>
        <gmdnPTDefinition>A manual surgical instrument designed to obtain a tissue or bone sample typically for histopathological analysis. The instrument may be ring-handled, pistol grip, or shaft-like in design. Ring-handled or pistol grip designs feature extended shafts which terminate in a punch-like or mechanical jaw mechanism at the distal tip. The shaft-like instrument is a hollow tube, sharpened on one end, and is usually used with a trocar. This is a reusable device.</gmdnPTDefinition>
        <implantable>false</implantable>
        <gmdnCodeStatus>Obsolete</gmdnCodeStatus>
      </gmdn>
    </gmdnTerms>
    <productCodes>
      <fdaProductCode>
        <productCode>EME</productCode>
        <productCodeName>Punch, Biopsy, Surgical</productCodeName>
      </fdaProductCode>
    </productCodes>
    <deviceSizes />
    <environmentalConditions />
    <sterilization>
      <deviceSterile>true</deviceSterile>
      <sterilizationPriorToUse>false</sterilizationPriorToUse>
      <methodTypes />
    </sterilization>
  </device>
  <device xmlns:xsi="http://www.w3.org/2001/XMLSchema-instance" xmlns="http://www.fda.gov/cdrh/gudid">
    <publicDeviceRecordKey>1e4799de-f903-4827-9c4d-97bd14850839</publicDeviceRecordKey>
    <publicVersionStatus>Update</publicVersionStatus>
    <deviceRecordStatus>Published</deviceRecordStatus>
    <!--Note: publicVersionNumber is system generated and assigned to all device records to track public release updates to a device record-->
    <publicVersionNumber>3</publicVersionNumber>
    <publicVersionDate>2018-12-21</publicVersionDate>
    <devicePublishDate>2017-06-15</devicePublishDate>
    <deviceCommDistributionEndDate xsi:nil="true" />
    <deviceCommDistributionStatus>In Commercial Distribution</deviceCommDistributionStatus>
    <identifiers>
      <identifier>
        <deviceId>20888937016615</deviceId>
        <deviceIdType>Package</deviceIdType>
        <deviceIdIssuingAgency>GS1</deviceIdIssuingAgency>
        <containsDINumber>00888937016611</containsDINumber>
        <pkgQuantity>5</pkgQuantity>
        <pkgDiscontinueDate xsi:nil="true" />
        <pkgStatus>In Commercial Distribution</pkgStatus>
        <pkgType xsi:nil="true" />
      </identifier>
      <identifier>
        <deviceId>00888937016611</deviceId>
        <deviceIdType>Primary</deviceIdType>
        <deviceIdIssuingAgency>GS1</deviceIdIssuingAgency>
        <containsDINumber xsi:nil="true" />
        <pkgQuantity xsi:nil="true" />
        <pkgDiscontinueDate xsi:nil="true" />
        <pkgStatus xsi:nil="true" />
        <pkgType xsi:nil="true" />
      </identifier>
    </identifiers>
    <brandName>Disposa-Derm® Skin Biopsy Punch • 4 mm (Disposable)</brandName>
    <versionModelNumber>DD-4MM</versionModelNumber>
    <catalogNumber xsi:nil="true" />
    <dunsNumber>801895244</dunsNumber>
    <companyName>Coopersurgical, Inc.</companyName>
    <deviceCount>1</deviceCount>
    <deviceDescription>Disposa-Derm® Skin Biopsy Punch • 4 mm (Disposable)</deviceDescription>
    <DMExempt>false</DMExempt>
    <premarketExempt>true</premarketExempt>
    <deviceHCTP>false</deviceHCTP>
    <deviceKit>false</deviceKit>
    <deviceCombinationProduct>false</deviceCombinationProduct>
    <singleUse>true</singleUse>
    <lotBatch>true</lotBatch>
    <serialNumber>false</serialNumber>
    <manufacturingDate>false</manufacturingDate>
    <expirationDate>true</expirationDate>
    <donationIdNumber>false</donationIdNumber>
    <labeledContainsNRL>false</labeledContainsNRL>
    <labeledNoNRL>true</labeledNoNRL>
    <MRISafetyStatus>Labeling does not contain MRI Safety Information</MRISafetyStatus>
    <rx>true</rx>
    <otc>false</otc>
    <contacts />
    <gmdnTerms>
      <gmdn>
        <gmdnCode>35286</gmdnCode>
        <gmdnPTName>Biopsy punch, reusable</gmdnPTName>
        <gmdnPTDefinition>A manual surgical instrument designed to obtain a tissue or bone sample typically for histopathological analysis. The instrument may be ring-handled, pistol grip, or shaft-like in design. Ring-handled or pistol grip designs feature extended shafts which terminate in a punch-like or mechanical jaw mechanism at the distal tip. The shaft-like instrument is a hollow tube, sharpened on one end, and is usually used with a trocar. This is a reusable device.</gmdnPTDefinition>
        <implantable>false</implantable>
        <gmdnCodeStatus>Obsolete</gmdnCodeStatus>
      </gmdn>
    </gmdnTerms>
    <productCodes>
      <fdaProductCode>
        <productCode>EME</productCode>
        <productCodeName>Punch, Biopsy, Surgical</productCodeName>
      </fdaProductCode>
    </productCodes>
    <deviceSizes />
    <environmentalConditions />
    <sterilization>
      <deviceSterile>true</deviceSterile>
      <sterilizationPriorToUse>false</sterilizationPriorToUse>
      <methodTypes />
    </sterilization>
  </device>
  <device xmlns:xsi="http://www.w3.org/2001/XMLSchema-instance" xmlns="http://www.fda.gov/cdrh/gudid">
    <publicDeviceRecordKey>3241efb5-3346-4867-b841-78bf740b16d9</publicDeviceRecordKey>
    <publicVersionStatus>Update</publicVersionStatus>
    <deviceRecordStatus>Published</deviceRecordStatus>
    <!--Note: publicVersionNumber is system generated and assigned to all device records to track public release updates to a device record-->
    <publicVersionNumber>3</publicVersionNumber>
    <publicVersionDate>2018-12-21</publicVersionDate>
    <devicePublishDate>2017-06-15</devicePublishDate>
    <deviceCommDistributionEndDate xsi:nil="true" />
    <deviceCommDistributionStatus>In Commercial Distribution</deviceCommDistributionStatus>
    <identifiers>
      <identifier>
        <deviceId>20888937016608</deviceId>
        <deviceIdType>Package</deviceIdType>
        <deviceIdIssuingAgency>GS1</deviceIdIssuingAgency>
        <containsDINumber>00888937016604</containsDINumber>
        <pkgQuantity>5</pkgQuantity>
        <pkgDiscontinueDate xsi:nil="true" />
        <pkgStatus>In Commercial Distribution</pkgStatus>
        <pkgType xsi:nil="true" />
      </identifier>
      <identifier>
        <deviceId>00888937016604</deviceId>
        <deviceIdType>Primary</deviceIdType>
        <deviceIdIssuingAgency>GS1</deviceIdIssuingAgency>
        <containsDINumber xsi:nil="true" />
        <pkgQuantity xsi:nil="true" />
        <pkgDiscontinueDate xsi:nil="true" />
        <pkgStatus xsi:nil="true" />
        <pkgType xsi:nil="true" />
      </identifier>
    </identifiers>
    <brandName>Disposa-Derm® Skin Biopsy Punch • 3 mm (Disposable)</brandName>
    <versionModelNumber>DD-3MM</versionModelNumber>
    <catalogNumber xsi:nil="true" />
    <dunsNumber>801895244</dunsNumber>
    <companyName>Coopersurgical, Inc.</companyName>
    <deviceCount>1</deviceCount>
    <deviceDescription>Disposa-Derm® Skin Biopsy Punch • 3 mm (Disposable)</deviceDescription>
    <DMExempt>false</DMExempt>
    <premarketExempt>true</premarketExempt>
    <deviceHCTP>false</deviceHCTP>
    <deviceKit>false</deviceKit>
    <deviceCombinationProduct>false</deviceCombinationProduct>
    <singleUse>true</singleUse>
    <lotBatch>true</lotBatch>
    <serialNumber>false</serialNumber>
    <manufacturingDate>false</manufacturingDate>
    <expirationDate>true</expirationDate>
    <donationIdNumber>false</donationIdNumber>
    <labeledContainsNRL>false</labeledContainsNRL>
    <labeledNoNRL>true</labeledNoNRL>
    <MRISafetyStatus>Labeling does not contain MRI Safety Information</MRISafetyStatus>
    <rx>true</rx>
    <otc>false</otc>
    <contacts />
    <gmdnTerms>
      <gmdn>
        <gmdnCode>35286</gmdnCode>
        <gmdnPTName>Biopsy punch, reusable</gmdnPTName>
        <gmdnPTDefinition>A manual surgical instrument designed to obtain a tissue or bone sample typically for histopathological analysis. The instrument may be ring-handled, pistol grip, or shaft-like in design. Ring-handled or pistol grip designs feature extended shafts which terminate in a punch-like or mechanical jaw mechanism at the distal tip. The shaft-like instrument is a hollow tube, sharpened on one end, and is usually used with a trocar. This is a reusable device.</gmdnPTDefinition>
        <implantable>false</implantable>
        <gmdnCodeStatus>Obsolete</gmdnCodeStatus>
      </gmdn>
    </gmdnTerms>
    <productCodes>
      <fdaProductCode>
        <productCode>EME</productCode>
        <productCodeName>Punch, Biopsy, Surgical</productCodeName>
      </fdaProductCode>
    </productCodes>
    <deviceSizes />
    <environmentalConditions />
    <sterilization>
      <deviceSterile>true</deviceSterile>
      <sterilizationPriorToUse>false</sterilizationPriorToUse>
      <methodTypes />
    </sterilization>
  </device>
  <device xmlns:xsi="http://www.w3.org/2001/XMLSchema-instance" xmlns="http://www.fda.gov/cdrh/gudid">
    <publicDeviceRecordKey>7b8f6db1-036b-4e94-8044-479e343fc6ec</publicDeviceRecordKey>
    <publicVersionStatus>Update</publicVersionStatus>
    <deviceRecordStatus>Published</deviceRecordStatus>
    <!--Note: publicVersionNumber is system generated and assigned to all device records to track public release updates to a device record-->
    <publicVersionNumber>3</publicVersionNumber>
    <publicVersionDate>2018-12-21</publicVersionDate>
    <devicePublishDate>2017-06-15</devicePublishDate>
    <deviceCommDistributionEndDate xsi:nil="true" />
    <deviceCommDistributionStatus>In Commercial Distribution</deviceCommDistributionStatus>
    <identifiers>
      <identifier>
        <deviceId>20888937016592</deviceId>
        <deviceIdType>Package</deviceIdType>
        <deviceIdIssuingAgency>GS1</deviceIdIssuingAgency>
        <containsDINumber>00888937016598</containsDINumber>
        <pkgQuantity>5</pkgQuantity>
        <pkgDiscontinueDate xsi:nil="true" />
        <pkgStatus>In Commercial Distribution</pkgStatus>
        <pkgType xsi:nil="true" />
      </identifier>
      <identifier>
        <deviceId>00888937016598</deviceId>
        <deviceIdType>Primary</deviceIdType>
        <deviceIdIssuingAgency>GS1</deviceIdIssuingAgency>
        <containsDINumber xsi:nil="true" />
        <pkgQuantity xsi:nil="true" />
        <pkgDiscontinueDate xsi:nil="true" />
        <pkgStatus xsi:nil="true" />
        <pkgType xsi:nil="true" />
      </identifier>
    </identifiers>
    <brandName>Disposa-Derm® Skin Biopsy Punch • 2 mm (Disposable)</brandName>
    <versionModelNumber>DD-2MM</versionModelNumber>
    <catalogNumber xsi:nil="true" />
    <dunsNumber>801895244</dunsNumber>
    <companyName>Coopersurgical, Inc.</companyName>
    <deviceCount>1</deviceCount>
    <deviceDescription>Disposa-Derm® Skin Biopsy Punch • 2 mm (Disposable)</deviceDescription>
    <DMExempt>false</DMExempt>
    <premarketExempt>true</premarketExempt>
    <deviceHCTP>false</deviceHCTP>
    <deviceKit>false</deviceKit>
    <deviceCombinationProduct>false</deviceCombinationProduct>
    <singleUse>true</singleUse>
    <lotBatch>true</lotBatch>
    <serialNumber>false</serialNumber>
    <manufacturingDate>false</manufacturingDate>
    <expirationDate>true</expirationDate>
    <donationIdNumber>false</donationIdNumber>
    <labeledContainsNRL>false</labeledContainsNRL>
    <labeledNoNRL>true</labeledNoNRL>
    <MRISafetyStatus>Labeling does not contain MRI Safety Information</MRISafetyStatus>
    <rx>true</rx>
    <otc>false</otc>
    <contacts />
    <gmdnTerms>
      <gmdn>
        <gmdnCode>35286</gmdnCode>
        <gmdnPTName>Biopsy punch, reusable</gmdnPTName>
        <gmdnPTDefinition>A manual surgical instrument designed to obtain a tissue or bone sample typically for histopathological analysis. The instrument may be ring-handled, pistol grip, or shaft-like in design. Ring-handled or pistol grip designs feature extended shafts which terminate in a punch-like or mechanical jaw mechanism at the distal tip. The shaft-like instrument is a hollow tube, sharpened on one end, and is usually used with a trocar. This is a reusable device.</gmdnPTDefinition>
        <implantable>false</implantable>
        <gmdnCodeStatus>Obsolete</gmdnCodeStatus>
      </gmdn>
    </gmdnTerms>
    <productCodes>
      <fdaProductCode>
        <productCode>EME</productCode>
        <productCodeName>Punch, Biopsy, Surgical</productCodeName>
      </fdaProductCode>
    </productCodes>
    <deviceSizes />
    <environmentalConditions />
    <sterilization>
      <deviceSterile>true</deviceSterile>
      <sterilizationPriorToUse>false</sterilizationPriorToUse>
      <methodTypes />
    </sterilization>
  </device>
  <device xmlns:xsi="http://www.w3.org/2001/XMLSchema-instance" xmlns="http://www.fda.gov/cdrh/gudid">
    <publicDeviceRecordKey>6dd66ad6-e86d-46cc-976b-73a74b419816</publicDeviceRecordKey>
    <publicVersionStatus>Update</publicVersionStatus>
    <deviceRecordStatus>Published</deviceRecordStatus>
    <!--Note: publicVersionNumber is system generated and assigned to all device records to track public release updates to a device record-->
    <publicVersionNumber>9</publicVersionNumber>
    <publicVersionDate>2023-05-03</publicVersionDate>
    <devicePublishDate>2017-08-07</devicePublishDate>
    <deviceCommDistributionEndDate xsi:nil="true" />
    <deviceCommDistributionStatus>In Commercial Distribution</deviceCommDistributionStatus>
    <identifiers>
      <identifier>
        <deviceId>00888912545310</deviceId>
        <deviceIdType>Primary</deviceIdType>
        <deviceIdIssuingAgency>GS1</deviceIdIssuingAgency>
        <containsDINumber xsi:nil="true" />
        <pkgQuantity xsi:nil="true" />
        <pkgDiscontinueDate xsi:nil="true" />
        <pkgStatus xsi:nil="true" />
        <pkgType xsi:nil="true" />
      </identifier>
    </identifiers>
    <brandName>DJO SURGICAL</brandName>
    <versionModelNumber>800-05-063</versionModelNumber>
    <catalogNumber xsi:nil="true" />
    <dunsNumber>154074504</dunsNumber>
    <companyName>Encore Medical, L.P.</companyName>
    <deviceCount>1</deviceCount>
    <deviceDescription>Empowr Box Cut Guide Chisel, SZ 4 and 5</deviceDescription>
    <DMExempt>false</DMExempt>
    <premarketExempt>false</premarketExempt>
    <deviceHCTP>false</deviceHCTP>
    <deviceKit>false</deviceKit>
    <deviceCombinationProduct>false</deviceCombinationProduct>
    <singleUse>false</singleUse>
    <lotBatch>true</lotBatch>
    <serialNumber>false</serialNumber>
    <manufacturingDate>false</manufacturingDate>
    <expirationDate>false</expirationDate>
    <donationIdNumber>false</donationIdNumber>
    <labeledContainsNRL>false</labeledContainsNRL>
    <labeledNoNRL>true</labeledNoNRL>
    <MRISafetyStatus>Labeling does not contain MRI Safety Information</MRISafetyStatus>
    <rx>false</rx>
    <otc>false</otc>
    <contacts />
    <premarketSubmissions>
      <premarketSubmission>
        <submissionNumber>K160342</submissionNumber>
        <supplementNumber>000</supplementNumber>
      </premarketSubmission>
    </premarketSubmissions>
    <gmdnTerms>
      <gmdn>
        <gmdnCode>13180</gmdnCode>
        <gmdnPTName>Orthopaedic prosthesis implantation positioning instrument, reusable</gmdnPTName>
        <gmdnPTDefinition>A hand-held surgical instrument intended to be used during implantation of an orthopaedic prosthesis, either manually or as a computer-assisted surgery (CAS) device, to aid in the navigation/placement of the prosthesis or other instruments [e.g., drill sleeves and guide wires (Kirschner wires), patella saw guide]. It may be used for the following applications: 1) to hold/align/fix/guide other instruments, prostheses, or prosthesis components; 2) to provide relative position landmarks; 3) to ascertain correct spatial orientation or limb alignment; and/or 4) as an interface (non-adaptive) between prosthesis components. This is a reusable device intended to be sterilized prior to use.</gmdnPTDefinition>
        <implantable>false</implantable>
        <gmdnCodeStatus>Active</gmdnCodeStatus>
      </gmdn>
    </gmdnTerms>
    <productCodes>
      <fdaProductCode>
        <productCode>EML</productCode>
        <productCodeName>Chisel, Bone, Surgical</productCodeName>
      </fdaProductCode>
    </productCodes>
    <deviceSizes />
    <environmentalConditions />
    <sterilization>
      <deviceSterile>false</deviceSterile>
      <sterilizationPriorToUse>true</sterilizationPriorToUse>
      <methodTypes>
        <sterilizationMethod>Moist Heat or Steam Sterilization</sterilizationMethod>
      </methodTypes>
    </sterilization>
  </device>
  <device xmlns:xsi="http://www.w3.org/2001/XMLSchema-instance" xmlns="http://www.fda.gov/cdrh/gudid">
    <publicDeviceRecordKey>a345a435-79cf-4121-9183-d5d47f61f992</publicDeviceRecordKey>
    <publicVersionStatus>Update</publicVersionStatus>
    <deviceRecordStatus>Published</deviceRecordStatus>
    <!--Note: publicVersionNumber is system generated and assigned to all device records to track public release updates to a device record-->
    <publicVersionNumber>9</publicVersionNumber>
    <publicVersionDate>2023-05-03</publicVersionDate>
    <devicePublishDate>2017-08-07</devicePublishDate>
    <deviceCommDistributionEndDate xsi:nil="true" />
    <deviceCommDistributionStatus>In Commercial Distribution</deviceCommDistributionStatus>
    <identifiers>
      <identifier>
        <deviceId>00888912545303</deviceId>
        <deviceIdType>Primary</deviceIdType>
        <deviceIdIssuingAgency>GS1</deviceIdIssuingAgency>
        <containsDINumber xsi:nil="true" />
        <pkgQuantity xsi:nil="true" />
        <pkgDiscontinueDate xsi:nil="true" />
        <pkgStatus xsi:nil="true" />
        <pkgType xsi:nil="true" />
      </identifier>
    </identifiers>
    <brandName>DJO SURGICAL</brandName>
    <versionModelNumber>800-05-062</versionModelNumber>
    <catalogNumber xsi:nil="true" />
    <dunsNumber>154074504</dunsNumber>
    <companyName>Encore Medical, L.P.</companyName>
    <deviceCount>1</deviceCount>
    <deviceDescription>Empowr Box Cut Guide Chisel, SZ 2 and 3</deviceDescription>
    <DMExempt>false</DMExempt>
    <premarketExempt>false</premarketExempt>
    <deviceHCTP>false</deviceHCTP>
    <deviceKit>false</deviceKit>
    <deviceCombinationProduct>false</deviceCombinationProduct>
    <singleUse>false</singleUse>
    <lotBatch>true</lotBatch>
    <serialNumber>false</serialNumber>
    <manufacturingDate>false</manufacturingDate>
    <expirationDate>false</expirationDate>
    <donationIdNumber>false</donationIdNumber>
    <labeledContainsNRL>false</labeledContainsNRL>
    <labeledNoNRL>true</labeledNoNRL>
    <MRISafetyStatus>Labeling does not contain MRI Safety Information</MRISafetyStatus>
    <rx>false</rx>
    <otc>false</otc>
    <contacts />
    <premarketSubmissions>
      <premarketSubmission>
        <submissionNumber>K160342</submissionNumber>
        <supplementNumber>000</supplementNumber>
      </premarketSubmission>
    </premarketSubmissions>
    <gmdnTerms>
      <gmdn>
        <gmdnCode>13180</gmdnCode>
        <gmdnPTName>Orthopaedic prosthesis implantation positioning instrument, reusable</gmdnPTName>
        <gmdnPTDefinition>A hand-held surgical instrument intended to be used during implantation of an orthopaedic prosthesis, either manually or as a computer-assisted surgery (CAS) device, to aid in the navigation/placement of the prosthesis or other instruments [e.g., drill sleeves and guide wires (Kirschner wires), patella saw guide]. It may be used for the following applications: 1) to hold/align/fix/guide other instruments, prostheses, or prosthesis components; 2) to provide relative position landmarks; 3) to ascertain correct spatial orientation or limb alignment; and/or 4) as an interface (non-adaptive) between prosthesis components. This is a reusable device intended to be sterilized prior to use.</gmdnPTDefinition>
        <implantable>false</implantable>
        <gmdnCodeStatus>Active</gmdnCodeStatus>
      </gmdn>
    </gmdnTerms>
    <productCodes>
      <fdaProductCode>
        <productCode>EML</productCode>
        <productCodeName>Chisel, Bone, Surgical</productCodeName>
      </fdaProductCode>
    </productCodes>
    <deviceSizes />
    <environmentalConditions />
    <sterilization>
      <deviceSterile>false</deviceSterile>
      <sterilizationPriorToUse>true</sterilizationPriorToUse>
      <methodTypes>
        <sterilizationMethod>Moist Heat or Steam Sterilization</sterilizationMethod>
      </methodTypes>
    </sterilization>
  </device>
  <device xmlns:xsi="http://www.w3.org/2001/XMLSchema-instance" xmlns="http://www.fda.gov/cdrh/gudid">
    <publicDeviceRecordKey>fffccc8d-034d-4aad-9154-e6e351270554</publicDeviceRecordKey>
    <publicVersionStatus>New</publicVersionStatus>
    <deviceRecordStatus>Published</deviceRecordStatus>
    <!--Note: publicVersionNumber is system generated and assigned to all device records to track public release updates to a device record-->
    <publicVersionNumber>1</publicVersionNumber>
    <publicVersionDate>2023-06-13</publicVersionDate>
    <devicePublishDate>2023-06-05</devicePublishDate>
    <deviceCommDistributionEndDate xsi:nil="true" />
    <deviceCommDistributionStatus>In Commercial Distribution</deviceCommDistributionStatus>
    <identifiers>
      <identifier>
        <deviceId>00888867426986</deviceId>
        <deviceIdType>Primary</deviceIdType>
        <deviceIdIssuingAgency>GS1</deviceIdIssuingAgency>
        <containsDINumber xsi:nil="true" />
        <pkgQuantity xsi:nil="true" />
        <pkgDiscontinueDate xsi:nil="true" />
        <pkgStatus xsi:nil="true" />
        <pkgType xsi:nil="true" />
      </identifier>
    </identifiers>
    <brandName>Arthrex®</brandName>
    <versionModelNumber>AR-S4100-200-100</versionModelNumber>
    <catalogNumber>AR-S4100-200-100</catalogNumber>
    <dunsNumber>131747628</dunsNumber>
    <companyName>ARTHREX, INC.</companyName>
    <deviceCount>1</deviceCount>
    <deviceDescription>Extracting Forceps</deviceDescription>
    <DMExempt>false</DMExempt>
    <premarketExempt>true</premarketExempt>
    <deviceHCTP>false</deviceHCTP>
    <deviceKit>false</deviceKit>
    <deviceCombinationProduct>false</deviceCombinationProduct>
    <singleUse>false</singleUse>
    <lotBatch>true</lotBatch>
    <serialNumber>false</serialNumber>
    <manufacturingDate>true</manufacturingDate>
    <expirationDate>false</expirationDate>
    <donationIdNumber>false</donationIdNumber>
    <labeledContainsNRL>false</labeledContainsNRL>
    <labeledNoNRL>false</labeledNoNRL>
    <MRISafetyStatus>Labeling does not contain MRI Safety Information</MRISafetyStatus>
    <rx>true</rx>
    <otc>false</otc>
    <contacts>
      <customerContact>
        <phone>+1(800)934-4404</phone>
        <phoneExtension xsi:nil="true" />
        <email>complaints@arthrex.com</email>
      </customerContact>
    </contacts>
    <gmdnTerms>
      <gmdn>
        <gmdnCode>11791</gmdnCode>
        <gmdnPTName>Dressing/utility forceps, scissors-like, reusable</gmdnPTName>
        <gmdnPTDefinition>A hand-held manual instrument designed primarily for non-dedicated grasping of devices, sponges and/or dressings during a procedure; it is neither intended for tissue manipulation nor endoscopic use. It has a scissors-like hinged design with ring handles and blades (non-cutting) that may be available in a range of sizes or designs. It may be intended for use at a specific anatomy. This is a reusable device intended to be sterilized prior to use.</gmdnPTDefinition>
        <implantable>false</implantable>
        <gmdnCodeStatus>Active</gmdnCodeStatus>
      </gmdn>
    </gmdnTerms>
    <productCodes>
      <fdaProductCode>
        <productCode>EMH</productCode>
        <productCodeName>FORCEPS, RONGEUR, SURGICAL</productCodeName>
      </fdaProductCode>
    </productCodes>
    <deviceSizes />
    <environmentalConditions />
    <sterilization>
      <deviceSterile>false</deviceSterile>
      <sterilizationPriorToUse>true</sterilizationPriorToUse>
      <methodTypes>
        <sterilizationMethod>Moist Heat or Steam Sterilization</sterilizationMethod>
      </methodTypes>
    </sterilization>
  </device>
</devices>