﻿<?xml version="1.0" encoding="UTF-8"?>
<devices>
  <device xmlns:xsi="http://www.w3.org/2001/XMLSchema-instance" xmlns="http://www.fda.gov/cdrh/gudid">
    <publicDeviceRecordKey>92731248-d3d3-41ec-a85e-9f54535a7a92</publicDeviceRecordKey>
    <publicVersionStatus>New</publicVersionStatus>
    <deviceRecordStatus>Published</deviceRecordStatus>
    <!--Note: publicVersionNumber is system generated and assigned to all device records to track public release updates to a device record-->
    <publicVersionNumber>1</publicVersionNumber>
    <publicVersionDate>2022-09-07</publicVersionDate>
    <devicePublishDate>2022-08-30</devicePublishDate>
    <deviceCommDistributionEndDate>9999-01-01</deviceCommDistributionEndDate>
    <deviceCommDistributionStatus>In Commercial Distribution</deviceCommDistributionStatus>
    <identifiers>
      <identifier>
        <deviceId>00887482057414</deviceId>
        <deviceIdType>Primary</deviceIdType>
        <deviceIdIssuingAgency>GS1</deviceIdIssuingAgency>
        <containsDINumber xsi:nil="true" />
        <pkgQuantity xsi:nil="true" />
        <pkgDiscontinueDate xsi:nil="true" />
        <pkgStatus xsi:nil="true" />
        <pkgType xsi:nil="true" />
      </identifier>
    </identifiers>
    <brandName>Symmetry Surgical®</brandName>
    <versionModelNumber>20-0511</versionModelNumber>
    <catalogNumber>20-0511</catalogNumber>
    <dunsNumber>079641356</dunsNumber>
    <companyName>SYMMETRY SURGICAL INC.</companyName>
    <deviceCount>1</deviceCount>
    <deviceDescription>Symmetry® Retractor, Henahan, Double-Ended, Size 3-3</deviceDescription>
    <DMExempt>true</DMExempt>
    <premarketExempt>true</premarketExempt>
    <deviceHCTP>false</deviceHCTP>
    <deviceKit>false</deviceKit>
    <deviceCombinationProduct>false</deviceCombinationProduct>
    <singleUse>false</singleUse>
    <lotBatch>true</lotBatch>
    <serialNumber>false</serialNumber>
    <manufacturingDate>true</manufacturingDate>
    <expirationDate>false</expirationDate>
    <donationIdNumber>false</donationIdNumber>
    <labeledContainsNRL>false</labeledContainsNRL>
    <labeledNoNRL>false</labeledNoNRL>
    <MRISafetyStatus>Labeling does not contain MRI Safety Information</MRISafetyStatus>
    <rx>true</rx>
    <otc>false</otc>
    <contacts />
    <gmdnTerms>
      <gmdn>
        <gmdnPTName>Hand-held surgical retractor, reusable</gmdnPTName>
        <gmdnPTDefinition>A hand-held, non-self-retaining surgical instrument intended to be used to separate/draw aside the margins of a wound/incision to allow access to tissues/organs during open surgery; it is not dedicated to ophthalmic surgery or small nerve/vessel retraction, but may otherwise be clinically dedicated. It includes a shaped/hooked blade with a handle/holding portion and is available in a wide variety of designs, such as a double- or single-ended blade that may be fenestrated (pronged); deep wound retractors are typically designed with a long, curved blade that may also be intended to retract organs; it may include a light. This is a reusable device.</gmdnPTDefinition>
      </gmdn>
    </gmdnTerms>
    <productCodes>
      <fdaProductCode>
        <productCode>EIG</productCode>
        <productCodeName>Retractor, All Types</productCodeName>
      </fdaProductCode>
    </productCodes>
    <deviceSizes />
    <environmentalConditions />
    <sterilization>
      <deviceSterile>false</deviceSterile>
      <sterilizationPriorToUse>true</sterilizationPriorToUse>
      <methodTypes>
        <sterilizationMethod>Moist Heat or Steam Sterilization</sterilizationMethod>
      </methodTypes>
    </sterilization>
  </device>
  <device xmlns:xsi="http://www.w3.org/2001/XMLSchema-instance" xmlns="http://www.fda.gov/cdrh/gudid">
    <publicDeviceRecordKey>bcdeb788-91df-4757-8b2e-72e3a9f412a4</publicDeviceRecordKey>
    <publicVersionStatus>New</publicVersionStatus>
    <deviceRecordStatus>Published</deviceRecordStatus>
    <!--Note: publicVersionNumber is system generated and assigned to all device records to track public release updates to a device record-->
    <publicVersionNumber>1</publicVersionNumber>
    <publicVersionDate>2022-09-15</publicVersionDate>
    <devicePublishDate>2022-09-07</devicePublishDate>
    <deviceCommDistributionEndDate>9999-01-01</deviceCommDistributionEndDate>
    <deviceCommDistributionStatus>In Commercial Distribution</deviceCommDistributionStatus>
    <identifiers>
      <identifier>
        <deviceId>00887482044124</deviceId>
        <deviceIdType>Primary</deviceIdType>
        <deviceIdIssuingAgency>GS1</deviceIdIssuingAgency>
        <containsDINumber xsi:nil="true" />
        <pkgQuantity xsi:nil="true" />
        <pkgDiscontinueDate xsi:nil="true" />
        <pkgStatus xsi:nil="true" />
        <pkgType xsi:nil="true" />
      </identifier>
    </identifiers>
    <brandName>Symmetry Surgical®</brandName>
    <versionModelNumber>26-3700</versionModelNumber>
    <catalogNumber>26-3700</catalogNumber>
    <dunsNumber>079641356</dunsNumber>
    <companyName>SYMMETRY SURGICAL INC.</companyName>
    <deviceCount>1</deviceCount>
    <deviceDescription>Symmetry® Elevator, Molt Periosteal, Size 9, 7 1/4 in</deviceDescription>
    <DMExempt>true</DMExempt>
    <premarketExempt>true</premarketExempt>
    <deviceHCTP>false</deviceHCTP>
    <deviceKit>false</deviceKit>
    <deviceCombinationProduct>false</deviceCombinationProduct>
    <singleUse>false</singleUse>
    <lotBatch>true</lotBatch>
    <serialNumber>false</serialNumber>
    <manufacturingDate>true</manufacturingDate>
    <expirationDate>false</expirationDate>
    <donationIdNumber>false</donationIdNumber>
    <labeledContainsNRL>false</labeledContainsNRL>
    <labeledNoNRL>false</labeledNoNRL>
    <MRISafetyStatus>Labeling does not contain MRI Safety Information</MRISafetyStatus>
    <rx>true</rx>
    <otc>false</otc>
    <contacts />
    <gmdnTerms>
      <gmdn>
        <gmdnPTName>Bone lever/elevator, reusable</gmdnPTName>
        <gmdnPTDefinition>A manual surgical instrument designed to lift, position, or pry up (elevate) bone, other anatomical structures, or surgical material/devices during an orthopaedic intervention. It is made of high-grade stainless steel and is available in a wide variety of sizes, designs, and blade shapes. It is typically a robust instrument with a blunted blade with no cutting edge at the distal end that can be pointed, rounded, flat, curved or hook shaped and a handle of various designs at the proximal end. Some types can have special functions, e.g., for angle joint operations or for luxation procedures. This is a reusable device.</gmdnPTDefinition>
      </gmdn>
    </gmdnTerms>
    <productCodes>
      <fdaProductCode>
        <productCode>EMJ</productCode>
        <productCodeName>Elevator, Surgical, Dental</productCodeName>
      </fdaProductCode>
    </productCodes>
    <deviceSizes />
    <environmentalConditions />
    <sterilization>
      <deviceSterile>false</deviceSterile>
      <sterilizationPriorToUse>true</sterilizationPriorToUse>
      <methodTypes>
        <sterilizationMethod>Moist Heat or Steam Sterilization</sterilizationMethod>
      </methodTypes>
    </sterilization>
  </device>
  <device xmlns:xsi="http://www.w3.org/2001/XMLSchema-instance" xmlns="http://www.fda.gov/cdrh/gudid">
    <publicDeviceRecordKey>ad6fce6e-aa6c-4658-9c0f-80a75734e6ea</publicDeviceRecordKey>
    <publicVersionStatus>Update</publicVersionStatus>
    <deviceRecordStatus>Published</deviceRecordStatus>
    <!--Note: publicVersionNumber is system generated and assigned to all device records to track public release updates to a device record-->
    <publicVersionNumber>3</publicVersionNumber>
    <publicVersionDate>2018-07-06</publicVersionDate>
    <devicePublishDate>2017-02-09</devicePublishDate>
    <deviceCommDistributionEndDate xsi:nil="true" />
    <deviceCommDistributionStatus>In Commercial Distribution</deviceCommDistributionStatus>
    <identifiers>
      <identifier>
        <deviceId>00885797004260</deviceId>
        <deviceIdType>Primary</deviceIdType>
        <deviceIdIssuingAgency>GS1</deviceIdIssuingAgency>
        <containsDINumber xsi:nil="true" />
        <pkgQuantity xsi:nil="true" />
        <pkgDiscontinueDate xsi:nil="true" />
        <pkgStatus xsi:nil="true" />
        <pkgType xsi:nil="true" />
      </identifier>
    </identifiers>
    <brandName>Signature III bracket</brandName>
    <versionModelNumber>0Q03011</versionModelNumber>
    <catalogNumber xsi:nil="true" />
    <dunsNumber>007058183</dunsNumber>
    <companyName>RMO, INC.</companyName>
    <deviceCount>1</deviceCount>
    <deviceDescription>Orthodontic ceramic bracket</deviceDescription>
    <DMExempt>false</DMExempt>
    <premarketExempt>false</premarketExempt>
    <deviceHCTP>false</deviceHCTP>
    <deviceKit>false</deviceKit>
    <deviceCombinationProduct>false</deviceCombinationProduct>
    <singleUse>true</singleUse>
    <lotBatch>false</lotBatch>
    <serialNumber>false</serialNumber>
    <manufacturingDate>false</manufacturingDate>
    <expirationDate>false</expirationDate>
    <donationIdNumber>false</donationIdNumber>
    <labeledContainsNRL>false</labeledContainsNRL>
    <labeledNoNRL>false</labeledNoNRL>
    <MRISafetyStatus>MR Safe</MRISafetyStatus>
    <rx>true</rx>
    <otc>false</otc>
    <contacts />
    <premarketSubmissions>
      <premarketSubmission>
        <submissionNumber>K120471</submissionNumber>
        <supplementNumber>000</supplementNumber>
      </premarketSubmission>
    </premarketSubmissions>
    <gmdnTerms>
      <gmdn>
        <gmdnPTName>Orthodontic bracket, ceramic</gmdnPTName>
        <gmdnPTDefinition>A ceramic device intended to be bonded to a tooth to hold an orthodontic archwire used to apply pressure to the tooth in order to alter the position of the tooth. It typically has a metal (e.g., stainless steel) insert slot for the archwire, which is held in place with an orthodontic archwire/bracket fixation ring. This is a single-patient device intended to be used for the duration of the treatment (single-use) before being discarded.</gmdnPTDefinition>
      </gmdn>
    </gmdnTerms>
    <productCodes>
      <fdaProductCode>
        <productCode>NJM</productCode>
        <productCodeName>Bracket, Ceramic, Orthodontic</productCodeName>
      </fdaProductCode>
    </productCodes>
    <deviceSizes />
    <environmentalConditions />
    <sterilization>
      <deviceSterile>false</deviceSterile>
      <sterilizationPriorToUse>false</sterilizationPriorToUse>
      <methodTypes />
    </sterilization>
  </device>
</devices>