﻿<?xml version="1.0" encoding="UTF-8"?>
<devices>
  <device xmlns:xsi="http://www.w3.org/2001/XMLSchema-instance" xmlns="http://www.fda.gov/cdrh/gudid">
    <publicDeviceRecordKey>0a589341-c052-4296-843a-54d0828a23b2</publicDeviceRecordKey>
    <publicVersionStatus>New</publicVersionStatus>
    <deviceRecordStatus>Published</deviceRecordStatus>
    <!--Note: publicVersionNumber is system generated and assigned to all device records to track public release updates to a device record-->
    <publicVersionNumber>1</publicVersionNumber>
    <publicVersionDate>2022-09-22</publicVersionDate>
    <devicePublishDate>2022-09-14</devicePublishDate>
    <deviceCommDistributionEndDate>9999-01-01</deviceCommDistributionEndDate>
    <deviceCommDistributionStatus>In Commercial Distribution</deviceCommDistributionStatus>
    <identifiers>
      <identifier>
        <deviceId>00887482068595</deviceId>
        <deviceIdType>Primary</deviceIdType>
        <deviceIdIssuingAgency>GS1</deviceIdIssuingAgency>
        <containsDINumber xsi:nil="true" />
        <pkgQuantity xsi:nil="true" />
        <pkgDiscontinueDate xsi:nil="true" />
        <pkgStatus xsi:nil="true" />
        <pkgType xsi:nil="true" />
      </identifier>
    </identifiers>
    <brandName>Symmetry Surgical®</brandName>
    <versionModelNumber>30-5422</versionModelNumber>
    <catalogNumber>30-5422</catalogNumber>
    <dunsNumber>079641356</dunsNumber>
    <companyName>SYMMETRY SURGICAL INC.</companyName>
    <deviceCount>1</deviceCount>
    <deviceDescription>Symmetry® Rongeur, Cranial, Rat Tooth, 8 1/2 in</deviceDescription>
    <DMExempt>true</DMExempt>
    <premarketExempt>true</premarketExempt>
    <deviceHCTP>false</deviceHCTP>
    <deviceKit>false</deviceKit>
    <deviceCombinationProduct>false</deviceCombinationProduct>
    <singleUse>false</singleUse>
    <lotBatch>true</lotBatch>
    <serialNumber>false</serialNumber>
    <manufacturingDate>true</manufacturingDate>
    <expirationDate>false</expirationDate>
    <donationIdNumber>false</donationIdNumber>
    <labeledContainsNRL>false</labeledContainsNRL>
    <labeledNoNRL>false</labeledNoNRL>
    <MRISafetyStatus>Labeling does not contain MRI Safety Information</MRISafetyStatus>
    <rx>true</rx>
    <otc>false</otc>
    <contacts />
    <gmdnTerms>
      <gmdn>
        <gmdnPTName>Orthopaedic joint/limb rongeur</gmdnPTName>
        <gmdnPTDefinition>A hand-held manual surgical instrument designed to remove bone during an orthopaedic intervention of the limbs/joints; it is not primarily intended for nasal, spinal, or cranial use and is not a dedicated rib rongeur. It is a heavy-duty metallic instrument that has a forceps- or pliers-like design and terminates at the distal end with sharp-edged, scoop-shaped jaws attached to strong, sprung (self-opening), pivoted or multi-pivoted handles that, when squeezed together, close the jaws to bite (cut) through the bone. This is a reusable device.</gmdnPTDefinition>
      </gmdn>
    </gmdnTerms>
    <productCodes>
      <fdaProductCode>
        <productCode>EMG</productCode>
        <productCodeName>Forceps, Tooth Extractor, Surgical</productCodeName>
      </fdaProductCode>
    </productCodes>
    <deviceSizes />
    <environmentalConditions />
    <sterilization>
      <deviceSterile>false</deviceSterile>
      <sterilizationPriorToUse>true</sterilizationPriorToUse>
      <methodTypes>
        <sterilizationMethod>Moist Heat or Steam Sterilization</sterilizationMethod>
      </methodTypes>
    </sterilization>
  </device>
  <device xmlns:xsi="http://www.w3.org/2001/XMLSchema-instance" xmlns="http://www.fda.gov/cdrh/gudid">
    <publicDeviceRecordKey>0ca50965-caf3-439f-96da-e484a764c45f</publicDeviceRecordKey>
    <publicVersionStatus>New</publicVersionStatus>
    <deviceRecordStatus>Published</deviceRecordStatus>
    <!--Note: publicVersionNumber is system generated and assigned to all device records to track public release updates to a device record-->
    <publicVersionNumber>1</publicVersionNumber>
    <publicVersionDate>2022-09-15</publicVersionDate>
    <devicePublishDate>2022-09-07</devicePublishDate>
    <deviceCommDistributionEndDate>9999-01-01</deviceCommDistributionEndDate>
    <deviceCommDistributionStatus>In Commercial Distribution</deviceCommDistributionStatus>
    <identifiers>
      <identifier>
        <deviceId>00887482062838</deviceId>
        <deviceIdType>Primary</deviceIdType>
        <deviceIdIssuingAgency>GS1</deviceIdIssuingAgency>
        <containsDINumber xsi:nil="true" />
        <pkgQuantity xsi:nil="true" />
        <pkgDiscontinueDate xsi:nil="true" />
        <pkgStatus xsi:nil="true" />
        <pkgType xsi:nil="true" />
      </identifier>
    </identifiers>
    <brandName>Symmetry Surgical®</brandName>
    <versionModelNumber>26-1350</versionModelNumber>
    <catalogNumber>26-1350</catalogNumber>
    <dunsNumber>079641356</dunsNumber>
    <companyName>SYMMETRY SURGICAL INC.</companyName>
    <deviceCount>1</deviceCount>
    <deviceDescription>Symmetry® File, Bone, Double-Ended, 5 mm/7 mm Tips, 7 1/4 in</deviceDescription>
    <DMExempt>true</DMExempt>
    <premarketExempt>true</premarketExempt>
    <deviceHCTP>false</deviceHCTP>
    <deviceKit>false</deviceKit>
    <deviceCombinationProduct>false</deviceCombinationProduct>
    <singleUse>false</singleUse>
    <lotBatch>true</lotBatch>
    <serialNumber>false</serialNumber>
    <manufacturingDate>true</manufacturingDate>
    <expirationDate>false</expirationDate>
    <donationIdNumber>false</donationIdNumber>
    <labeledContainsNRL>false</labeledContainsNRL>
    <labeledNoNRL>false</labeledNoNRL>
    <MRISafetyStatus>Labeling does not contain MRI Safety Information</MRISafetyStatus>
    <rx>true</rx>
    <otc>false</otc>
    <contacts />
    <gmdnTerms>
      <gmdn>
        <gmdnPTName>Bone file/rasp, manual, reusable</gmdnPTName>
        <gmdnPTDefinition>A hand-held manual surgical instrument with a surface(s) of coarse and/or fine grooves or teeth designed to scrape and smooth the surface of bone during a surgical procedure. The device is typically a one-piece instrument with grooves/teeth along all or part of its working end(s). It is available in a variety of sizes and working end designs, including straight and curved ends and often double-ended with a central handle. It is not dedicated for use at a specific anatomy (e.g., sinus, ear) and it is made of metal [e.g., stainless steel, titanium (Ti)]. This is a reusable device.</gmdnPTDefinition>
      </gmdn>
    </gmdnTerms>
    <productCodes>
      <fdaProductCode>
        <productCode>EMI</productCode>
        <productCodeName>File, Bone, Surgical</productCodeName>
      </fdaProductCode>
    </productCodes>
    <deviceSizes />
    <environmentalConditions />
    <sterilization>
      <deviceSterile>false</deviceSterile>
      <sterilizationPriorToUse>true</sterilizationPriorToUse>
      <methodTypes>
        <sterilizationMethod>Moist Heat or Steam Sterilization</sterilizationMethod>
      </methodTypes>
    </sterilization>
  </device>
</devices>