﻿<?xml version="1.0" encoding="UTF-8"?>
<devices>
  <device xmlns:xsi="http://www.w3.org/2001/XMLSchema-instance" xmlns="http://www.fda.gov/cdrh/gudid">
    <publicDeviceRecordKey>26cbc9a2-4597-402f-b894-c6603ad997bc</publicDeviceRecordKey>
    <publicVersionStatus>Update</publicVersionStatus>
    <deviceRecordStatus>Published</deviceRecordStatus>
    <!--Note: publicVersionNumber is system generated and assigned to all device records to track public release updates to a device record-->
    <publicVersionNumber>3</publicVersionNumber>
    <publicVersionDate>2018-12-21</publicVersionDate>
    <devicePublishDate>2017-06-15</devicePublishDate>
    <deviceCommDistributionEndDate xsi:nil="true" />
    <deviceCommDistributionStatus>In Commercial Distribution</deviceCommDistributionStatus>
    <identifiers>
      <identifier>
        <deviceId>20888937016639</deviceId>
        <deviceIdType>Package</deviceIdType>
        <deviceIdIssuingAgency>GS1</deviceIdIssuingAgency>
        <containsDINumber>00888937016635</containsDINumber>
        <pkgQuantity>5</pkgQuantity>
        <pkgDiscontinueDate xsi:nil="true" />
        <pkgStatus>In Commercial Distribution</pkgStatus>
        <pkgType xsi:nil="true" />
      </identifier>
      <identifier>
        <deviceId>00888937016635</deviceId>
        <deviceIdType>Primary</deviceIdType>
        <deviceIdIssuingAgency>GS1</deviceIdIssuingAgency>
        <containsDINumber xsi:nil="true" />
        <pkgQuantity xsi:nil="true" />
        <pkgDiscontinueDate xsi:nil="true" />
        <pkgStatus xsi:nil="true" />
        <pkgType xsi:nil="true" />
      </identifier>
    </identifiers>
    <brandName>Disposa-Derm® Skin Biopsy Punch • 6 mm (Disposable)</brandName>
    <versionModelNumber>DD-6MM</versionModelNumber>
    <catalogNumber xsi:nil="true" />
    <dunsNumber>801895244</dunsNumber>
    <companyName>Coopersurgical, Inc.</companyName>
    <deviceCount>1</deviceCount>
    <deviceDescription>Disposa-Derm® Skin Biopsy Punch • 6 mm (Disposable)</deviceDescription>
    <DMExempt>false</DMExempt>
    <premarketExempt>true</premarketExempt>
    <deviceHCTP>false</deviceHCTP>
    <deviceKit>false</deviceKit>
    <deviceCombinationProduct>false</deviceCombinationProduct>
    <singleUse>true</singleUse>
    <lotBatch>true</lotBatch>
    <serialNumber>false</serialNumber>
    <manufacturingDate>false</manufacturingDate>
    <expirationDate>true</expirationDate>
    <donationIdNumber>false</donationIdNumber>
    <labeledContainsNRL>false</labeledContainsNRL>
    <labeledNoNRL>true</labeledNoNRL>
    <MRISafetyStatus>Labeling does not contain MRI Safety Information</MRISafetyStatus>
    <rx>true</rx>
    <otc>false</otc>
    <contacts />
    <gmdnTerms>
      <gmdn>
        <gmdnPTName>Biopsy punch, reusable</gmdnPTName>
        <gmdnPTDefinition>A manual surgical instrument designed to obtain a tissue or bone sample typically for histopathological analysis. The instrument may be ring-handled, pistol grip, or shaft-like in design. Ring-handled or pistol grip designs feature extended shafts which terminate in a punch-like or mechanical jaw mechanism at the distal tip. The shaft-like instrument is a hollow tube, sharpened on one end, and is usually used with a trocar. This is a reusable device.</gmdnPTDefinition>
      </gmdn>
    </gmdnTerms>
    <productCodes>
      <fdaProductCode>
        <productCode>EME</productCode>
        <productCodeName>Punch, Biopsy, Surgical</productCodeName>
      </fdaProductCode>
    </productCodes>
    <deviceSizes />
    <environmentalConditions />
    <sterilization>
      <deviceSterile>true</deviceSterile>
      <sterilizationPriorToUse>false</sterilizationPriorToUse>
      <methodTypes />
    </sterilization>
  </device>
  <device xmlns:xsi="http://www.w3.org/2001/XMLSchema-instance" xmlns="http://www.fda.gov/cdrh/gudid">
    <publicDeviceRecordKey>eb6bdbb1-0ae0-4045-8a20-46ab0e4cab6e</publicDeviceRecordKey>
    <publicVersionStatus>Update</publicVersionStatus>
    <deviceRecordStatus>Published</deviceRecordStatus>
    <!--Note: publicVersionNumber is system generated and assigned to all device records to track public release updates to a device record-->
    <publicVersionNumber>3</publicVersionNumber>
    <publicVersionDate>2018-12-21</publicVersionDate>
    <devicePublishDate>2017-06-15</devicePublishDate>
    <deviceCommDistributionEndDate xsi:nil="true" />
    <deviceCommDistributionStatus>In Commercial Distribution</deviceCommDistributionStatus>
    <identifiers>
      <identifier>
        <deviceId>20888937016622</deviceId>
        <deviceIdType>Package</deviceIdType>
        <deviceIdIssuingAgency>GS1</deviceIdIssuingAgency>
        <containsDINumber>00888937016628</containsDINumber>
        <pkgQuantity>5</pkgQuantity>
        <pkgDiscontinueDate xsi:nil="true" />
        <pkgStatus>In Commercial Distribution</pkgStatus>
        <pkgType xsi:nil="true" />
      </identifier>
      <identifier>
        <deviceId>00888937016628</deviceId>
        <deviceIdType>Primary</deviceIdType>
        <deviceIdIssuingAgency>GS1</deviceIdIssuingAgency>
        <containsDINumber xsi:nil="true" />
        <pkgQuantity xsi:nil="true" />
        <pkgDiscontinueDate xsi:nil="true" />
        <pkgStatus xsi:nil="true" />
        <pkgType xsi:nil="true" />
      </identifier>
    </identifiers>
    <brandName>Disposa-Derm® Skin Biopsy Punch • 5 mm (Disposable)</brandName>
    <versionModelNumber>DD-5MM</versionModelNumber>
    <catalogNumber xsi:nil="true" />
    <dunsNumber>801895244</dunsNumber>
    <companyName>Coopersurgical, Inc.</companyName>
    <deviceCount>1</deviceCount>
    <deviceDescription>Disposa-Derm® Skin Biopsy Punch • 5 mm (Disposable)</deviceDescription>
    <DMExempt>false</DMExempt>
    <premarketExempt>true</premarketExempt>
    <deviceHCTP>false</deviceHCTP>
    <deviceKit>false</deviceKit>
    <deviceCombinationProduct>false</deviceCombinationProduct>
    <singleUse>true</singleUse>
    <lotBatch>true</lotBatch>
    <serialNumber>false</serialNumber>
    <manufacturingDate>false</manufacturingDate>
    <expirationDate>true</expirationDate>
    <donationIdNumber>false</donationIdNumber>
    <labeledContainsNRL>false</labeledContainsNRL>
    <labeledNoNRL>true</labeledNoNRL>
    <MRISafetyStatus>Labeling does not contain MRI Safety Information</MRISafetyStatus>
    <rx>true</rx>
    <otc>false</otc>
    <contacts />
    <gmdnTerms>
      <gmdn>
        <gmdnPTName>Biopsy punch, reusable</gmdnPTName>
        <gmdnPTDefinition>A manual surgical instrument designed to obtain a tissue or bone sample typically for histopathological analysis. The instrument may be ring-handled, pistol grip, or shaft-like in design. Ring-handled or pistol grip designs feature extended shafts which terminate in a punch-like or mechanical jaw mechanism at the distal tip. The shaft-like instrument is a hollow tube, sharpened on one end, and is usually used with a trocar. This is a reusable device.</gmdnPTDefinition>
      </gmdn>
    </gmdnTerms>
    <productCodes>
      <fdaProductCode>
        <productCode>EME</productCode>
        <productCodeName>Punch, Biopsy, Surgical</productCodeName>
      </fdaProductCode>
    </productCodes>
    <deviceSizes />
    <environmentalConditions />
    <sterilization>
      <deviceSterile>true</deviceSterile>
      <sterilizationPriorToUse>false</sterilizationPriorToUse>
      <methodTypes />
    </sterilization>
  </device>
  <device xmlns:xsi="http://www.w3.org/2001/XMLSchema-instance" xmlns="http://www.fda.gov/cdrh/gudid">
    <publicDeviceRecordKey>1e4799de-f903-4827-9c4d-97bd14850839</publicDeviceRecordKey>
    <publicVersionStatus>Update</publicVersionStatus>
    <deviceRecordStatus>Published</deviceRecordStatus>
    <!--Note: publicVersionNumber is system generated and assigned to all device records to track public release updates to a device record-->
    <publicVersionNumber>3</publicVersionNumber>
    <publicVersionDate>2018-12-21</publicVersionDate>
    <devicePublishDate>2017-06-15</devicePublishDate>
    <deviceCommDistributionEndDate xsi:nil="true" />
    <deviceCommDistributionStatus>In Commercial Distribution</deviceCommDistributionStatus>
    <identifiers>
      <identifier>
        <deviceId>20888937016615</deviceId>
        <deviceIdType>Package</deviceIdType>
        <deviceIdIssuingAgency>GS1</deviceIdIssuingAgency>
        <containsDINumber>00888937016611</containsDINumber>
        <pkgQuantity>5</pkgQuantity>
        <pkgDiscontinueDate xsi:nil="true" />
        <pkgStatus>In Commercial Distribution</pkgStatus>
        <pkgType xsi:nil="true" />
      </identifier>
      <identifier>
        <deviceId>00888937016611</deviceId>
        <deviceIdType>Primary</deviceIdType>
        <deviceIdIssuingAgency>GS1</deviceIdIssuingAgency>
        <containsDINumber xsi:nil="true" />
        <pkgQuantity xsi:nil="true" />
        <pkgDiscontinueDate xsi:nil="true" />
        <pkgStatus xsi:nil="true" />
        <pkgType xsi:nil="true" />
      </identifier>
    </identifiers>
    <brandName>Disposa-Derm® Skin Biopsy Punch • 4 mm (Disposable)</brandName>
    <versionModelNumber>DD-4MM</versionModelNumber>
    <catalogNumber xsi:nil="true" />
    <dunsNumber>801895244</dunsNumber>
    <companyName>Coopersurgical, Inc.</companyName>
    <deviceCount>1</deviceCount>
    <deviceDescription>Disposa-Derm® Skin Biopsy Punch • 4 mm (Disposable)</deviceDescription>
    <DMExempt>false</DMExempt>
    <premarketExempt>true</premarketExempt>
    <deviceHCTP>false</deviceHCTP>
    <deviceKit>false</deviceKit>
    <deviceCombinationProduct>false</deviceCombinationProduct>
    <singleUse>true</singleUse>
    <lotBatch>true</lotBatch>
    <serialNumber>false</serialNumber>
    <manufacturingDate>false</manufacturingDate>
    <expirationDate>true</expirationDate>
    <donationIdNumber>false</donationIdNumber>
    <labeledContainsNRL>false</labeledContainsNRL>
    <labeledNoNRL>true</labeledNoNRL>
    <MRISafetyStatus>Labeling does not contain MRI Safety Information</MRISafetyStatus>
    <rx>true</rx>
    <otc>false</otc>
    <contacts />
    <gmdnTerms>
      <gmdn>
        <gmdnPTName>Biopsy punch, reusable</gmdnPTName>
        <gmdnPTDefinition>A manual surgical instrument designed to obtain a tissue or bone sample typically for histopathological analysis. The instrument may be ring-handled, pistol grip, or shaft-like in design. Ring-handled or pistol grip designs feature extended shafts which terminate in a punch-like or mechanical jaw mechanism at the distal tip. The shaft-like instrument is a hollow tube, sharpened on one end, and is usually used with a trocar. This is a reusable device.</gmdnPTDefinition>
      </gmdn>
    </gmdnTerms>
    <productCodes>
      <fdaProductCode>
        <productCode>EME</productCode>
        <productCodeName>Punch, Biopsy, Surgical</productCodeName>
      </fdaProductCode>
    </productCodes>
    <deviceSizes />
    <environmentalConditions />
    <sterilization>
      <deviceSterile>true</deviceSterile>
      <sterilizationPriorToUse>false</sterilizationPriorToUse>
      <methodTypes />
    </sterilization>
  </device>
  <device xmlns:xsi="http://www.w3.org/2001/XMLSchema-instance" xmlns="http://www.fda.gov/cdrh/gudid">
    <publicDeviceRecordKey>3241efb5-3346-4867-b841-78bf740b16d9</publicDeviceRecordKey>
    <publicVersionStatus>Update</publicVersionStatus>
    <deviceRecordStatus>Published</deviceRecordStatus>
    <!--Note: publicVersionNumber is system generated and assigned to all device records to track public release updates to a device record-->
    <publicVersionNumber>3</publicVersionNumber>
    <publicVersionDate>2018-12-21</publicVersionDate>
    <devicePublishDate>2017-06-15</devicePublishDate>
    <deviceCommDistributionEndDate xsi:nil="true" />
    <deviceCommDistributionStatus>In Commercial Distribution</deviceCommDistributionStatus>
    <identifiers>
      <identifier>
        <deviceId>20888937016608</deviceId>
        <deviceIdType>Package</deviceIdType>
        <deviceIdIssuingAgency>GS1</deviceIdIssuingAgency>
        <containsDINumber>00888937016604</containsDINumber>
        <pkgQuantity>5</pkgQuantity>
        <pkgDiscontinueDate xsi:nil="true" />
        <pkgStatus>In Commercial Distribution</pkgStatus>
        <pkgType xsi:nil="true" />
      </identifier>
      <identifier>
        <deviceId>00888937016604</deviceId>
        <deviceIdType>Primary</deviceIdType>
        <deviceIdIssuingAgency>GS1</deviceIdIssuingAgency>
        <containsDINumber xsi:nil="true" />
        <pkgQuantity xsi:nil="true" />
        <pkgDiscontinueDate xsi:nil="true" />
        <pkgStatus xsi:nil="true" />
        <pkgType xsi:nil="true" />
      </identifier>
    </identifiers>
    <brandName>Disposa-Derm® Skin Biopsy Punch • 3 mm (Disposable)</brandName>
    <versionModelNumber>DD-3MM</versionModelNumber>
    <catalogNumber xsi:nil="true" />
    <dunsNumber>801895244</dunsNumber>
    <companyName>Coopersurgical, Inc.</companyName>
    <deviceCount>1</deviceCount>
    <deviceDescription>Disposa-Derm® Skin Biopsy Punch • 3 mm (Disposable)</deviceDescription>
    <DMExempt>false</DMExempt>
    <premarketExempt>true</premarketExempt>
    <deviceHCTP>false</deviceHCTP>
    <deviceKit>false</deviceKit>
    <deviceCombinationProduct>false</deviceCombinationProduct>
    <singleUse>true</singleUse>
    <lotBatch>true</lotBatch>
    <serialNumber>false</serialNumber>
    <manufacturingDate>false</manufacturingDate>
    <expirationDate>true</expirationDate>
    <donationIdNumber>false</donationIdNumber>
    <labeledContainsNRL>false</labeledContainsNRL>
    <labeledNoNRL>true</labeledNoNRL>
    <MRISafetyStatus>Labeling does not contain MRI Safety Information</MRISafetyStatus>
    <rx>true</rx>
    <otc>false</otc>
    <contacts />
    <gmdnTerms>
      <gmdn>
        <gmdnPTName>Biopsy punch, reusable</gmdnPTName>
        <gmdnPTDefinition>A manual surgical instrument designed to obtain a tissue or bone sample typically for histopathological analysis. The instrument may be ring-handled, pistol grip, or shaft-like in design. Ring-handled or pistol grip designs feature extended shafts which terminate in a punch-like or mechanical jaw mechanism at the distal tip. The shaft-like instrument is a hollow tube, sharpened on one end, and is usually used with a trocar. This is a reusable device.</gmdnPTDefinition>
      </gmdn>
    </gmdnTerms>
    <productCodes>
      <fdaProductCode>
        <productCode>EME</productCode>
        <productCodeName>Punch, Biopsy, Surgical</productCodeName>
      </fdaProductCode>
    </productCodes>
    <deviceSizes />
    <environmentalConditions />
    <sterilization>
      <deviceSterile>true</deviceSterile>
      <sterilizationPriorToUse>false</sterilizationPriorToUse>
      <methodTypes />
    </sterilization>
  </device>
  <device xmlns:xsi="http://www.w3.org/2001/XMLSchema-instance" xmlns="http://www.fda.gov/cdrh/gudid">
    <publicDeviceRecordKey>7b8f6db1-036b-4e94-8044-479e343fc6ec</publicDeviceRecordKey>
    <publicVersionStatus>Update</publicVersionStatus>
    <deviceRecordStatus>Published</deviceRecordStatus>
    <!--Note: publicVersionNumber is system generated and assigned to all device records to track public release updates to a device record-->
    <publicVersionNumber>3</publicVersionNumber>
    <publicVersionDate>2018-12-21</publicVersionDate>
    <devicePublishDate>2017-06-15</devicePublishDate>
    <deviceCommDistributionEndDate xsi:nil="true" />
    <deviceCommDistributionStatus>In Commercial Distribution</deviceCommDistributionStatus>
    <identifiers>
      <identifier>
        <deviceId>20888937016592</deviceId>
        <deviceIdType>Package</deviceIdType>
        <deviceIdIssuingAgency>GS1</deviceIdIssuingAgency>
        <containsDINumber>00888937016598</containsDINumber>
        <pkgQuantity>5</pkgQuantity>
        <pkgDiscontinueDate xsi:nil="true" />
        <pkgStatus>In Commercial Distribution</pkgStatus>
        <pkgType xsi:nil="true" />
      </identifier>
      <identifier>
        <deviceId>00888937016598</deviceId>
        <deviceIdType>Primary</deviceIdType>
        <deviceIdIssuingAgency>GS1</deviceIdIssuingAgency>
        <containsDINumber xsi:nil="true" />
        <pkgQuantity xsi:nil="true" />
        <pkgDiscontinueDate xsi:nil="true" />
        <pkgStatus xsi:nil="true" />
        <pkgType xsi:nil="true" />
      </identifier>
    </identifiers>
    <brandName>Disposa-Derm® Skin Biopsy Punch • 2 mm (Disposable)</brandName>
    <versionModelNumber>DD-2MM</versionModelNumber>
    <catalogNumber xsi:nil="true" />
    <dunsNumber>801895244</dunsNumber>
    <companyName>Coopersurgical, Inc.</companyName>
    <deviceCount>1</deviceCount>
    <deviceDescription>Disposa-Derm® Skin Biopsy Punch • 2 mm (Disposable)</deviceDescription>
    <DMExempt>false</DMExempt>
    <premarketExempt>true</premarketExempt>
    <deviceHCTP>false</deviceHCTP>
    <deviceKit>false</deviceKit>
    <deviceCombinationProduct>false</deviceCombinationProduct>
    <singleUse>true</singleUse>
    <lotBatch>true</lotBatch>
    <serialNumber>false</serialNumber>
    <manufacturingDate>false</manufacturingDate>
    <expirationDate>true</expirationDate>
    <donationIdNumber>false</donationIdNumber>
    <labeledContainsNRL>false</labeledContainsNRL>
    <labeledNoNRL>true</labeledNoNRL>
    <MRISafetyStatus>Labeling does not contain MRI Safety Information</MRISafetyStatus>
    <rx>true</rx>
    <otc>false</otc>
    <contacts />
    <gmdnTerms>
      <gmdn>
        <gmdnPTName>Biopsy punch, reusable</gmdnPTName>
        <gmdnPTDefinition>A manual surgical instrument designed to obtain a tissue or bone sample typically for histopathological analysis. The instrument may be ring-handled, pistol grip, or shaft-like in design. Ring-handled or pistol grip designs feature extended shafts which terminate in a punch-like or mechanical jaw mechanism at the distal tip. The shaft-like instrument is a hollow tube, sharpened on one end, and is usually used with a trocar. This is a reusable device.</gmdnPTDefinition>
      </gmdn>
    </gmdnTerms>
    <productCodes>
      <fdaProductCode>
        <productCode>EME</productCode>
        <productCodeName>Punch, Biopsy, Surgical</productCodeName>
      </fdaProductCode>
    </productCodes>
    <deviceSizes />
    <environmentalConditions />
    <sterilization>
      <deviceSterile>true</deviceSterile>
      <sterilizationPriorToUse>false</sterilizationPriorToUse>
      <methodTypes />
    </sterilization>
  </device>
  <device xmlns:xsi="http://www.w3.org/2001/XMLSchema-instance" xmlns="http://www.fda.gov/cdrh/gudid">
    <publicDeviceRecordKey>6dd66ad6-e86d-46cc-976b-73a74b419816</publicDeviceRecordKey>
    <publicVersionStatus>Update</publicVersionStatus>
    <deviceRecordStatus>Published</deviceRecordStatus>
    <!--Note: publicVersionNumber is system generated and assigned to all device records to track public release updates to a device record-->
    <publicVersionNumber>8</publicVersionNumber>
    <publicVersionDate>2019-01-21</publicVersionDate>
    <devicePublishDate>2017-08-07</devicePublishDate>
    <deviceCommDistributionEndDate xsi:nil="true" />
    <deviceCommDistributionStatus>In Commercial Distribution</deviceCommDistributionStatus>
    <identifiers>
      <identifier>
        <deviceId>00888912545310</deviceId>
        <deviceIdType>Primary</deviceIdType>
        <deviceIdIssuingAgency>GS1</deviceIdIssuingAgency>
        <containsDINumber xsi:nil="true" />
        <pkgQuantity xsi:nil="true" />
        <pkgDiscontinueDate xsi:nil="true" />
        <pkgStatus xsi:nil="true" />
        <pkgType xsi:nil="true" />
      </identifier>
    </identifiers>
    <brandName>DJO SURGICAL</brandName>
    <versionModelNumber>800-05-063</versionModelNumber>
    <catalogNumber xsi:nil="true" />
    <dunsNumber>154074504</dunsNumber>
    <companyName>Encore Medical, L.P.</companyName>
    <deviceCount>1</deviceCount>
    <deviceDescription>Empowr Box Cut Guide Chisel, SZ 4 and 5</deviceDescription>
    <DMExempt>false</DMExempt>
    <premarketExempt>false</premarketExempt>
    <deviceHCTP>false</deviceHCTP>
    <deviceKit>false</deviceKit>
    <deviceCombinationProduct>false</deviceCombinationProduct>
    <singleUse>false</singleUse>
    <lotBatch>true</lotBatch>
    <serialNumber>false</serialNumber>
    <manufacturingDate>false</manufacturingDate>
    <expirationDate>false</expirationDate>
    <donationIdNumber>false</donationIdNumber>
    <labeledContainsNRL>false</labeledContainsNRL>
    <labeledNoNRL>true</labeledNoNRL>
    <MRISafetyStatus>Labeling does not contain MRI Safety Information</MRISafetyStatus>
    <rx>false</rx>
    <otc>false</otc>
    <contacts />
    <premarketSubmissions>
      <premarketSubmission>
        <submissionNumber>K160342</submissionNumber>
        <supplementNumber>000</supplementNumber>
      </premarketSubmission>
    </premarketSubmissions>
    <gmdnTerms>
      <gmdn>
        <gmdnPTName>Orthopaedic prosthesis implantation instrument, reusable</gmdnPTName>
        <gmdnPTDefinition>A hand-held surgical instrument intended to be used during implantation of an orthopaedic prosthesis, either manually or as a computer-assisted surgery (CAS) device, to aid in the navigation/placement of the prosthesis or other instruments. It may be used for the following applications: 1) to hold/align/fix bone preparation instruments, prosthesis, or prosthesis component; 2) to provide relative position landmarks; 3) to ascertain correct spatial orientation or limb alignment; and/or 4) as an interface between prosthesis components. This is a reusable device intended to be sterilized prior to use.</gmdnPTDefinition>
      </gmdn>
    </gmdnTerms>
    <productCodes>
      <fdaProductCode>
        <productCode>EML</productCode>
        <productCodeName>Chisel, Bone, Surgical</productCodeName>
      </fdaProductCode>
    </productCodes>
    <deviceSizes />
    <environmentalConditions />
    <sterilization>
      <deviceSterile>false</deviceSterile>
      <sterilizationPriorToUse>true</sterilizationPriorToUse>
      <methodTypes>
        <sterilizationMethod>Moist Heat or Steam Sterilization</sterilizationMethod>
      </methodTypes>
    </sterilization>
  </device>
  <device xmlns:xsi="http://www.w3.org/2001/XMLSchema-instance" xmlns="http://www.fda.gov/cdrh/gudid">
    <publicDeviceRecordKey>a345a435-79cf-4121-9183-d5d47f61f992</publicDeviceRecordKey>
    <publicVersionStatus>Update</publicVersionStatus>
    <deviceRecordStatus>Published</deviceRecordStatus>
    <!--Note: publicVersionNumber is system generated and assigned to all device records to track public release updates to a device record-->
    <publicVersionNumber>8</publicVersionNumber>
    <publicVersionDate>2019-01-21</publicVersionDate>
    <devicePublishDate>2017-08-07</devicePublishDate>
    <deviceCommDistributionEndDate xsi:nil="true" />
    <deviceCommDistributionStatus>In Commercial Distribution</deviceCommDistributionStatus>
    <identifiers>
      <identifier>
        <deviceId>00888912545303</deviceId>
        <deviceIdType>Primary</deviceIdType>
        <deviceIdIssuingAgency>GS1</deviceIdIssuingAgency>
        <containsDINumber xsi:nil="true" />
        <pkgQuantity xsi:nil="true" />
        <pkgDiscontinueDate xsi:nil="true" />
        <pkgStatus xsi:nil="true" />
        <pkgType xsi:nil="true" />
      </identifier>
    </identifiers>
    <brandName>DJO SURGICAL</brandName>
    <versionModelNumber>800-05-062</versionModelNumber>
    <catalogNumber xsi:nil="true" />
    <dunsNumber>154074504</dunsNumber>
    <companyName>Encore Medical, L.P.</companyName>
    <deviceCount>1</deviceCount>
    <deviceDescription>Empowr Box Cut Guide Chisel, SZ 2 and 3</deviceDescription>
    <DMExempt>false</DMExempt>
    <premarketExempt>false</premarketExempt>
    <deviceHCTP>false</deviceHCTP>
    <deviceKit>false</deviceKit>
    <deviceCombinationProduct>false</deviceCombinationProduct>
    <singleUse>false</singleUse>
    <lotBatch>true</lotBatch>
    <serialNumber>false</serialNumber>
    <manufacturingDate>false</manufacturingDate>
    <expirationDate>false</expirationDate>
    <donationIdNumber>false</donationIdNumber>
    <labeledContainsNRL>false</labeledContainsNRL>
    <labeledNoNRL>true</labeledNoNRL>
    <MRISafetyStatus>Labeling does not contain MRI Safety Information</MRISafetyStatus>
    <rx>false</rx>
    <otc>false</otc>
    <contacts />
    <premarketSubmissions>
      <premarketSubmission>
        <submissionNumber>K160342</submissionNumber>
        <supplementNumber>000</supplementNumber>
      </premarketSubmission>
    </premarketSubmissions>
    <gmdnTerms>
      <gmdn>
        <gmdnPTName>Orthopaedic prosthesis implantation instrument, reusable</gmdnPTName>
        <gmdnPTDefinition>A hand-held surgical instrument intended to be used during implantation of an orthopaedic prosthesis, either manually or as a computer-assisted surgery (CAS) device, to aid in the navigation/placement of the prosthesis or other instruments. It may be used for the following applications: 1) to hold/align/fix bone preparation instruments, prosthesis, or prosthesis component; 2) to provide relative position landmarks; 3) to ascertain correct spatial orientation or limb alignment; and/or 4) as an interface between prosthesis components. This is a reusable device intended to be sterilized prior to use.</gmdnPTDefinition>
      </gmdn>
    </gmdnTerms>
    <productCodes>
      <fdaProductCode>
        <productCode>EML</productCode>
        <productCodeName>Chisel, Bone, Surgical</productCodeName>
      </fdaProductCode>
    </productCodes>
    <deviceSizes />
    <environmentalConditions />
    <sterilization>
      <deviceSterile>false</deviceSterile>
      <sterilizationPriorToUse>true</sterilizationPriorToUse>
      <methodTypes>
        <sterilizationMethod>Moist Heat or Steam Sterilization</sterilizationMethod>
      </methodTypes>
    </sterilization>
  </device>
</devices>