﻿<?xml version="1.0" encoding="UTF-8"?>
<devices>
  <device xmlns:xsi="http://www.w3.org/2001/XMLSchema-instance" xmlns="http://www.fda.gov/cdrh/gudid">
    <publicDeviceRecordKey>c0f23f01-3146-43d2-8371-4933a587528a</publicDeviceRecordKey>
    <publicVersionStatus>Update</publicVersionStatus>
    <deviceRecordStatus>Published</deviceRecordStatus>
    <!--Note: publicVersionNumber is system generated and assigned to all device records to track public release updates to a device record-->
    <publicVersionNumber>2</publicVersionNumber>
    <publicVersionDate>2018-03-29</publicVersionDate>
    <devicePublishDate>2017-07-04</devicePublishDate>
    <deviceCommDistributionEndDate xsi:nil="true" />
    <deviceCommDistributionStatus>In Commercial Distribution</deviceCommDistributionStatus>
    <identifiers>
      <identifier>
        <deviceId>04059453019509</deviceId>
        <deviceIdType>Primary</deviceIdType>
        <deviceIdIssuingAgency>GS1</deviceIdIssuingAgency>
        <containsDINumber xsi:nil="true" />
        <pkgQuantity xsi:nil="true" />
        <pkgDiscontinueDate xsi:nil="true" />
        <pkgStatus xsi:nil="true" />
        <pkgType xsi:nil="true" />
      </identifier>
    </identifiers>
    <brandName>Hermann Medizintechnik GmbH</brandName>
    <versionModelNumber>H132-44113</versionModelNumber>
    <catalogNumber xsi:nil="true" />
    <dunsNumber>324868165</dunsNumber>
    <companyName>Hermann Medizintechnik GmbH</companyName>
    <deviceCount>1</deviceCount>
    <deviceDescription>LOWMAN bone holding clamp, 5 1/8" 13cm</deviceDescription>
    <DMExempt>false</DMExempt>
    <premarketExempt>true</premarketExempt>
    <deviceHCTP>false</deviceHCTP>
    <deviceKit>false</deviceKit>
    <deviceCombinationProduct>false</deviceCombinationProduct>
    <singleUse>false</singleUse>
    <lotBatch>true</lotBatch>
    <serialNumber>false</serialNumber>
    <manufacturingDate>false</manufacturingDate>
    <expirationDate>false</expirationDate>
    <donationIdNumber>false</donationIdNumber>
    <labeledContainsNRL>false</labeledContainsNRL>
    <labeledNoNRL>false</labeledNoNRL>
    <MRISafetyStatus>Labeling does not contain MRI Safety Information</MRISafetyStatus>
    <rx>false</rx>
    <otc>false</otc>
    <contacts>
      <customerContact>
        <phone>+49746299670</phone>
        <phoneExtension xsi:nil="true" />
        <email>info@hermann-medizintechnik.de</email>
      </customerContact>
    </contacts>
    <gmdnTerms>
      <gmdn>
        <gmdnCode>34949</gmdnCode>
        <gmdnPTName>Bone approximation clamp</gmdnPTName>
        <gmdnPTDefinition>A hand-held manual surgical instrument designed to grip and hold a bone or, being used in pairs one on either side of the fracture, to approximate the proximal and distal segment of a fractured bone during orthopaedic surgery. It is typically made of high-grade stainless steel and is designed with a double hooked, blade-like jaw at the distal end (this hooks over the upper edge of the bone) whilst an adjustable single hook is tightened against the lower edge of the bone through a screw mechanism. A traction bar may be employed to bridge the two bone clamps and using its screw mechanism, the fracture is drawn together. This is a reusable device.</gmdnPTDefinition>
        <implantable>false</implantable>
        <gmdnCodeStatus>Active</gmdnCodeStatus>
      </gmdn>
    </gmdnTerms>
    <productCodes>
      <fdaProductCode>
        <productCode>EMH</productCode>
        <productCodeName>FORCEPS, RONGEUR, SURGICAL</productCodeName>
      </fdaProductCode>
    </productCodes>
    <deviceSizes />
    <environmentalConditions />
    <sterilization>
      <deviceSterile>false</deviceSterile>
      <sterilizationPriorToUse>false</sterilizationPriorToUse>
      <methodTypes />
    </sterilization>
  </device>
  <device xmlns:xsi="http://www.w3.org/2001/XMLSchema-instance" xmlns="http://www.fda.gov/cdrh/gudid">
    <publicDeviceRecordKey>a1affd9f-f24c-4d51-bd97-8449972dbfd7</publicDeviceRecordKey>
    <publicVersionStatus>Update</publicVersionStatus>
    <deviceRecordStatus>Published</deviceRecordStatus>
    <!--Note: publicVersionNumber is system generated and assigned to all device records to track public release updates to a device record-->
    <publicVersionNumber>2</publicVersionNumber>
    <publicVersionDate>2018-03-29</publicVersionDate>
    <devicePublishDate>2017-07-04</devicePublishDate>
    <deviceCommDistributionEndDate xsi:nil="true" />
    <deviceCommDistributionStatus>In Commercial Distribution</deviceCommDistributionStatus>
    <identifiers>
      <identifier>
        <deviceId>04059453019059</deviceId>
        <deviceIdType>Primary</deviceIdType>
        <deviceIdIssuingAgency>GS1</deviceIdIssuingAgency>
        <containsDINumber xsi:nil="true" />
        <pkgQuantity xsi:nil="true" />
        <pkgDiscontinueDate xsi:nil="true" />
        <pkgStatus xsi:nil="true" />
        <pkgType xsi:nil="true" />
      </identifier>
    </identifiers>
    <brandName>Hermann Medizintechnik GmbH</brandName>
    <versionModelNumber>H118-25238</versionModelNumber>
    <catalogNumber xsi:nil="true" />
    <dunsNumber>324868165</dunsNumber>
    <companyName>Hermann Medizintechnik GmbH</companyName>
    <deviceCount>1</deviceCount>
    <deviceDescription>FREEMAN RAKE retractor 18 cm4 prongs, 38 mm wide</deviceDescription>
    <DMExempt>false</DMExempt>
    <premarketExempt>true</premarketExempt>
    <deviceHCTP>false</deviceHCTP>
    <deviceKit>false</deviceKit>
    <deviceCombinationProduct>false</deviceCombinationProduct>
    <singleUse>false</singleUse>
    <lotBatch>true</lotBatch>
    <serialNumber>false</serialNumber>
    <manufacturingDate>false</manufacturingDate>
    <expirationDate>false</expirationDate>
    <donationIdNumber>false</donationIdNumber>
    <labeledContainsNRL>false</labeledContainsNRL>
    <labeledNoNRL>false</labeledNoNRL>
    <MRISafetyStatus>Labeling does not contain MRI Safety Information</MRISafetyStatus>
    <rx>false</rx>
    <otc>false</otc>
    <contacts>
      <customerContact>
        <phone>+49746299670</phone>
        <phoneExtension xsi:nil="true" />
        <email>info@hermann-medizintechnik.de</email>
      </customerContact>
    </contacts>
    <gmdnTerms>
      <gmdn>
        <gmdnCode>35110</gmdnCode>
        <gmdnPTName>Skin/tissue hook</gmdnPTName>
        <gmdnPTDefinition>A hand-held manual surgical instrument designed to hook skin or tissue in order to grasp, apply traction, and lift the skin/tissue during a surgical intervention. It is typically a shaft-like instrument with small double hooks at the distal end and a handle at the proximal end. The hooks are curved in opposite directions and when the device is placed onto the skin or tissue to be grasped, it is twisted clockwise so that the hooks lock into the skin/tissue. Also known as a tissue pick, it is not unlike a hooked wound retractor. It is made of high-grade stainless steel and may be supplied with a cylindrical steel protecting sheath for storage and sterilization. This is a reusable device.</gmdnPTDefinition>
        <implantable>false</implantable>
        <gmdnCodeStatus>Obsolete</gmdnCodeStatus>
      </gmdn>
    </gmdnTerms>
    <productCodes>
      <fdaProductCode>
        <productCode>EIG</productCode>
        <productCodeName>RETRACTOR, ALL TYPES</productCodeName>
      </fdaProductCode>
    </productCodes>
    <deviceSizes />
    <environmentalConditions />
    <sterilization>
      <deviceSterile>false</deviceSterile>
      <sterilizationPriorToUse>false</sterilizationPriorToUse>
      <methodTypes />
    </sterilization>
  </device>
  <device xmlns:xsi="http://www.w3.org/2001/XMLSchema-instance" xmlns="http://www.fda.gov/cdrh/gudid">
    <publicDeviceRecordKey>89fec0b8-1d19-41d9-b8bd-85cf8cd57a05</publicDeviceRecordKey>
    <publicVersionStatus>Update</publicVersionStatus>
    <deviceRecordStatus>Published</deviceRecordStatus>
    <!--Note: publicVersionNumber is system generated and assigned to all device records to track public release updates to a device record-->
    <publicVersionNumber>2</publicVersionNumber>
    <publicVersionDate>2018-03-29</publicVersionDate>
    <devicePublishDate>2017-07-04</devicePublishDate>
    <deviceCommDistributionEndDate xsi:nil="true" />
    <deviceCommDistributionStatus>In Commercial Distribution</deviceCommDistributionStatus>
    <identifiers>
      <identifier>
        <deviceId>04059453017857</deviceId>
        <deviceIdType>Primary</deviceIdType>
        <deviceIdIssuingAgency>GS1</deviceIdIssuingAgency>
        <containsDINumber xsi:nil="true" />
        <pkgQuantity xsi:nil="true" />
        <pkgDiscontinueDate xsi:nil="true" />
        <pkgStatus xsi:nil="true" />
        <pkgType xsi:nil="true" />
      </identifier>
    </identifiers>
    <brandName>Hermann Medizintechnik GmbH</brandName>
    <versionModelNumber>H118-67020</versionModelNumber>
    <catalogNumber xsi:nil="true" />
    <dunsNumber>324868165</dunsNumber>
    <companyName>Hermann Medizintechnik GmbH</companyName>
    <deviceCount>1</deviceCount>
    <deviceDescription>WEITLANER retractor sharp, 20cm</deviceDescription>
    <DMExempt>false</DMExempt>
    <premarketExempt>false</premarketExempt>
    <deviceHCTP>false</deviceHCTP>
    <deviceKit>false</deviceKit>
    <deviceCombinationProduct>false</deviceCombinationProduct>
    <singleUse>false</singleUse>
    <lotBatch>true</lotBatch>
    <serialNumber>false</serialNumber>
    <manufacturingDate>false</manufacturingDate>
    <expirationDate>false</expirationDate>
    <donationIdNumber>false</donationIdNumber>
    <labeledContainsNRL>false</labeledContainsNRL>
    <labeledNoNRL>false</labeledNoNRL>
    <MRISafetyStatus>Labeling does not contain MRI Safety Information</MRISafetyStatus>
    <rx>false</rx>
    <otc>false</otc>
    <contacts>
      <customerContact>
        <phone>+49746299670</phone>
        <phoneExtension xsi:nil="true" />
        <email>info@hermann-medizintechnik.de</email>
      </customerContact>
    </contacts>
    <gmdnTerms>
      <gmdn>
        <gmdnCode>61182</gmdnCode>
        <gmdnPTName>Enteral feeding/medication connector, non-sterile</gmdnPTName>
        <gmdnPTDefinition>A non-sterile adaptor intended to enable connection of components of an enteral feeding and/or enteral medication administration kit (e.g., connection between tubing and syringe). It is typically a small plastic device containing a lumen to facilitate enteral administration after connection; it has no additional functionality and is dedicated to enteral administration applications. This is a single-use device.</gmdnPTDefinition>
        <implantable>false</implantable>
        <gmdnCodeStatus>Obsolete</gmdnCodeStatus>
      </gmdn>
    </gmdnTerms>
    <productCodes>
      <fdaProductCode>
        <productCode>EIG</productCode>
        <productCodeName>RETRACTOR, ALL TYPES</productCodeName>
      </fdaProductCode>
    </productCodes>
    <deviceSizes />
    <environmentalConditions />
    <sterilization>
      <deviceSterile>false</deviceSterile>
      <sterilizationPriorToUse>false</sterilizationPriorToUse>
      <methodTypes />
    </sterilization>
  </device>
  <device xmlns:xsi="http://www.w3.org/2001/XMLSchema-instance" xmlns="http://www.fda.gov/cdrh/gudid">
    <publicDeviceRecordKey>112f79ec-075a-4cf2-b998-0d186c0bc737</publicDeviceRecordKey>
    <publicVersionStatus>Update</publicVersionStatus>
    <deviceRecordStatus>Published</deviceRecordStatus>
    <!--Note: publicVersionNumber is system generated and assigned to all device records to track public release updates to a device record-->
    <publicVersionNumber>2</publicVersionNumber>
    <publicVersionDate>2018-03-29</publicVersionDate>
    <devicePublishDate>2017-07-04</devicePublishDate>
    <deviceCommDistributionEndDate xsi:nil="true" />
    <deviceCommDistributionStatus>In Commercial Distribution</deviceCommDistributionStatus>
    <identifiers>
      <identifier>
        <deviceId>04059453017840</deviceId>
        <deviceIdType>Primary</deviceIdType>
        <deviceIdIssuingAgency>GS1</deviceIdIssuingAgency>
        <containsDINumber xsi:nil="true" />
        <pkgQuantity xsi:nil="true" />
        <pkgDiscontinueDate xsi:nil="true" />
        <pkgStatus xsi:nil="true" />
        <pkgType xsi:nil="true" />
      </identifier>
    </identifiers>
    <brandName>Hermann Medizintechnik GmbH</brandName>
    <versionModelNumber>H118-27103</versionModelNumber>
    <catalogNumber xsi:nil="true" />
    <dunsNumber>324868165</dunsNumber>
    <companyName>Hermann Medizintechnik GmbH</companyName>
    <deviceCount>1</deviceCount>
    <deviceDescription>VOLKMANN retractor, blunt,3 prongs, 4 1/2" 11,5 cm</deviceDescription>
    <DMExempt>false</DMExempt>
    <premarketExempt>true</premarketExempt>
    <deviceHCTP>false</deviceHCTP>
    <deviceKit>false</deviceKit>
    <deviceCombinationProduct>false</deviceCombinationProduct>
    <singleUse>false</singleUse>
    <lotBatch>true</lotBatch>
    <serialNumber>false</serialNumber>
    <manufacturingDate>false</manufacturingDate>
    <expirationDate>false</expirationDate>
    <donationIdNumber>false</donationIdNumber>
    <labeledContainsNRL>false</labeledContainsNRL>
    <labeledNoNRL>false</labeledNoNRL>
    <MRISafetyStatus>Labeling does not contain MRI Safety Information</MRISafetyStatus>
    <rx>false</rx>
    <otc>false</otc>
    <contacts>
      <customerContact>
        <phone>+49746299670</phone>
        <phoneExtension xsi:nil="true" />
        <email>info@hermann-medizintechnik.de</email>
      </customerContact>
    </contacts>
    <gmdnTerms>
      <gmdn>
        <gmdnCode>35110</gmdnCode>
        <gmdnPTName>Skin/tissue hook</gmdnPTName>
        <gmdnPTDefinition>A hand-held manual surgical instrument designed to hook skin or tissue in order to grasp, apply traction, and lift the skin/tissue during a surgical intervention. It is typically a shaft-like instrument with small double hooks at the distal end and a handle at the proximal end. The hooks are curved in opposite directions and when the device is placed onto the skin or tissue to be grasped, it is twisted clockwise so that the hooks lock into the skin/tissue. Also known as a tissue pick, it is not unlike a hooked wound retractor. It is made of high-grade stainless steel and may be supplied with a cylindrical steel protecting sheath for storage and sterilization. This is a reusable device.</gmdnPTDefinition>
        <implantable>false</implantable>
        <gmdnCodeStatus>Obsolete</gmdnCodeStatus>
      </gmdn>
    </gmdnTerms>
    <productCodes>
      <fdaProductCode>
        <productCode>EIG</productCode>
        <productCodeName>RETRACTOR, ALL TYPES</productCodeName>
      </fdaProductCode>
    </productCodes>
    <deviceSizes />
    <environmentalConditions />
    <sterilization>
      <deviceSterile>false</deviceSterile>
      <sterilizationPriorToUse>false</sterilizationPriorToUse>
      <methodTypes />
    </sterilization>
  </device>
  <device xmlns:xsi="http://www.w3.org/2001/XMLSchema-instance" xmlns="http://www.fda.gov/cdrh/gudid">
    <publicDeviceRecordKey>566b29ee-995a-4409-bd9f-6a15de8f7e4a</publicDeviceRecordKey>
    <publicVersionStatus>Update</publicVersionStatus>
    <deviceRecordStatus>Published</deviceRecordStatus>
    <!--Note: publicVersionNumber is system generated and assigned to all device records to track public release updates to a device record-->
    <publicVersionNumber>2</publicVersionNumber>
    <publicVersionDate>2018-03-29</publicVersionDate>
    <devicePublishDate>2017-07-04</devicePublishDate>
    <deviceCommDistributionEndDate xsi:nil="true" />
    <deviceCommDistributionStatus>In Commercial Distribution</deviceCommDistributionStatus>
    <identifiers>
      <identifier>
        <deviceId>04059453017833</deviceId>
        <deviceIdType>Primary</deviceIdType>
        <deviceIdIssuingAgency>GS1</deviceIdIssuingAgency>
        <containsDINumber xsi:nil="true" />
        <pkgQuantity xsi:nil="true" />
        <pkgDiscontinueDate xsi:nil="true" />
        <pkgStatus xsi:nil="true" />
        <pkgType xsi:nil="true" />
      </identifier>
    </identifiers>
    <brandName>Hermann Medizintechnik GmbH</brandName>
    <versionModelNumber>H118-27004</versionModelNumber>
    <catalogNumber xsi:nil="true" />
    <dunsNumber>324868165</dunsNumber>
    <companyName>Hermann Medizintechnik GmbH</companyName>
    <deviceCount>1</deviceCount>
    <deviceDescription>VOLKMANN retractor, sharp,4 prongs, 4 1/2" 11,5 cm</deviceDescription>
    <DMExempt>false</DMExempt>
    <premarketExempt>true</premarketExempt>
    <deviceHCTP>false</deviceHCTP>
    <deviceKit>false</deviceKit>
    <deviceCombinationProduct>false</deviceCombinationProduct>
    <singleUse>false</singleUse>
    <lotBatch>true</lotBatch>
    <serialNumber>false</serialNumber>
    <manufacturingDate>false</manufacturingDate>
    <expirationDate>false</expirationDate>
    <donationIdNumber>false</donationIdNumber>
    <labeledContainsNRL>false</labeledContainsNRL>
    <labeledNoNRL>false</labeledNoNRL>
    <MRISafetyStatus>Labeling does not contain MRI Safety Information</MRISafetyStatus>
    <rx>false</rx>
    <otc>false</otc>
    <contacts>
      <customerContact>
        <phone>+49746299670</phone>
        <phoneExtension xsi:nil="true" />
        <email>info@hermann-medizintechnik.de</email>
      </customerContact>
    </contacts>
    <gmdnTerms>
      <gmdn>
        <gmdnCode>35110</gmdnCode>
        <gmdnPTName>Skin/tissue hook</gmdnPTName>
        <gmdnPTDefinition>A hand-held manual surgical instrument designed to hook skin or tissue in order to grasp, apply traction, and lift the skin/tissue during a surgical intervention. It is typically a shaft-like instrument with small double hooks at the distal end and a handle at the proximal end. The hooks are curved in opposite directions and when the device is placed onto the skin or tissue to be grasped, it is twisted clockwise so that the hooks lock into the skin/tissue. Also known as a tissue pick, it is not unlike a hooked wound retractor. It is made of high-grade stainless steel and may be supplied with a cylindrical steel protecting sheath for storage and sterilization. This is a reusable device.</gmdnPTDefinition>
        <implantable>false</implantable>
        <gmdnCodeStatus>Obsolete</gmdnCodeStatus>
      </gmdn>
    </gmdnTerms>
    <productCodes>
      <fdaProductCode>
        <productCode>EIG</productCode>
        <productCodeName>RETRACTOR, ALL TYPES</productCodeName>
      </fdaProductCode>
    </productCodes>
    <deviceSizes />
    <environmentalConditions />
    <sterilization>
      <deviceSterile>false</deviceSterile>
      <sterilizationPriorToUse>false</sterilizationPriorToUse>
      <methodTypes />
    </sterilization>
  </device>
  <device xmlns:xsi="http://www.w3.org/2001/XMLSchema-instance" xmlns="http://www.fda.gov/cdrh/gudid">
    <publicDeviceRecordKey>42fbc4fa-de7a-4c6e-8abc-995d1dfd322d</publicDeviceRecordKey>
    <publicVersionStatus>Update</publicVersionStatus>
    <deviceRecordStatus>Published</deviceRecordStatus>
    <!--Note: publicVersionNumber is system generated and assigned to all device records to track public release updates to a device record-->
    <publicVersionNumber>2</publicVersionNumber>
    <publicVersionDate>2018-03-29</publicVersionDate>
    <devicePublishDate>2017-07-04</devicePublishDate>
    <deviceCommDistributionEndDate xsi:nil="true" />
    <deviceCommDistributionStatus>In Commercial Distribution</deviceCommDistributionStatus>
    <identifiers>
      <identifier>
        <deviceId>04059453017826</deviceId>
        <deviceIdType>Primary</deviceIdType>
        <deviceIdIssuingAgency>GS1</deviceIdIssuingAgency>
        <containsDINumber xsi:nil="true" />
        <pkgQuantity xsi:nil="true" />
        <pkgDiscontinueDate xsi:nil="true" />
        <pkgStatus xsi:nil="true" />
        <pkgType xsi:nil="true" />
      </identifier>
    </identifiers>
    <brandName>Hermann Medizintechnik GmbH</brandName>
    <versionModelNumber>H118-27104</versionModelNumber>
    <catalogNumber xsi:nil="true" />
    <dunsNumber>324868165</dunsNumber>
    <companyName>Hermann Medizintechnik GmbH</companyName>
    <deviceCount>1</deviceCount>
    <deviceDescription>VOLKMANN retractor, blunt,4 prongs, 1/2", 11,5 cm</deviceDescription>
    <DMExempt>false</DMExempt>
    <premarketExempt>true</premarketExempt>
    <deviceHCTP>false</deviceHCTP>
    <deviceKit>false</deviceKit>
    <deviceCombinationProduct>false</deviceCombinationProduct>
    <singleUse>false</singleUse>
    <lotBatch>true</lotBatch>
    <serialNumber>false</serialNumber>
    <manufacturingDate>false</manufacturingDate>
    <expirationDate>false</expirationDate>
    <donationIdNumber>false</donationIdNumber>
    <labeledContainsNRL>false</labeledContainsNRL>
    <labeledNoNRL>false</labeledNoNRL>
    <MRISafetyStatus>Labeling does not contain MRI Safety Information</MRISafetyStatus>
    <rx>false</rx>
    <otc>false</otc>
    <contacts>
      <customerContact>
        <phone>+49746299670</phone>
        <phoneExtension xsi:nil="true" />
        <email>info@hermann-medizintechnik.de</email>
      </customerContact>
    </contacts>
    <gmdnTerms>
      <gmdn>
        <gmdnCode>35110</gmdnCode>
        <gmdnPTName>Skin/tissue hook</gmdnPTName>
        <gmdnPTDefinition>A hand-held manual surgical instrument designed to hook skin or tissue in order to grasp, apply traction, and lift the skin/tissue during a surgical intervention. It is typically a shaft-like instrument with small double hooks at the distal end and a handle at the proximal end. The hooks are curved in opposite directions and when the device is placed onto the skin or tissue to be grasped, it is twisted clockwise so that the hooks lock into the skin/tissue. Also known as a tissue pick, it is not unlike a hooked wound retractor. It is made of high-grade stainless steel and may be supplied with a cylindrical steel protecting sheath for storage and sterilization. This is a reusable device.</gmdnPTDefinition>
        <implantable>false</implantable>
        <gmdnCodeStatus>Obsolete</gmdnCodeStatus>
      </gmdn>
    </gmdnTerms>
    <productCodes>
      <fdaProductCode>
        <productCode>EIG</productCode>
        <productCodeName>RETRACTOR, ALL TYPES</productCodeName>
      </fdaProductCode>
    </productCodes>
    <deviceSizes />
    <environmentalConditions />
    <sterilization>
      <deviceSterile>false</deviceSterile>
      <sterilizationPriorToUse>false</sterilizationPriorToUse>
      <methodTypes />
    </sterilization>
  </device>
  <device xmlns:xsi="http://www.w3.org/2001/XMLSchema-instance" xmlns="http://www.fda.gov/cdrh/gudid">
    <publicDeviceRecordKey>23688302-8d14-4fc8-a5bc-a1fad0fac208</publicDeviceRecordKey>
    <publicVersionStatus>Update</publicVersionStatus>
    <deviceRecordStatus>Published</deviceRecordStatus>
    <!--Note: publicVersionNumber is system generated and assigned to all device records to track public release updates to a device record-->
    <publicVersionNumber>2</publicVersionNumber>
    <publicVersionDate>2018-03-29</publicVersionDate>
    <devicePublishDate>2017-07-04</devicePublishDate>
    <deviceCommDistributionEndDate xsi:nil="true" />
    <deviceCommDistributionStatus>In Commercial Distribution</deviceCommDistributionStatus>
    <identifiers>
      <identifier>
        <deviceId>04059453017819</deviceId>
        <deviceIdType>Primary</deviceIdType>
        <deviceIdIssuingAgency>GS1</deviceIdIssuingAgency>
        <containsDINumber xsi:nil="true" />
        <pkgQuantity xsi:nil="true" />
        <pkgDiscontinueDate xsi:nil="true" />
        <pkgStatus xsi:nil="true" />
        <pkgType xsi:nil="true" />
      </identifier>
    </identifiers>
    <brandName>Hermann Medizintechnik GmbH</brandName>
    <versionModelNumber>H118-27003</versionModelNumber>
    <catalogNumber xsi:nil="true" />
    <dunsNumber>324868165</dunsNumber>
    <companyName>Hermann Medizintechnik GmbH</companyName>
    <deviceCount>1</deviceCount>
    <deviceDescription>VOLKMANN retractor, sharp,3 prongs, 4 1/2" 11,5 cm</deviceDescription>
    <DMExempt>false</DMExempt>
    <premarketExempt>true</premarketExempt>
    <deviceHCTP>false</deviceHCTP>
    <deviceKit>false</deviceKit>
    <deviceCombinationProduct>false</deviceCombinationProduct>
    <singleUse>false</singleUse>
    <lotBatch>true</lotBatch>
    <serialNumber>false</serialNumber>
    <manufacturingDate>false</manufacturingDate>
    <expirationDate>false</expirationDate>
    <donationIdNumber>false</donationIdNumber>
    <labeledContainsNRL>false</labeledContainsNRL>
    <labeledNoNRL>false</labeledNoNRL>
    <MRISafetyStatus>Labeling does not contain MRI Safety Information</MRISafetyStatus>
    <rx>false</rx>
    <otc>false</otc>
    <contacts>
      <customerContact>
        <phone>+49746299670</phone>
        <phoneExtension xsi:nil="true" />
        <email>info@hermann-medizintechnik.de</email>
      </customerContact>
    </contacts>
    <gmdnTerms>
      <gmdn>
        <gmdnCode>35110</gmdnCode>
        <gmdnPTName>Skin/tissue hook</gmdnPTName>
        <gmdnPTDefinition>A hand-held manual surgical instrument designed to hook skin or tissue in order to grasp, apply traction, and lift the skin/tissue during a surgical intervention. It is typically a shaft-like instrument with small double hooks at the distal end and a handle at the proximal end. The hooks are curved in opposite directions and when the device is placed onto the skin or tissue to be grasped, it is twisted clockwise so that the hooks lock into the skin/tissue. Also known as a tissue pick, it is not unlike a hooked wound retractor. It is made of high-grade stainless steel and may be supplied with a cylindrical steel protecting sheath for storage and sterilization. This is a reusable device.</gmdnPTDefinition>
        <implantable>false</implantable>
        <gmdnCodeStatus>Obsolete</gmdnCodeStatus>
      </gmdn>
    </gmdnTerms>
    <productCodes>
      <fdaProductCode>
        <productCode>EIG</productCode>
        <productCodeName>RETRACTOR, ALL TYPES</productCodeName>
      </fdaProductCode>
    </productCodes>
    <deviceSizes />
    <environmentalConditions />
    <sterilization>
      <deviceSterile>false</deviceSterile>
      <sterilizationPriorToUse>false</sterilizationPriorToUse>
      <methodTypes />
    </sterilization>
  </device>
  <device xmlns:xsi="http://www.w3.org/2001/XMLSchema-instance" xmlns="http://www.fda.gov/cdrh/gudid">
    <publicDeviceRecordKey>7b5a1991-7cf3-456f-8db3-36c1c9c2d03d</publicDeviceRecordKey>
    <publicVersionStatus>Update</publicVersionStatus>
    <deviceRecordStatus>Published</deviceRecordStatus>
    <!--Note: publicVersionNumber is system generated and assigned to all device records to track public release updates to a device record-->
    <publicVersionNumber>2</publicVersionNumber>
    <publicVersionDate>2018-03-29</publicVersionDate>
    <devicePublishDate>2017-07-04</devicePublishDate>
    <deviceCommDistributionEndDate xsi:nil="true" />
    <deviceCommDistributionStatus>In Commercial Distribution</deviceCommDistributionStatus>
    <identifiers>
      <identifier>
        <deviceId>04059453017802</deviceId>
        <deviceIdType>Primary</deviceIdType>
        <deviceIdIssuingAgency>GS1</deviceIdIssuingAgency>
        <containsDINumber xsi:nil="true" />
        <pkgQuantity xsi:nil="true" />
        <pkgDiscontinueDate xsi:nil="true" />
        <pkgStatus xsi:nil="true" />
        <pkgType xsi:nil="true" />
      </identifier>
    </identifiers>
    <brandName>Hermann Medizintechnik GmbH</brandName>
    <versionModelNumber>H118-27106</versionModelNumber>
    <catalogNumber xsi:nil="true" />
    <dunsNumber>324868165</dunsNumber>
    <companyName>Hermann Medizintechnik GmbH</companyName>
    <deviceCount>1</deviceCount>
    <deviceDescription>VOLKMANN retractor, blunt,6 prongs, 4 1/2", 11,5 cm</deviceDescription>
    <DMExempt>false</DMExempt>
    <premarketExempt>true</premarketExempt>
    <deviceHCTP>false</deviceHCTP>
    <deviceKit>false</deviceKit>
    <deviceCombinationProduct>false</deviceCombinationProduct>
    <singleUse>false</singleUse>
    <lotBatch>true</lotBatch>
    <serialNumber>false</serialNumber>
    <manufacturingDate>false</manufacturingDate>
    <expirationDate>false</expirationDate>
    <donationIdNumber>false</donationIdNumber>
    <labeledContainsNRL>false</labeledContainsNRL>
    <labeledNoNRL>false</labeledNoNRL>
    <MRISafetyStatus>Labeling does not contain MRI Safety Information</MRISafetyStatus>
    <rx>false</rx>
    <otc>false</otc>
    <contacts>
      <customerContact>
        <phone>+49746299670</phone>
        <phoneExtension xsi:nil="true" />
        <email>info@hermann-medizintechnik.de</email>
      </customerContact>
    </contacts>
    <gmdnTerms>
      <gmdn>
        <gmdnCode>35110</gmdnCode>
        <gmdnPTName>Skin/tissue hook</gmdnPTName>
        <gmdnPTDefinition>A hand-held manual surgical instrument designed to hook skin or tissue in order to grasp, apply traction, and lift the skin/tissue during a surgical intervention. It is typically a shaft-like instrument with small double hooks at the distal end and a handle at the proximal end. The hooks are curved in opposite directions and when the device is placed onto the skin or tissue to be grasped, it is twisted clockwise so that the hooks lock into the skin/tissue. Also known as a tissue pick, it is not unlike a hooked wound retractor. It is made of high-grade stainless steel and may be supplied with a cylindrical steel protecting sheath for storage and sterilization. This is a reusable device.</gmdnPTDefinition>
        <implantable>false</implantable>
        <gmdnCodeStatus>Obsolete</gmdnCodeStatus>
      </gmdn>
    </gmdnTerms>
    <productCodes>
      <fdaProductCode>
        <productCode>EIG</productCode>
        <productCodeName>RETRACTOR, ALL TYPES</productCodeName>
      </fdaProductCode>
    </productCodes>
    <deviceSizes />
    <environmentalConditions />
    <sterilization>
      <deviceSterile>false</deviceSterile>
      <sterilizationPriorToUse>false</sterilizationPriorToUse>
      <methodTypes />
    </sterilization>
  </device>
  <device xmlns:xsi="http://www.w3.org/2001/XMLSchema-instance" xmlns="http://www.fda.gov/cdrh/gudid">
    <publicDeviceRecordKey>3ef80f71-f0b1-497e-b7d8-bf16bea9bbeb</publicDeviceRecordKey>
    <publicVersionStatus>Update</publicVersionStatus>
    <deviceRecordStatus>Published</deviceRecordStatus>
    <!--Note: publicVersionNumber is system generated and assigned to all device records to track public release updates to a device record-->
    <publicVersionNumber>2</publicVersionNumber>
    <publicVersionDate>2018-03-29</publicVersionDate>
    <devicePublishDate>2017-07-04</devicePublishDate>
    <deviceCommDistributionEndDate xsi:nil="true" />
    <deviceCommDistributionStatus>In Commercial Distribution</deviceCommDistributionStatus>
    <identifiers>
      <identifier>
        <deviceId>04059453017796</deviceId>
        <deviceIdType>Primary</deviceIdType>
        <deviceIdIssuingAgency>GS1</deviceIdIssuingAgency>
        <containsDINumber xsi:nil="true" />
        <pkgQuantity xsi:nil="true" />
        <pkgDiscontinueDate xsi:nil="true" />
        <pkgStatus xsi:nil="true" />
        <pkgType xsi:nil="true" />
      </identifier>
    </identifiers>
    <brandName>Hermann Medizintechnik GmbH</brandName>
    <versionModelNumber>H118-27006</versionModelNumber>
    <catalogNumber xsi:nil="true" />
    <dunsNumber>324868165</dunsNumber>
    <companyName>Hermann Medizintechnik GmbH</companyName>
    <deviceCount>1</deviceCount>
    <deviceDescription>VOLKMANN retractor, sharp,6 prongs, 4 1/2", 11,5 cm</deviceDescription>
    <DMExempt>false</DMExempt>
    <premarketExempt>true</premarketExempt>
    <deviceHCTP>false</deviceHCTP>
    <deviceKit>false</deviceKit>
    <deviceCombinationProduct>false</deviceCombinationProduct>
    <singleUse>false</singleUse>
    <lotBatch>true</lotBatch>
    <serialNumber>false</serialNumber>
    <manufacturingDate>false</manufacturingDate>
    <expirationDate>false</expirationDate>
    <donationIdNumber>false</donationIdNumber>
    <labeledContainsNRL>false</labeledContainsNRL>
    <labeledNoNRL>false</labeledNoNRL>
    <MRISafetyStatus>Labeling does not contain MRI Safety Information</MRISafetyStatus>
    <rx>false</rx>
    <otc>false</otc>
    <contacts>
      <customerContact>
        <phone>+49746299670</phone>
        <phoneExtension xsi:nil="true" />
        <email>info@hermann-medizintechnik.de</email>
      </customerContact>
    </contacts>
    <gmdnTerms>
      <gmdn>
        <gmdnCode>35110</gmdnCode>
        <gmdnPTName>Skin/tissue hook</gmdnPTName>
        <gmdnPTDefinition>A hand-held manual surgical instrument designed to hook skin or tissue in order to grasp, apply traction, and lift the skin/tissue during a surgical intervention. It is typically a shaft-like instrument with small double hooks at the distal end and a handle at the proximal end. The hooks are curved in opposite directions and when the device is placed onto the skin or tissue to be grasped, it is twisted clockwise so that the hooks lock into the skin/tissue. Also known as a tissue pick, it is not unlike a hooked wound retractor. It is made of high-grade stainless steel and may be supplied with a cylindrical steel protecting sheath for storage and sterilization. This is a reusable device.</gmdnPTDefinition>
        <implantable>false</implantable>
        <gmdnCodeStatus>Obsolete</gmdnCodeStatus>
      </gmdn>
    </gmdnTerms>
    <productCodes>
      <fdaProductCode>
        <productCode>EIG</productCode>
        <productCodeName>RETRACTOR, ALL TYPES</productCodeName>
      </fdaProductCode>
    </productCodes>
    <deviceSizes />
    <environmentalConditions />
    <sterilization>
      <deviceSterile>false</deviceSterile>
      <sterilizationPriorToUse>false</sterilizationPriorToUse>
      <methodTypes />
    </sterilization>
  </device>
  <device xmlns:xsi="http://www.w3.org/2001/XMLSchema-instance" xmlns="http://www.fda.gov/cdrh/gudid">
    <publicDeviceRecordKey>a6902a1b-dc53-43d0-97d4-497a387a150d</publicDeviceRecordKey>
    <publicVersionStatus>Update</publicVersionStatus>
    <deviceRecordStatus>Published</deviceRecordStatus>
    <!--Note: publicVersionNumber is system generated and assigned to all device records to track public release updates to a device record-->
    <publicVersionNumber>2</publicVersionNumber>
    <publicVersionDate>2018-03-29</publicVersionDate>
    <devicePublishDate>2017-07-04</devicePublishDate>
    <deviceCommDistributionEndDate xsi:nil="true" />
    <deviceCommDistributionStatus>In Commercial Distribution</deviceCommDistributionStatus>
    <identifiers>
      <identifier>
        <deviceId>04059453017789</deviceId>
        <deviceIdType>Primary</deviceIdType>
        <deviceIdIssuingAgency>GS1</deviceIdIssuingAgency>
        <containsDINumber xsi:nil="true" />
        <pkgQuantity xsi:nil="true" />
        <pkgDiscontinueDate xsi:nil="true" />
        <pkgStatus xsi:nil="true" />
        <pkgType xsi:nil="true" />
      </identifier>
    </identifiers>
    <brandName>Hermann Medizintechnik GmbH</brandName>
    <versionModelNumber>H118-27102</versionModelNumber>
    <catalogNumber xsi:nil="true" />
    <dunsNumber>324868165</dunsNumber>
    <companyName>Hermann Medizintechnik GmbH</companyName>
    <deviceCount>1</deviceCount>
    <deviceDescription>VOLKMANN retractor, blunt,2 prong, 4 1/2", 11,5 cm</deviceDescription>
    <DMExempt>false</DMExempt>
    <premarketExempt>true</premarketExempt>
    <deviceHCTP>false</deviceHCTP>
    <deviceKit>false</deviceKit>
    <deviceCombinationProduct>false</deviceCombinationProduct>
    <singleUse>false</singleUse>
    <lotBatch>true</lotBatch>
    <serialNumber>false</serialNumber>
    <manufacturingDate>false</manufacturingDate>
    <expirationDate>false</expirationDate>
    <donationIdNumber>false</donationIdNumber>
    <labeledContainsNRL>false</labeledContainsNRL>
    <labeledNoNRL>false</labeledNoNRL>
    <MRISafetyStatus>Labeling does not contain MRI Safety Information</MRISafetyStatus>
    <rx>false</rx>
    <otc>false</otc>
    <contacts>
      <customerContact>
        <phone>+49746299670</phone>
        <phoneExtension xsi:nil="true" />
        <email>info@hermann-medizintechnik.de</email>
      </customerContact>
    </contacts>
    <gmdnTerms>
      <gmdn>
        <gmdnCode>35110</gmdnCode>
        <gmdnPTName>Skin/tissue hook</gmdnPTName>
        <gmdnPTDefinition>A hand-held manual surgical instrument designed to hook skin or tissue in order to grasp, apply traction, and lift the skin/tissue during a surgical intervention. It is typically a shaft-like instrument with small double hooks at the distal end and a handle at the proximal end. The hooks are curved in opposite directions and when the device is placed onto the skin or tissue to be grasped, it is twisted clockwise so that the hooks lock into the skin/tissue. Also known as a tissue pick, it is not unlike a hooked wound retractor. It is made of high-grade stainless steel and may be supplied with a cylindrical steel protecting sheath for storage and sterilization. This is a reusable device.</gmdnPTDefinition>
        <implantable>false</implantable>
        <gmdnCodeStatus>Obsolete</gmdnCodeStatus>
      </gmdn>
    </gmdnTerms>
    <productCodes>
      <fdaProductCode>
        <productCode>EIG</productCode>
        <productCodeName>RETRACTOR, ALL TYPES</productCodeName>
      </fdaProductCode>
    </productCodes>
    <deviceSizes />
    <environmentalConditions />
    <sterilization>
      <deviceSterile>false</deviceSterile>
      <sterilizationPriorToUse>false</sterilizationPriorToUse>
      <methodTypes />
    </sterilization>
  </device>
  <device xmlns:xsi="http://www.w3.org/2001/XMLSchema-instance" xmlns="http://www.fda.gov/cdrh/gudid">
    <publicDeviceRecordKey>7021a9a5-1e74-450f-bf90-a6650222b99f</publicDeviceRecordKey>
    <publicVersionStatus>Update</publicVersionStatus>
    <deviceRecordStatus>Published</deviceRecordStatus>
    <!--Note: publicVersionNumber is system generated and assigned to all device records to track public release updates to a device record-->
    <publicVersionNumber>2</publicVersionNumber>
    <publicVersionDate>2018-03-29</publicVersionDate>
    <devicePublishDate>2017-07-04</devicePublishDate>
    <deviceCommDistributionEndDate xsi:nil="true" />
    <deviceCommDistributionStatus>In Commercial Distribution</deviceCommDistributionStatus>
    <identifiers>
      <identifier>
        <deviceId>04059453017772</deviceId>
        <deviceIdType>Primary</deviceIdType>
        <deviceIdIssuingAgency>GS1</deviceIdIssuingAgency>
        <containsDINumber xsi:nil="true" />
        <pkgQuantity xsi:nil="true" />
        <pkgDiscontinueDate xsi:nil="true" />
        <pkgStatus xsi:nil="true" />
        <pkgType xsi:nil="true" />
      </identifier>
    </identifiers>
    <brandName>Hermann Medizintechnik GmbH</brandName>
    <versionModelNumber>H118-27002</versionModelNumber>
    <catalogNumber xsi:nil="true" />
    <dunsNumber>324868165</dunsNumber>
    <companyName>Hermann Medizintechnik GmbH</companyName>
    <deviceCount>1</deviceCount>
    <deviceDescription>VOLKMANN retractor, sharp,2 prongs, 4 1/2" 11,5cm</deviceDescription>
    <DMExempt>false</DMExempt>
    <premarketExempt>true</premarketExempt>
    <deviceHCTP>false</deviceHCTP>
    <deviceKit>false</deviceKit>
    <deviceCombinationProduct>false</deviceCombinationProduct>
    <singleUse>false</singleUse>
    <lotBatch>true</lotBatch>
    <serialNumber>false</serialNumber>
    <manufacturingDate>false</manufacturingDate>
    <expirationDate>false</expirationDate>
    <donationIdNumber>false</donationIdNumber>
    <labeledContainsNRL>false</labeledContainsNRL>
    <labeledNoNRL>false</labeledNoNRL>
    <MRISafetyStatus>Labeling does not contain MRI Safety Information</MRISafetyStatus>
    <rx>false</rx>
    <otc>false</otc>
    <contacts>
      <customerContact>
        <phone>+49746299670</phone>
        <phoneExtension xsi:nil="true" />
        <email>info@hermann-medizintechnik.de</email>
      </customerContact>
    </contacts>
    <gmdnTerms>
      <gmdn>
        <gmdnCode>35110</gmdnCode>
        <gmdnPTName>Skin/tissue hook</gmdnPTName>
        <gmdnPTDefinition>A hand-held manual surgical instrument designed to hook skin or tissue in order to grasp, apply traction, and lift the skin/tissue during a surgical intervention. It is typically a shaft-like instrument with small double hooks at the distal end and a handle at the proximal end. The hooks are curved in opposite directions and when the device is placed onto the skin or tissue to be grasped, it is twisted clockwise so that the hooks lock into the skin/tissue. Also known as a tissue pick, it is not unlike a hooked wound retractor. It is made of high-grade stainless steel and may be supplied with a cylindrical steel protecting sheath for storage and sterilization. This is a reusable device.</gmdnPTDefinition>
        <implantable>false</implantable>
        <gmdnCodeStatus>Obsolete</gmdnCodeStatus>
      </gmdn>
    </gmdnTerms>
    <productCodes>
      <fdaProductCode>
        <productCode>EIG</productCode>
        <productCodeName>RETRACTOR, ALL TYPES</productCodeName>
      </fdaProductCode>
    </productCodes>
    <deviceSizes />
    <environmentalConditions />
    <sterilization>
      <deviceSterile>false</deviceSterile>
      <sterilizationPriorToUse>false</sterilizationPriorToUse>
      <methodTypes />
    </sterilization>
  </device>
  <device xmlns:xsi="http://www.w3.org/2001/XMLSchema-instance" xmlns="http://www.fda.gov/cdrh/gudid">
    <publicDeviceRecordKey>86abacc3-bc2a-40bb-a685-089db04a036b</publicDeviceRecordKey>
    <publicVersionStatus>Update</publicVersionStatus>
    <deviceRecordStatus>Published</deviceRecordStatus>
    <!--Note: publicVersionNumber is system generated and assigned to all device records to track public release updates to a device record-->
    <publicVersionNumber>2</publicVersionNumber>
    <publicVersionDate>2018-03-29</publicVersionDate>
    <devicePublishDate>2017-06-22</devicePublishDate>
    <deviceCommDistributionEndDate xsi:nil="true" />
    <deviceCommDistributionStatus>In Commercial Distribution</deviceCommDistributionStatus>
    <identifiers>
      <identifier>
        <deviceId>04059453016768</deviceId>
        <deviceIdType>Primary</deviceIdType>
        <deviceIdIssuingAgency>GS1</deviceIdIssuingAgency>
        <containsDINumber xsi:nil="true" />
        <pkgQuantity xsi:nil="true" />
        <pkgDiscontinueDate xsi:nil="true" />
        <pkgStatus xsi:nil="true" />
        <pkgType xsi:nil="true" />
      </identifier>
    </identifiers>
    <brandName>Hermann Medizintechnik GmbH</brandName>
    <versionModelNumber>H118-25138</versionModelNumber>
    <catalogNumber xsi:nil="true" />
    <dunsNumber>324868165</dunsNumber>
    <companyName>Hermann Medizintechnik GmbH</companyName>
    <deviceCount>1</deviceCount>
    <deviceDescription>MAXWELL FLAP retractor, 4 prongs width 38mm, length 10cm</deviceDescription>
    <DMExempt>false</DMExempt>
    <premarketExempt>true</premarketExempt>
    <deviceHCTP>false</deviceHCTP>
    <deviceKit>false</deviceKit>
    <deviceCombinationProduct>false</deviceCombinationProduct>
    <singleUse>false</singleUse>
    <lotBatch>true</lotBatch>
    <serialNumber>false</serialNumber>
    <manufacturingDate>false</manufacturingDate>
    <expirationDate>false</expirationDate>
    <donationIdNumber>false</donationIdNumber>
    <labeledContainsNRL>false</labeledContainsNRL>
    <labeledNoNRL>false</labeledNoNRL>
    <MRISafetyStatus>Labeling does not contain MRI Safety Information</MRISafetyStatus>
    <rx>false</rx>
    <otc>false</otc>
    <contacts>
      <customerContact>
        <phone>+49746299670</phone>
        <phoneExtension xsi:nil="true" />
        <email>info@hermann-medizintechnik.de</email>
      </customerContact>
    </contacts>
    <gmdnTerms>
      <gmdn>
        <gmdnCode>35110</gmdnCode>
        <gmdnPTName>Skin/tissue hook</gmdnPTName>
        <gmdnPTDefinition>A hand-held manual surgical instrument designed to hook skin or tissue in order to grasp, apply traction, and lift the skin/tissue during a surgical intervention. It is typically a shaft-like instrument with small double hooks at the distal end and a handle at the proximal end. The hooks are curved in opposite directions and when the device is placed onto the skin or tissue to be grasped, it is twisted clockwise so that the hooks lock into the skin/tissue. Also known as a tissue pick, it is not unlike a hooked wound retractor. It is made of high-grade stainless steel and may be supplied with a cylindrical steel protecting sheath for storage and sterilization. This is a reusable device.</gmdnPTDefinition>
        <implantable>false</implantable>
        <gmdnCodeStatus>Obsolete</gmdnCodeStatus>
      </gmdn>
    </gmdnTerms>
    <productCodes>
      <fdaProductCode>
        <productCode>EIG</productCode>
        <productCodeName>RETRACTOR, ALL TYPES</productCodeName>
      </fdaProductCode>
    </productCodes>
    <deviceSizes />
    <environmentalConditions />
    <sterilization>
      <deviceSterile>false</deviceSterile>
      <sterilizationPriorToUse>false</sterilizationPriorToUse>
      <methodTypes />
    </sterilization>
  </device>
  <device xmlns:xsi="http://www.w3.org/2001/XMLSchema-instance" xmlns="http://www.fda.gov/cdrh/gudid">
    <publicDeviceRecordKey>e6f90007-d01c-401a-9a7c-ac26bdab06f2</publicDeviceRecordKey>
    <publicVersionStatus>Update</publicVersionStatus>
    <deviceRecordStatus>Published</deviceRecordStatus>
    <!--Note: publicVersionNumber is system generated and assigned to all device records to track public release updates to a device record-->
    <publicVersionNumber>3</publicVersionNumber>
    <publicVersionDate>2023-01-20</publicVersionDate>
    <devicePublishDate>2017-06-22</devicePublishDate>
    <deviceCommDistributionEndDate xsi:nil="true" />
    <deviceCommDistributionStatus>In Commercial Distribution</deviceCommDistributionStatus>
    <identifiers>
      <identifier>
        <deviceId>04059453014122</deviceId>
        <deviceIdType>Primary</deviceIdType>
        <deviceIdIssuingAgency>GS1</deviceIdIssuingAgency>
        <containsDINumber xsi:nil="true" />
        <pkgQuantity xsi:nil="true" />
        <pkgDiscontinueDate xsi:nil="true" />
        <pkgStatus xsi:nil="true" />
        <pkgType xsi:nil="true" />
      </identifier>
    </identifiers>
    <brandName>Hermann Medizintechnik GmbH</brandName>
    <versionModelNumber>H69-3070</versionModelNumber>
    <catalogNumber xsi:nil="true" />
    <dunsNumber>324868165</dunsNumber>
    <companyName>Hermann Medizintechnik GmbH</companyName>
    <deviceCount>1</deviceCount>
    <deviceDescription>Ring-Curette, 30°, Ø7mmtriangular handle</deviceDescription>
    <DMExempt>false</DMExempt>
    <premarketExempt>true</premarketExempt>
    <deviceHCTP>false</deviceHCTP>
    <deviceKit>false</deviceKit>
    <deviceCombinationProduct>false</deviceCombinationProduct>
    <singleUse>false</singleUse>
    <lotBatch>true</lotBatch>
    <serialNumber>false</serialNumber>
    <manufacturingDate>false</manufacturingDate>
    <expirationDate>false</expirationDate>
    <donationIdNumber>false</donationIdNumber>
    <labeledContainsNRL>false</labeledContainsNRL>
    <labeledNoNRL>false</labeledNoNRL>
    <MRISafetyStatus>Labeling does not contain MRI Safety Information</MRISafetyStatus>
    <rx>false</rx>
    <otc>false</otc>
    <contacts>
      <customerContact>
        <phone>+49746299670</phone>
        <phoneExtension xsi:nil="true" />
        <email>info@hermann-medizintechnik.de</email>
      </customerContact>
    </contacts>
    <gmdnTerms>
      <gmdn>
        <gmdnCode>35948</gmdnCode>
        <gmdnPTName>Endoscopic surgical probe</gmdnPTName>
        <gmdnPTDefinition>A slender, rod-like, hand-held manual surgical instrument intended to be inserted through an endoscope (e.g., arthroscope, laparoscope) to explore, measure, and/or perform therapeutic procedures during various types of surgical interventions (excludes cryosurgery). It is made of metallic and/or synthetic polymer material. This is a reusable device.</gmdnPTDefinition>
        <implantable>false</implantable>
        <gmdnCodeStatus>Active</gmdnCodeStatus>
      </gmdn>
    </gmdnTerms>
    <productCodes>
      <fdaProductCode>
        <productCode>EMH</productCode>
        <productCodeName>FORCEPS, RONGEUR, SURGICAL</productCodeName>
      </fdaProductCode>
    </productCodes>
    <deviceSizes />
    <environmentalConditions />
    <sterilization>
      <deviceSterile>false</deviceSterile>
      <sterilizationPriorToUse>false</sterilizationPriorToUse>
      <methodTypes />
    </sterilization>
  </device>
  <device xmlns:xsi="http://www.w3.org/2001/XMLSchema-instance" xmlns="http://www.fda.gov/cdrh/gudid">
    <publicDeviceRecordKey>a2fc0ac6-b025-48fd-8343-cc12d9d9bacf</publicDeviceRecordKey>
    <publicVersionStatus>Update</publicVersionStatus>
    <deviceRecordStatus>Published</deviceRecordStatus>
    <!--Note: publicVersionNumber is system generated and assigned to all device records to track public release updates to a device record-->
    <publicVersionNumber>3</publicVersionNumber>
    <publicVersionDate>2023-01-20</publicVersionDate>
    <devicePublishDate>2017-06-22</devicePublishDate>
    <deviceCommDistributionEndDate xsi:nil="true" />
    <deviceCommDistributionStatus>In Commercial Distribution</deviceCommDistributionStatus>
    <identifiers>
      <identifier>
        <deviceId>04059453010421</deviceId>
        <deviceIdType>Primary</deviceIdType>
        <deviceIdIssuingAgency>GS1</deviceIdIssuingAgency>
        <containsDINumber xsi:nil="true" />
        <pkgQuantity xsi:nil="true" />
        <pkgDiscontinueDate xsi:nil="true" />
        <pkgStatus xsi:nil="true" />
        <pkgType xsi:nil="true" />
      </identifier>
    </identifiers>
    <brandName>Hermann Medizintechnik GmbH</brandName>
    <versionModelNumber>H69-0425</versionModelNumber>
    <catalogNumber xsi:nil="true" />
    <dunsNumber>324868165</dunsNumber>
    <companyName>Hermann Medizintechnik GmbH</companyName>
    <deviceCount>1</deviceCount>
    <deviceDescription>Hook Probe, graduated, 3mm,triangular handle</deviceDescription>
    <DMExempt>false</DMExempt>
    <premarketExempt>true</premarketExempt>
    <deviceHCTP>false</deviceHCTP>
    <deviceKit>false</deviceKit>
    <deviceCombinationProduct>false</deviceCombinationProduct>
    <singleUse>false</singleUse>
    <lotBatch>true</lotBatch>
    <serialNumber>false</serialNumber>
    <manufacturingDate>false</manufacturingDate>
    <expirationDate>false</expirationDate>
    <donationIdNumber>false</donationIdNumber>
    <labeledContainsNRL>false</labeledContainsNRL>
    <labeledNoNRL>false</labeledNoNRL>
    <MRISafetyStatus>Labeling does not contain MRI Safety Information</MRISafetyStatus>
    <rx>false</rx>
    <otc>false</otc>
    <contacts>
      <customerContact>
        <phone>+49746299670</phone>
        <phoneExtension xsi:nil="true" />
        <email>info@hermann-medizintechnik.de</email>
      </customerContact>
    </contacts>
    <gmdnTerms>
      <gmdn>
        <gmdnCode>35948</gmdnCode>
        <gmdnPTName>Endoscopic surgical probe</gmdnPTName>
        <gmdnPTDefinition>A slender, rod-like, hand-held manual surgical instrument intended to be inserted through an endoscope (e.g., arthroscope, laparoscope) to explore, measure, and/or perform therapeutic procedures during various types of surgical interventions (excludes cryosurgery). It is made of metallic and/or synthetic polymer material. This is a reusable device.</gmdnPTDefinition>
        <implantable>false</implantable>
        <gmdnCodeStatus>Active</gmdnCodeStatus>
      </gmdn>
    </gmdnTerms>
    <productCodes>
      <fdaProductCode>
        <productCode>EMH</productCode>
        <productCodeName>FORCEPS, RONGEUR, SURGICAL</productCodeName>
      </fdaProductCode>
    </productCodes>
    <deviceSizes />
    <environmentalConditions />
    <sterilization>
      <deviceSterile>false</deviceSterile>
      <sterilizationPriorToUse>false</sterilizationPriorToUse>
      <methodTypes />
    </sterilization>
  </device>
  <device xmlns:xsi="http://www.w3.org/2001/XMLSchema-instance" xmlns="http://www.fda.gov/cdrh/gudid">
    <publicDeviceRecordKey>3b51f571-dc5c-4a85-9063-ed39872a170f</publicDeviceRecordKey>
    <publicVersionStatus>Update</publicVersionStatus>
    <deviceRecordStatus>Published</deviceRecordStatus>
    <!--Note: publicVersionNumber is system generated and assigned to all device records to track public release updates to a device record-->
    <publicVersionNumber>3</publicVersionNumber>
    <publicVersionDate>2019-05-07</publicVersionDate>
    <devicePublishDate>2017-05-29</devicePublishDate>
    <deviceCommDistributionEndDate xsi:nil="true" />
    <deviceCommDistributionStatus>In Commercial Distribution</deviceCommDistributionStatus>
    <identifiers>
      <identifier>
        <deviceId>04059453010063</deviceId>
        <deviceIdType>Primary</deviceIdType>
        <deviceIdIssuingAgency>GS1</deviceIdIssuingAgency>
        <containsDINumber xsi:nil="true" />
        <pkgQuantity xsi:nil="true" />
        <pkgDiscontinueDate xsi:nil="true" />
        <pkgStatus xsi:nil="true" />
        <pkgType xsi:nil="true" />
      </identifier>
    </identifiers>
    <brandName>Hermann Medizintechnik GmbH</brandName>
    <versionModelNumber>H174-11109</versionModelNumber>
    <catalogNumber xsi:nil="true" />
    <dunsNumber>324868165</dunsNumber>
    <companyName>Hermann Medizintechnik GmbH</companyName>
    <deviceCount>1</deviceCount>
    <deviceDescription>COMEDONE EXTRACTOR  Schamberg 3 3/4"1pinched + 1squared end, extra fine</deviceDescription>
    <DMExempt>false</DMExempt>
    <premarketExempt>true</premarketExempt>
    <deviceHCTP>false</deviceHCTP>
    <deviceKit>false</deviceKit>
    <deviceCombinationProduct>false</deviceCombinationProduct>
    <singleUse>false</singleUse>
    <lotBatch>true</lotBatch>
    <serialNumber>false</serialNumber>
    <manufacturingDate>false</manufacturingDate>
    <expirationDate>false</expirationDate>
    <donationIdNumber>false</donationIdNumber>
    <labeledContainsNRL>false</labeledContainsNRL>
    <labeledNoNRL>false</labeledNoNRL>
    <MRISafetyStatus>Labeling does not contain MRI Safety Information</MRISafetyStatus>
    <rx>false</rx>
    <otc>false</otc>
    <contacts>
      <customerContact>
        <phone>+49746299670</phone>
        <phoneExtension xsi:nil="true" />
        <email>info@hermann-medizintechnik.de</email>
      </customerContact>
    </contacts>
    <gmdnTerms>
      <gmdn>
        <gmdnCode>31335</gmdnCode>
        <gmdnPTName>Bone curette, reusable</gmdnPTName>
        <gmdnPTDefinition>A manual surgical instrument designed for cutting and excising bone tissue typically during an orthopaedic or a plastic surgery procedure. It is typically designed as a long, slender instrument with a handle at the proximal end and a concave, spoon-like tip which has a sharp edge, at the distal end, or it may be double-ended, and is used to facilitate the removal of the bone tissue without causing trauma to the surrounding muscles. It is typically made of high-grade stainless steel and is a common instrument of choice for the removal of the bone. This is a reusable device.</gmdnPTDefinition>
        <implantable>false</implantable>
        <gmdnCodeStatus>Active</gmdnCodeStatus>
      </gmdn>
    </gmdnTerms>
    <productCodes>
      <fdaProductCode>
        <productCode>EIG</productCode>
        <productCodeName>RETRACTOR, ALL TYPES</productCodeName>
      </fdaProductCode>
    </productCodes>
    <deviceSizes />
    <environmentalConditions />
    <sterilization>
      <deviceSterile>false</deviceSterile>
      <sterilizationPriorToUse>false</sterilizationPriorToUse>
      <methodTypes />
    </sterilization>
  </device>
</devices>