﻿<?xml version="1.0" encoding="UTF-8"?>
<devices>
  <device xmlns:xsi="http://www.w3.org/2001/XMLSchema-instance" xmlns="http://www.fda.gov/cdrh/gudid">
    <publicDeviceRecordKey>ad6fce6e-aa6c-4658-9c0f-80a75734e6ea</publicDeviceRecordKey>
    <publicVersionStatus>Update</publicVersionStatus>
    <deviceRecordStatus>Published</deviceRecordStatus>
    <!--Note: publicVersionNumber is system generated and assigned to all device records to track public release updates to a device record-->
    <publicVersionNumber>4</publicVersionNumber>
    <publicVersionDate>2023-03-22</publicVersionDate>
    <devicePublishDate>2017-02-09</devicePublishDate>
    <deviceCommDistributionEndDate xsi:nil="true" />
    <deviceCommDistributionStatus>In Commercial Distribution</deviceCommDistributionStatus>
    <identifiers>
      <identifier>
        <deviceId>00885797004260</deviceId>
        <deviceIdType>Primary</deviceIdType>
        <deviceIdIssuingAgency>GS1</deviceIdIssuingAgency>
        <containsDINumber xsi:nil="true" />
        <pkgQuantity xsi:nil="true" />
        <pkgDiscontinueDate xsi:nil="true" />
        <pkgStatus xsi:nil="true" />
        <pkgType xsi:nil="true" />
      </identifier>
    </identifiers>
    <brandName>Signature III bracket</brandName>
    <versionModelNumber>0Q03011</versionModelNumber>
    <catalogNumber xsi:nil="true" />
    <dunsNumber>007058183</dunsNumber>
    <companyName>Rmo, Inc.</companyName>
    <deviceCount>1</deviceCount>
    <deviceDescription>Orthodontic ceramic bracket</deviceDescription>
    <DMExempt>false</DMExempt>
    <premarketExempt>false</premarketExempt>
    <deviceHCTP>false</deviceHCTP>
    <deviceKit>false</deviceKit>
    <deviceCombinationProduct>false</deviceCombinationProduct>
    <singleUse>true</singleUse>
    <lotBatch>false</lotBatch>
    <serialNumber>false</serialNumber>
    <manufacturingDate>false</manufacturingDate>
    <expirationDate>false</expirationDate>
    <donationIdNumber>false</donationIdNumber>
    <labeledContainsNRL>false</labeledContainsNRL>
    <labeledNoNRL>false</labeledNoNRL>
    <MRISafetyStatus>MR Safe</MRISafetyStatus>
    <rx>true</rx>
    <otc>false</otc>
    <contacts />
    <premarketSubmissions>
      <premarketSubmission>
        <submissionNumber>K120471</submissionNumber>
        <supplementNumber>000</supplementNumber>
      </premarketSubmission>
    </premarketSubmissions>
    <gmdnTerms>
      <gmdn>
        <gmdnCode>58937</gmdnCode>
        <gmdnPTName>Orthodontic bracket, ceramic</gmdnPTName>
        <gmdnPTDefinition>A ceramic device intended to be bonded to a tooth to hold an orthodontic archwire used to apply pressure to the tooth in order to alter the position of the tooth. It typically has a metal (e.g., stainless steel) insert slot for the archwire, which is held in place with an orthodontic archwire/bracket fixation ring. This is a single-patient device intended to be used for the duration of the treatment (single-use) before being discarded.</gmdnPTDefinition>
        <implantable>false</implantable>
        <gmdnCodeStatus>Active</gmdnCodeStatus>
      </gmdn>
    </gmdnTerms>
    <productCodes>
      <fdaProductCode>
        <productCode>NJM</productCode>
        <productCodeName>Bracket, Ceramic, Orthodontic</productCodeName>
      </fdaProductCode>
    </productCodes>
    <deviceSizes />
    <environmentalConditions />
    <sterilization>
      <deviceSterile>false</deviceSterile>
      <sterilizationPriorToUse>false</sterilizationPriorToUse>
      <methodTypes />
    </sterilization>
  </device>
</devices>