﻿<?xml version="1.0" encoding="UTF-8"?>
<devices>
  <device xmlns:xsi="http://www.w3.org/2001/XMLSchema-instance" xmlns="http://www.fda.gov/cdrh/gudid">
    <publicDeviceRecordKey>e00c9b55-6e56-40c0-bab4-490a2f44b7ee</publicDeviceRecordKey>
    <publicVersionStatus>New</publicVersionStatus>
    <deviceRecordStatus>Published</deviceRecordStatus>
    <!--Note: publicVersionNumber is system generated and assigned to all device records to track public release updates to a device record-->
    <publicVersionNumber>1</publicVersionNumber>
    <publicVersionDate>2023-08-08</publicVersionDate>
    <devicePublishDate>2023-07-31</devicePublishDate>
    <deviceCommDistributionEndDate xsi:nil="true" />
    <deviceCommDistributionStatus>In Commercial Distribution</deviceCommDistributionStatus>
    <identifiers>
      <identifier>
        <deviceId>B098VPP1020B1</deviceId>
        <deviceIdType>Package</deviceIdType>
        <deviceIdIssuingAgency>HIBCC</deviceIdIssuingAgency>
        <containsDINumber>B098VPP1020B0</containsDINumber>
        <pkgQuantity>10</pkgQuantity>
        <pkgDiscontinueDate xsi:nil="true" />
        <pkgStatus>In Commercial Distribution</pkgStatus>
        <pkgType>CASE</pkgType>
      </identifier>
      <identifier>
        <deviceId>B098VPP1020B0</deviceId>
        <deviceIdType>Primary</deviceIdType>
        <deviceIdIssuingAgency>HIBCC</deviceIdIssuingAgency>
        <containsDINumber xsi:nil="true" />
        <pkgQuantity xsi:nil="true" />
        <pkgDiscontinueDate xsi:nil="true" />
        <pkgStatus xsi:nil="true" />
        <pkgType xsi:nil="true" />
      </identifier>
    </identifiers>
    <brandName>Aligned Medical Solutions</brandName>
    <versionModelNumber>VPP1020B</versionModelNumber>
    <catalogNumber>VPP1020B</catalogNumber>
    <dunsNumber>106580145</dunsNumber>
    <companyName>Aligned Medical Solutions</companyName>
    <deviceCount>1</deviceCount>
    <deviceDescription>CUSTOM DENTAL PACK 
</deviceDescription>
    <DMExempt>false</DMExempt>
    <premarketExempt>true</premarketExempt>
    <deviceHCTP>false</deviceHCTP>
    <deviceKit>true</deviceKit>
    <deviceCombinationProduct>false</deviceCombinationProduct>
    <singleUse>true</singleUse>
    <lotBatch>true</lotBatch>
    <serialNumber>false</serialNumber>
    <manufacturingDate>true</manufacturingDate>
    <expirationDate>true</expirationDate>
    <donationIdNumber>false</donationIdNumber>
    <labeledContainsNRL>false</labeledContainsNRL>
    <labeledNoNRL>false</labeledNoNRL>
    <MRISafetyStatus>Labeling does not contain MRI Safety Information</MRISafetyStatus>
    <rx>true</rx>
    <otc>false</otc>
    <contacts>
      <customerContact>
        <phone>+1(800)637-7056</phone>
        <phoneExtension xsi:nil="true" />
        <email>customerservice@alignedmedicalsolutions.com</email>
      </customerContact>
    </contacts>
    <gmdnTerms>
      <gmdn>
        <gmdnCode>45148</gmdnCode>
        <gmdnPTName>Dental/maxillofacial surgical procedure kit, non-medicated, single-use</gmdnPTName>
        <gmdnPTDefinition>A collection of various sterile dental/surgical instruments, dressings and the necessary materials intended to be used to perform a dental or oral/maxillofacial surgical procedure. It does not contain any pharmaceuticals. This is a single-use device.</gmdnPTDefinition>
        <implantable>false</implantable>
        <gmdnCodeStatus>Active</gmdnCodeStatus>
      </gmdn>
    </gmdnTerms>
    <productCodes>
      <fdaProductCode>
        <productCode>OFX</productCode>
        <productCodeName>General Purpose Dental Tray</productCodeName>
      </fdaProductCode>
    </productCodes>
    <deviceSizes />
    <environmentalConditions>
      <storageHandling>
        <storageHandlingType>Storage Environment Temperature</storageHandlingType>
        <storageHandlingHigh value="30" unit="Degrees Celsius" />
        <storageHandlingLow value="15" unit="Degrees Celsius" />
        <storageHandlingSpecialConditionText xsi:nil="true" />
      </storageHandling>
    </environmentalConditions>
    <sterilization>
      <deviceSterile>true</deviceSterile>
      <sterilizationPriorToUse>false</sterilizationPriorToUse>
      <methodTypes />
    </sterilization>
  </device>
  <device xmlns:xsi="http://www.w3.org/2001/XMLSchema-instance" xmlns="http://www.fda.gov/cdrh/gudid">
    <publicDeviceRecordKey>51fef578-40f2-4a49-bee4-d6ed9fe0987c</publicDeviceRecordKey>
    <publicVersionStatus>New</publicVersionStatus>
    <deviceRecordStatus>Published</deviceRecordStatus>
    <!--Note: publicVersionNumber is system generated and assigned to all device records to track public release updates to a device record-->
    <publicVersionNumber>1</publicVersionNumber>
    <publicVersionDate>2023-08-08</publicVersionDate>
    <devicePublishDate>2023-07-31</devicePublishDate>
    <deviceCommDistributionEndDate xsi:nil="true" />
    <deviceCommDistributionStatus>In Commercial Distribution</deviceCommDistributionStatus>
    <identifiers>
      <identifier>
        <deviceId>B098VPP1020A1</deviceId>
        <deviceIdType>Package</deviceIdType>
        <deviceIdIssuingAgency>HIBCC</deviceIdIssuingAgency>
        <containsDINumber>B098VPP1020A0</containsDINumber>
        <pkgQuantity>10</pkgQuantity>
        <pkgDiscontinueDate xsi:nil="true" />
        <pkgStatus>In Commercial Distribution</pkgStatus>
        <pkgType xsi:nil="true" />
      </identifier>
      <identifier>
        <deviceId>B098VPP1020A0</deviceId>
        <deviceIdType>Primary</deviceIdType>
        <deviceIdIssuingAgency>HIBCC</deviceIdIssuingAgency>
        <containsDINumber xsi:nil="true" />
        <pkgQuantity xsi:nil="true" />
        <pkgDiscontinueDate xsi:nil="true" />
        <pkgStatus xsi:nil="true" />
        <pkgType xsi:nil="true" />
      </identifier>
    </identifiers>
    <brandName>Aligned Medical Solutions</brandName>
    <versionModelNumber>VPP1020A</versionModelNumber>
    <catalogNumber>VPP1020A</catalogNumber>
    <dunsNumber>106580145</dunsNumber>
    <companyName>Aligned Medical Solutions</companyName>
    <deviceCount>1</deviceCount>
    <deviceDescription>CUSTOM DENTAL PACK 
</deviceDescription>
    <DMExempt>false</DMExempt>
    <premarketExempt>true</premarketExempt>
    <deviceHCTP>false</deviceHCTP>
    <deviceKit>true</deviceKit>
    <deviceCombinationProduct>false</deviceCombinationProduct>
    <singleUse>true</singleUse>
    <lotBatch>true</lotBatch>
    <serialNumber>false</serialNumber>
    <manufacturingDate>true</manufacturingDate>
    <expirationDate>true</expirationDate>
    <donationIdNumber>false</donationIdNumber>
    <labeledContainsNRL>false</labeledContainsNRL>
    <labeledNoNRL>false</labeledNoNRL>
    <MRISafetyStatus>Labeling does not contain MRI Safety Information</MRISafetyStatus>
    <rx>true</rx>
    <otc>false</otc>
    <contacts>
      <customerContact>
        <phone>+1(800)637-7056</phone>
        <phoneExtension xsi:nil="true" />
        <email>customerservice@alignedmedicalsolutions.com</email>
      </customerContact>
    </contacts>
    <gmdnTerms>
      <gmdn>
        <gmdnCode>45148</gmdnCode>
        <gmdnPTName>Dental/maxillofacial surgical procedure kit, non-medicated, single-use</gmdnPTName>
        <gmdnPTDefinition>A collection of various sterile dental/surgical instruments, dressings and the necessary materials intended to be used to perform a dental or oral/maxillofacial surgical procedure. It does not contain any pharmaceuticals. This is a single-use device.</gmdnPTDefinition>
        <implantable>false</implantable>
        <gmdnCodeStatus>Active</gmdnCodeStatus>
      </gmdn>
    </gmdnTerms>
    <productCodes>
      <fdaProductCode>
        <productCode>OFX</productCode>
        <productCodeName>General Purpose Dental Tray</productCodeName>
      </fdaProductCode>
    </productCodes>
    <deviceSizes />
    <environmentalConditions>
      <storageHandling>
        <storageHandlingType>Storage Environment Temperature</storageHandlingType>
        <storageHandlingHigh value="30" unit="Degrees Celsius" />
        <storageHandlingLow value="15" unit="Degrees Celsius" />
        <storageHandlingSpecialConditionText xsi:nil="true" />
      </storageHandling>
    </environmentalConditions>
    <sterilization>
      <deviceSterile>true</deviceSterile>
      <sterilizationPriorToUse>false</sterilizationPriorToUse>
      <methodTypes />
    </sterilization>
  </device>
  <device xmlns:xsi="http://www.w3.org/2001/XMLSchema-instance" xmlns="http://www.fda.gov/cdrh/gudid">
    <publicDeviceRecordKey>2fb7be72-6b2e-45a7-a88a-afbd3547ce0e</publicDeviceRecordKey>
    <publicVersionStatus>Update</publicVersionStatus>
    <deviceRecordStatus>Published</deviceRecordStatus>
    <!--Note: publicVersionNumber is system generated and assigned to all device records to track public release updates to a device record-->
    <publicVersionNumber>2</publicVersionNumber>
    <publicVersionDate>2019-05-07</publicVersionDate>
    <devicePublishDate>2018-11-14</devicePublishDate>
    <deviceCommDistributionEndDate xsi:nil="true" />
    <deviceCommDistributionStatus>In Commercial Distribution</deviceCommDistributionStatus>
    <identifiers>
      <identifier>
        <deviceId>B098VPP10201</deviceId>
        <deviceIdType>Package</deviceIdType>
        <deviceIdIssuingAgency>HIBCC</deviceIdIssuingAgency>
        <containsDINumber>B098VPP10200</containsDINumber>
        <pkgQuantity>10</pkgQuantity>
        <pkgDiscontinueDate xsi:nil="true" />
        <pkgStatus>In Commercial Distribution</pkgStatus>
        <pkgType>case</pkgType>
      </identifier>
      <identifier>
        <deviceId>B098VPP10200</deviceId>
        <deviceIdType>Primary</deviceIdType>
        <deviceIdIssuingAgency>HIBCC</deviceIdIssuingAgency>
        <containsDINumber xsi:nil="true" />
        <pkgQuantity xsi:nil="true" />
        <pkgDiscontinueDate xsi:nil="true" />
        <pkgStatus xsi:nil="true" />
        <pkgType xsi:nil="true" />
      </identifier>
    </identifiers>
    <brandName>Aligned Medical Solutions</brandName>
    <versionModelNumber>VPP1020</versionModelNumber>
    <catalogNumber>VPP1020</catalogNumber>
    <dunsNumber>106580145</dunsNumber>
    <companyName>Aligned Medical Solutions</companyName>
    <deviceCount>1</deviceCount>
    <deviceDescription>Custom Dental Pack</deviceDescription>
    <DMExempt>false</DMExempt>
    <premarketExempt>true</premarketExempt>
    <deviceHCTP>false</deviceHCTP>
    <deviceKit>true</deviceKit>
    <deviceCombinationProduct>false</deviceCombinationProduct>
    <singleUse>true</singleUse>
    <lotBatch>true</lotBatch>
    <serialNumber>false</serialNumber>
    <manufacturingDate>true</manufacturingDate>
    <expirationDate>true</expirationDate>
    <donationIdNumber>false</donationIdNumber>
    <labeledContainsNRL>false</labeledContainsNRL>
    <labeledNoNRL>false</labeledNoNRL>
    <MRISafetyStatus>Labeling does not contain MRI Safety Information</MRISafetyStatus>
    <rx>true</rx>
    <otc>false</otc>
    <contacts>
      <customerContact>
        <phone>+1(888)637-7056</phone>
        <phoneExtension xsi:nil="true" />
        <email>customerservice@alignedmedicalsolutions.com</email>
      </customerContact>
    </contacts>
    <gmdnTerms>
      <gmdn>
        <gmdnCode>45148</gmdnCode>
        <gmdnPTName>Dental/maxillofacial surgical procedure kit, non-medicated, single-use</gmdnPTName>
        <gmdnPTDefinition>A collection of various sterile dental/surgical instruments, dressings and the necessary materials intended to be used to perform a dental or oral/maxillofacial surgical procedure. It does not contain any pharmaceuticals. This is a single-use device.</gmdnPTDefinition>
        <implantable>false</implantable>
        <gmdnCodeStatus>Active</gmdnCodeStatus>
      </gmdn>
    </gmdnTerms>
    <productCodes>
      <fdaProductCode>
        <productCode>OFX</productCode>
        <productCodeName>General purpose dental tray</productCodeName>
      </fdaProductCode>
    </productCodes>
    <deviceSizes />
    <environmentalConditions>
      <storageHandling>
        <storageHandlingType>Storage Environment Temperature</storageHandlingType>
        <storageHandlingHigh value="30" unit="Degrees Celsius" />
        <storageHandlingLow value="15" unit="Degrees Celsius" />
        <storageHandlingSpecialConditionText xsi:nil="true" />
      </storageHandling>
    </environmentalConditions>
    <sterilization>
      <deviceSterile>true</deviceSterile>
      <sterilizationPriorToUse>false</sterilizationPriorToUse>
      <methodTypes />
    </sterilization>
  </device>
  <device xmlns:xsi="http://www.w3.org/2001/XMLSchema-instance" xmlns="http://www.fda.gov/cdrh/gudid">
    <publicDeviceRecordKey>9329b449-8f84-4f43-9940-5e858ca20fae</publicDeviceRecordKey>
    <publicVersionStatus>Update</publicVersionStatus>
    <deviceRecordStatus>Published</deviceRecordStatus>
    <!--Note: publicVersionNumber is system generated and assigned to all device records to track public release updates to a device record-->
    <publicVersionNumber>2</publicVersionNumber>
    <publicVersionDate>2019-05-07</publicVersionDate>
    <devicePublishDate>2018-11-14</devicePublishDate>
    <deviceCommDistributionEndDate xsi:nil="true" />
    <deviceCommDistributionStatus>In Commercial Distribution</deviceCommDistributionStatus>
    <identifiers>
      <identifier>
        <deviceId>B098VPP10161</deviceId>
        <deviceIdType>Package</deviceIdType>
        <deviceIdIssuingAgency>HIBCC</deviceIdIssuingAgency>
        <containsDINumber>B098VPP10160</containsDINumber>
        <pkgQuantity>10</pkgQuantity>
        <pkgDiscontinueDate xsi:nil="true" />
        <pkgStatus>In Commercial Distribution</pkgStatus>
        <pkgType>case</pkgType>
      </identifier>
      <identifier>
        <deviceId>B098VPP10160</deviceId>
        <deviceIdType>Primary</deviceIdType>
        <deviceIdIssuingAgency>HIBCC</deviceIdIssuingAgency>
        <containsDINumber xsi:nil="true" />
        <pkgQuantity xsi:nil="true" />
        <pkgDiscontinueDate xsi:nil="true" />
        <pkgStatus xsi:nil="true" />
        <pkgType xsi:nil="true" />
      </identifier>
    </identifiers>
    <brandName>Aligned Medical Solutions</brandName>
    <versionModelNumber>VPP1016</versionModelNumber>
    <catalogNumber>VPP1016</catalogNumber>
    <dunsNumber>106580145</dunsNumber>
    <companyName>Aligned Medical Solutions</companyName>
    <deviceCount>1</deviceCount>
    <deviceDescription>U of A Main Dental Surgical Pack</deviceDescription>
    <DMExempt>false</DMExempt>
    <premarketExempt>true</premarketExempt>
    <deviceHCTP>false</deviceHCTP>
    <deviceKit>true</deviceKit>
    <deviceCombinationProduct>false</deviceCombinationProduct>
    <singleUse>true</singleUse>
    <lotBatch>true</lotBatch>
    <serialNumber>false</serialNumber>
    <manufacturingDate>true</manufacturingDate>
    <expirationDate>true</expirationDate>
    <donationIdNumber>false</donationIdNumber>
    <labeledContainsNRL>false</labeledContainsNRL>
    <labeledNoNRL>false</labeledNoNRL>
    <MRISafetyStatus>Labeling does not contain MRI Safety Information</MRISafetyStatus>
    <rx>true</rx>
    <otc>false</otc>
    <contacts>
      <customerContact>
        <phone>+1(888)637-7056</phone>
        <phoneExtension xsi:nil="true" />
        <email>customerservice@alignedmedicalsolutions.com</email>
      </customerContact>
    </contacts>
    <gmdnTerms>
      <gmdn>
        <gmdnCode>45148</gmdnCode>
        <gmdnPTName>Dental/maxillofacial surgical procedure kit, non-medicated, single-use</gmdnPTName>
        <gmdnPTDefinition>A collection of various sterile dental/surgical instruments, dressings and the necessary materials intended to be used to perform a dental or oral/maxillofacial surgical procedure. It does not contain any pharmaceuticals. This is a single-use device.</gmdnPTDefinition>
        <implantable>false</implantable>
        <gmdnCodeStatus>Active</gmdnCodeStatus>
      </gmdn>
    </gmdnTerms>
    <productCodes>
      <fdaProductCode>
        <productCode>OFX</productCode>
        <productCodeName>General purpose dental tray</productCodeName>
      </fdaProductCode>
    </productCodes>
    <deviceSizes />
    <environmentalConditions>
      <storageHandling>
        <storageHandlingType>Storage Environment Temperature</storageHandlingType>
        <storageHandlingHigh value="30" unit="Degrees Celsius" />
        <storageHandlingLow value="15" unit="Degrees Celsius" />
        <storageHandlingSpecialConditionText xsi:nil="true" />
      </storageHandling>
    </environmentalConditions>
    <sterilization>
      <deviceSterile>true</deviceSterile>
      <sterilizationPriorToUse>false</sterilizationPriorToUse>
      <methodTypes />
    </sterilization>
  </device>
  <device xmlns:xsi="http://www.w3.org/2001/XMLSchema-instance" xmlns="http://www.fda.gov/cdrh/gudid">
    <publicDeviceRecordKey>a681b227-2bc1-4c68-a308-fbf7c385a120</publicDeviceRecordKey>
    <publicVersionStatus>Update</publicVersionStatus>
    <deviceRecordStatus>Published</deviceRecordStatus>
    <!--Note: publicVersionNumber is system generated and assigned to all device records to track public release updates to a device record-->
    <publicVersionNumber>2</publicVersionNumber>
    <publicVersionDate>2019-05-07</publicVersionDate>
    <devicePublishDate>2018-11-14</devicePublishDate>
    <deviceCommDistributionEndDate xsi:nil="true" />
    <deviceCommDistributionStatus>In Commercial Distribution</deviceCommDistributionStatus>
    <identifiers>
      <identifier>
        <deviceId>B098VPP1014B1</deviceId>
        <deviceIdType>Package</deviceIdType>
        <deviceIdIssuingAgency>HIBCC</deviceIdIssuingAgency>
        <containsDINumber>B098VPP1014B0</containsDINumber>
        <pkgQuantity>10</pkgQuantity>
        <pkgDiscontinueDate xsi:nil="true" />
        <pkgStatus>In Commercial Distribution</pkgStatus>
        <pkgType>case</pkgType>
      </identifier>
      <identifier>
        <deviceId>B098VPP1014B0</deviceId>
        <deviceIdType>Primary</deviceIdType>
        <deviceIdIssuingAgency>HIBCC</deviceIdIssuingAgency>
        <containsDINumber xsi:nil="true" />
        <pkgQuantity xsi:nil="true" />
        <pkgDiscontinueDate xsi:nil="true" />
        <pkgStatus xsi:nil="true" />
        <pkgType xsi:nil="true" />
      </identifier>
    </identifiers>
    <brandName>Aligned Medical Solutions</brandName>
    <versionModelNumber>VPP1014B</versionModelNumber>
    <catalogNumber>VPP1014B</catalogNumber>
    <dunsNumber>106580145</dunsNumber>
    <companyName>Aligned Medical Solutions</companyName>
    <deviceCount>1</deviceCount>
    <deviceDescription>Custom Pack</deviceDescription>
    <DMExempt>false</DMExempt>
    <premarketExempt>true</premarketExempt>
    <deviceHCTP>false</deviceHCTP>
    <deviceKit>true</deviceKit>
    <deviceCombinationProduct>false</deviceCombinationProduct>
    <singleUse>true</singleUse>
    <lotBatch>true</lotBatch>
    <serialNumber>false</serialNumber>
    <manufacturingDate>true</manufacturingDate>
    <expirationDate>true</expirationDate>
    <donationIdNumber>false</donationIdNumber>
    <labeledContainsNRL>false</labeledContainsNRL>
    <labeledNoNRL>false</labeledNoNRL>
    <MRISafetyStatus>Labeling does not contain MRI Safety Information</MRISafetyStatus>
    <rx>true</rx>
    <otc>false</otc>
    <contacts>
      <customerContact>
        <phone>+1(888)637-7056</phone>
        <phoneExtension xsi:nil="true" />
        <email>customerservice@alignedmedicalsolutions.com</email>
      </customerContact>
    </contacts>
    <gmdnTerms>
      <gmdn>
        <gmdnCode>45148</gmdnCode>
        <gmdnPTName>Dental/maxillofacial surgical procedure kit, non-medicated, single-use</gmdnPTName>
        <gmdnPTDefinition>A collection of various sterile dental/surgical instruments, dressings and the necessary materials intended to be used to perform a dental or oral/maxillofacial surgical procedure. It does not contain any pharmaceuticals. This is a single-use device.</gmdnPTDefinition>
        <implantable>false</implantable>
        <gmdnCodeStatus>Active</gmdnCodeStatus>
      </gmdn>
    </gmdnTerms>
    <productCodes>
      <fdaProductCode>
        <productCode>OFX</productCode>
        <productCodeName>General purpose dental tray</productCodeName>
      </fdaProductCode>
    </productCodes>
    <deviceSizes />
    <environmentalConditions>
      <storageHandling>
        <storageHandlingType>Storage Environment Temperature</storageHandlingType>
        <storageHandlingHigh value="30" unit="Degrees Celsius" />
        <storageHandlingLow value="15" unit="Degrees Celsius" />
        <storageHandlingSpecialConditionText xsi:nil="true" />
      </storageHandling>
    </environmentalConditions>
    <sterilization>
      <deviceSterile>true</deviceSterile>
      <sterilizationPriorToUse>false</sterilizationPriorToUse>
      <methodTypes />
    </sterilization>
  </device>
  <device xmlns:xsi="http://www.w3.org/2001/XMLSchema-instance" xmlns="http://www.fda.gov/cdrh/gudid">
    <publicDeviceRecordKey>9352881c-f351-4046-8df1-97515a8313e9</publicDeviceRecordKey>
    <publicVersionStatus>Update</publicVersionStatus>
    <deviceRecordStatus>Published</deviceRecordStatus>
    <!--Note: publicVersionNumber is system generated and assigned to all device records to track public release updates to a device record-->
    <publicVersionNumber>2</publicVersionNumber>
    <publicVersionDate>2019-05-07</publicVersionDate>
    <devicePublishDate>2018-11-14</devicePublishDate>
    <deviceCommDistributionEndDate xsi:nil="true" />
    <deviceCommDistributionStatus>In Commercial Distribution</deviceCommDistributionStatus>
    <identifiers>
      <identifier>
        <deviceId>B098VPP1014A1</deviceId>
        <deviceIdType>Package</deviceIdType>
        <deviceIdIssuingAgency>HIBCC</deviceIdIssuingAgency>
        <containsDINumber>B098VPP1014A0</containsDINumber>
        <pkgQuantity>10</pkgQuantity>
        <pkgDiscontinueDate xsi:nil="true" />
        <pkgStatus>In Commercial Distribution</pkgStatus>
        <pkgType>case</pkgType>
      </identifier>
      <identifier>
        <deviceId>B098VPP1014A0</deviceId>
        <deviceIdType>Primary</deviceIdType>
        <deviceIdIssuingAgency>HIBCC</deviceIdIssuingAgency>
        <containsDINumber xsi:nil="true" />
        <pkgQuantity xsi:nil="true" />
        <pkgDiscontinueDate xsi:nil="true" />
        <pkgStatus xsi:nil="true" />
        <pkgType xsi:nil="true" />
      </identifier>
    </identifiers>
    <brandName>Aligned Medical Solutions</brandName>
    <versionModelNumber>VPP1014A</versionModelNumber>
    <catalogNumber>VPP1014A</catalogNumber>
    <dunsNumber>106580145</dunsNumber>
    <companyName>Aligned Medical Solutions</companyName>
    <deviceCount>1</deviceCount>
    <deviceDescription>Custom Pack</deviceDescription>
    <DMExempt>false</DMExempt>
    <premarketExempt>true</premarketExempt>
    <deviceHCTP>false</deviceHCTP>
    <deviceKit>true</deviceKit>
    <deviceCombinationProduct>false</deviceCombinationProduct>
    <singleUse>true</singleUse>
    <lotBatch>true</lotBatch>
    <serialNumber>false</serialNumber>
    <manufacturingDate>true</manufacturingDate>
    <expirationDate>true</expirationDate>
    <donationIdNumber>false</donationIdNumber>
    <labeledContainsNRL>false</labeledContainsNRL>
    <labeledNoNRL>false</labeledNoNRL>
    <MRISafetyStatus>Labeling does not contain MRI Safety Information</MRISafetyStatus>
    <rx>true</rx>
    <otc>false</otc>
    <contacts>
      <customerContact>
        <phone>+1(888)637-7056</phone>
        <phoneExtension xsi:nil="true" />
        <email>customerservice@alignedmedicalsolutions.com</email>
      </customerContact>
    </contacts>
    <gmdnTerms>
      <gmdn>
        <gmdnCode>45148</gmdnCode>
        <gmdnPTName>Dental/maxillofacial surgical procedure kit, non-medicated, single-use</gmdnPTName>
        <gmdnPTDefinition>A collection of various sterile dental/surgical instruments, dressings and the necessary materials intended to be used to perform a dental or oral/maxillofacial surgical procedure. It does not contain any pharmaceuticals. This is a single-use device.</gmdnPTDefinition>
        <implantable>false</implantable>
        <gmdnCodeStatus>Active</gmdnCodeStatus>
      </gmdn>
    </gmdnTerms>
    <productCodes>
      <fdaProductCode>
        <productCode>OFX</productCode>
        <productCodeName>General purpose dental tray</productCodeName>
      </fdaProductCode>
    </productCodes>
    <deviceSizes />
    <environmentalConditions>
      <storageHandling>
        <storageHandlingType>Storage Environment Temperature</storageHandlingType>
        <storageHandlingHigh value="30" unit="Degrees Celsius" />
        <storageHandlingLow value="15" unit="Degrees Celsius" />
        <storageHandlingSpecialConditionText xsi:nil="true" />
      </storageHandling>
    </environmentalConditions>
    <sterilization>
      <deviceSterile>true</deviceSterile>
      <sterilizationPriorToUse>false</sterilizationPriorToUse>
      <methodTypes />
    </sterilization>
  </device>
  <device xmlns:xsi="http://www.w3.org/2001/XMLSchema-instance" xmlns="http://www.fda.gov/cdrh/gudid">
    <publicDeviceRecordKey>4e58b364-68bd-4697-85ac-20b54d1f5d0c</publicDeviceRecordKey>
    <publicVersionStatus>Update</publicVersionStatus>
    <deviceRecordStatus>Published</deviceRecordStatus>
    <!--Note: publicVersionNumber is system generated and assigned to all device records to track public release updates to a device record-->
    <publicVersionNumber>2</publicVersionNumber>
    <publicVersionDate>2019-05-07</publicVersionDate>
    <devicePublishDate>2018-11-14</devicePublishDate>
    <deviceCommDistributionEndDate xsi:nil="true" />
    <deviceCommDistributionStatus>In Commercial Distribution</deviceCommDistributionStatus>
    <identifiers>
      <identifier>
        <deviceId>B098VMSTSPLITPACK1</deviceId>
        <deviceIdType>Package</deviceIdType>
        <deviceIdIssuingAgency>HIBCC</deviceIdIssuingAgency>
        <containsDINumber>B098VMSTSPLITPACK0</containsDINumber>
        <pkgQuantity>10</pkgQuantity>
        <pkgDiscontinueDate xsi:nil="true" />
        <pkgStatus>In Commercial Distribution</pkgStatus>
        <pkgType>case</pkgType>
      </identifier>
      <identifier>
        <deviceId>B098VMSTSPLITPACK0</deviceId>
        <deviceIdType>Primary</deviceIdType>
        <deviceIdIssuingAgency>HIBCC</deviceIdIssuingAgency>
        <containsDINumber xsi:nil="true" />
        <pkgQuantity xsi:nil="true" />
        <pkgDiscontinueDate xsi:nil="true" />
        <pkgStatus xsi:nil="true" />
        <pkgType xsi:nil="true" />
      </identifier>
    </identifiers>
    <brandName>Aligned Medical Solutions</brandName>
    <versionModelNumber>VMSTSPLITPACK</versionModelNumber>
    <catalogNumber>VMSTSPLITPACK</catalogNumber>
    <dunsNumber>106580145</dunsNumber>
    <companyName>Aligned Medical Solutions</companyName>
    <deviceCount>1</deviceCount>
    <deviceDescription>Standard Split Pack</deviceDescription>
    <DMExempt>false</DMExempt>
    <premarketExempt>true</premarketExempt>
    <deviceHCTP>false</deviceHCTP>
    <deviceKit>true</deviceKit>
    <deviceCombinationProduct>false</deviceCombinationProduct>
    <singleUse>true</singleUse>
    <lotBatch>true</lotBatch>
    <serialNumber>false</serialNumber>
    <manufacturingDate>true</manufacturingDate>
    <expirationDate>true</expirationDate>
    <donationIdNumber>false</donationIdNumber>
    <labeledContainsNRL>false</labeledContainsNRL>
    <labeledNoNRL>false</labeledNoNRL>
    <MRISafetyStatus>Labeling does not contain MRI Safety Information</MRISafetyStatus>
    <rx>true</rx>
    <otc>false</otc>
    <contacts>
      <customerContact>
        <phone>+1(888)637-7056</phone>
        <phoneExtension xsi:nil="true" />
        <email>customerservice@alignedmedicalsolutions.com</email>
      </customerContact>
    </contacts>
    <gmdnTerms>
      <gmdn>
        <gmdnCode>45148</gmdnCode>
        <gmdnPTName>Dental/maxillofacial surgical procedure kit, non-medicated, single-use</gmdnPTName>
        <gmdnPTDefinition>A collection of various sterile dental/surgical instruments, dressings and the necessary materials intended to be used to perform a dental or oral/maxillofacial surgical procedure. It does not contain any pharmaceuticals. This is a single-use device.</gmdnPTDefinition>
        <implantable>false</implantable>
        <gmdnCodeStatus>Active</gmdnCodeStatus>
      </gmdn>
    </gmdnTerms>
    <productCodes>
      <fdaProductCode>
        <productCode>OFX</productCode>
        <productCodeName>General purpose dental tray</productCodeName>
      </fdaProductCode>
    </productCodes>
    <deviceSizes />
    <environmentalConditions>
      <storageHandling>
        <storageHandlingType>Storage Environment Temperature</storageHandlingType>
        <storageHandlingHigh value="30" unit="Degrees Celsius" />
        <storageHandlingLow value="15" unit="Degrees Celsius" />
        <storageHandlingSpecialConditionText xsi:nil="true" />
      </storageHandling>
    </environmentalConditions>
    <sterilization>
      <deviceSterile>true</deviceSterile>
      <sterilizationPriorToUse>false</sterilizationPriorToUse>
      <methodTypes />
    </sterilization>
  </device>
  <device xmlns:xsi="http://www.w3.org/2001/XMLSchema-instance" xmlns="http://www.fda.gov/cdrh/gudid">
    <publicDeviceRecordKey>fb67b154-a5e0-4f52-a34a-c90f4d6d7e9d</publicDeviceRecordKey>
    <publicVersionStatus>New</publicVersionStatus>
    <deviceRecordStatus>Published</deviceRecordStatus>
    <!--Note: publicVersionNumber is system generated and assigned to all device records to track public release updates to a device record-->
    <publicVersionNumber>1</publicVersionNumber>
    <publicVersionDate>2019-06-26</publicVersionDate>
    <devicePublishDate>2019-06-18</devicePublishDate>
    <deviceCommDistributionEndDate xsi:nil="true" />
    <deviceCommDistributionStatus>In Commercial Distribution</deviceCommDistributionStatus>
    <identifiers>
      <identifier>
        <deviceId>B098VMIMPACKAA0</deviceId>
        <deviceIdType>Primary</deviceIdType>
        <deviceIdIssuingAgency>HIBCC</deviceIdIssuingAgency>
        <containsDINumber xsi:nil="true" />
        <pkgQuantity xsi:nil="true" />
        <pkgDiscontinueDate xsi:nil="true" />
        <pkgStatus xsi:nil="true" />
        <pkgType xsi:nil="true" />
      </identifier>
    </identifiers>
    <brandName>Aligned Medical Solutions</brandName>
    <versionModelNumber>VMIMPACKAA</versionModelNumber>
    <catalogNumber>VMIMPACKAA</catalogNumber>
    <dunsNumber>106580145</dunsNumber>
    <companyName>Aligned Medical Solutions</companyName>
    <deviceCount>1</deviceCount>
    <deviceDescription>Dental Implant Pack Custom</deviceDescription>
    <DMExempt>false</DMExempt>
    <premarketExempt>true</premarketExempt>
    <deviceHCTP>false</deviceHCTP>
    <deviceKit>true</deviceKit>
    <deviceCombinationProduct>false</deviceCombinationProduct>
    <singleUse>true</singleUse>
    <lotBatch>true</lotBatch>
    <serialNumber>false</serialNumber>
    <manufacturingDate>true</manufacturingDate>
    <expirationDate>true</expirationDate>
    <donationIdNumber>false</donationIdNumber>
    <labeledContainsNRL>false</labeledContainsNRL>
    <labeledNoNRL>false</labeledNoNRL>
    <MRISafetyStatus>Labeling does not contain MRI Safety Information</MRISafetyStatus>
    <rx>true</rx>
    <otc>false</otc>
    <contacts>
      <customerContact>
        <phone>+1(888)637-7056</phone>
        <phoneExtension xsi:nil="true" />
        <email>customerservice@alignedmedicalsolutions.com</email>
      </customerContact>
    </contacts>
    <gmdnTerms>
      <gmdn>
        <gmdnCode>45148</gmdnCode>
        <gmdnPTName>Dental/maxillofacial surgical procedure kit, non-medicated, single-use</gmdnPTName>
        <gmdnPTDefinition>A collection of various sterile dental/surgical instruments, dressings and the necessary materials intended to be used to perform a dental or oral/maxillofacial surgical procedure. It does not contain any pharmaceuticals. This is a single-use device.</gmdnPTDefinition>
        <implantable>false</implantable>
        <gmdnCodeStatus>Active</gmdnCodeStatus>
      </gmdn>
    </gmdnTerms>
    <productCodes>
      <fdaProductCode>
        <productCode>OFX</productCode>
        <productCodeName>General purpose dental tray</productCodeName>
      </fdaProductCode>
    </productCodes>
    <deviceSizes />
    <environmentalConditions>
      <storageHandling>
        <storageHandlingType>Storage Environment Temperature</storageHandlingType>
        <storageHandlingHigh value="30" unit="Degrees Celsius" />
        <storageHandlingLow value="15" unit="Degrees Celsius" />
        <storageHandlingSpecialConditionText xsi:nil="true" />
      </storageHandling>
    </environmentalConditions>
    <sterilization>
      <deviceSterile>true</deviceSterile>
      <sterilizationPriorToUse>false</sterilizationPriorToUse>
      <methodTypes />
    </sterilization>
  </device>
  <device xmlns:xsi="http://www.w3.org/2001/XMLSchema-instance" xmlns="http://www.fda.gov/cdrh/gudid">
    <publicDeviceRecordKey>0ecd2428-40a9-44ca-b1e9-134d60c37128</publicDeviceRecordKey>
    <publicVersionStatus>Update</publicVersionStatus>
    <deviceRecordStatus>Published</deviceRecordStatus>
    <!--Note: publicVersionNumber is system generated and assigned to all device records to track public release updates to a device record-->
    <publicVersionNumber>2</publicVersionNumber>
    <publicVersionDate>2019-05-07</publicVersionDate>
    <devicePublishDate>2018-11-14</devicePublishDate>
    <deviceCommDistributionEndDate xsi:nil="true" />
    <deviceCommDistributionStatus>In Commercial Distribution</deviceCommDistributionStatus>
    <identifiers>
      <identifier>
        <deviceId>B098VMIMPACKA1</deviceId>
        <deviceIdType>Package</deviceIdType>
        <deviceIdIssuingAgency>HIBCC</deviceIdIssuingAgency>
        <containsDINumber>B098VMIMPACKA0</containsDINumber>
        <pkgQuantity>10</pkgQuantity>
        <pkgDiscontinueDate xsi:nil="true" />
        <pkgStatus>In Commercial Distribution</pkgStatus>
        <pkgType>case</pkgType>
      </identifier>
      <identifier>
        <deviceId>B098VMIMPACKA0</deviceId>
        <deviceIdType>Primary</deviceIdType>
        <deviceIdIssuingAgency>HIBCC</deviceIdIssuingAgency>
        <containsDINumber xsi:nil="true" />
        <pkgQuantity xsi:nil="true" />
        <pkgDiscontinueDate xsi:nil="true" />
        <pkgStatus xsi:nil="true" />
        <pkgType xsi:nil="true" />
      </identifier>
    </identifiers>
    <brandName>Aligned Medical Solutions</brandName>
    <versionModelNumber>VMIMPACKA</versionModelNumber>
    <catalogNumber>VMIMPACKA</catalogNumber>
    <dunsNumber>106580145</dunsNumber>
    <companyName>Aligned Medical Solutions</companyName>
    <deviceCount>1</deviceCount>
    <deviceDescription>Dental Implant Pack Custom</deviceDescription>
    <DMExempt>false</DMExempt>
    <premarketExempt>true</premarketExempt>
    <deviceHCTP>false</deviceHCTP>
    <deviceKit>true</deviceKit>
    <deviceCombinationProduct>false</deviceCombinationProduct>
    <singleUse>true</singleUse>
    <lotBatch>true</lotBatch>
    <serialNumber>false</serialNumber>
    <manufacturingDate>true</manufacturingDate>
    <expirationDate>true</expirationDate>
    <donationIdNumber>false</donationIdNumber>
    <labeledContainsNRL>false</labeledContainsNRL>
    <labeledNoNRL>false</labeledNoNRL>
    <MRISafetyStatus>Labeling does not contain MRI Safety Information</MRISafetyStatus>
    <rx>true</rx>
    <otc>false</otc>
    <contacts>
      <customerContact>
        <phone>+1(888)637-7056</phone>
        <phoneExtension xsi:nil="true" />
        <email>customerservice@alignedmedicalsolutions.com</email>
      </customerContact>
    </contacts>
    <gmdnTerms>
      <gmdn>
        <gmdnCode>45148</gmdnCode>
        <gmdnPTName>Dental/maxillofacial surgical procedure kit, non-medicated, single-use</gmdnPTName>
        <gmdnPTDefinition>A collection of various sterile dental/surgical instruments, dressings and the necessary materials intended to be used to perform a dental or oral/maxillofacial surgical procedure. It does not contain any pharmaceuticals. This is a single-use device.</gmdnPTDefinition>
        <implantable>false</implantable>
        <gmdnCodeStatus>Active</gmdnCodeStatus>
      </gmdn>
    </gmdnTerms>
    <productCodes>
      <fdaProductCode>
        <productCode>OFX</productCode>
        <productCodeName>General purpose dental tray</productCodeName>
      </fdaProductCode>
    </productCodes>
    <deviceSizes />
    <environmentalConditions>
      <storageHandling>
        <storageHandlingType>Storage Environment Temperature</storageHandlingType>
        <storageHandlingHigh value="30" unit="Degrees Celsius" />
        <storageHandlingLow value="15" unit="Degrees Celsius" />
        <storageHandlingSpecialConditionText xsi:nil="true" />
      </storageHandling>
    </environmentalConditions>
    <sterilization>
      <deviceSterile>true</deviceSterile>
      <sterilizationPriorToUse>false</sterilizationPriorToUse>
      <methodTypes />
    </sterilization>
  </device>
  <device xmlns:xsi="http://www.w3.org/2001/XMLSchema-instance" xmlns="http://www.fda.gov/cdrh/gudid">
    <publicDeviceRecordKey>07093dca-8d64-418f-846c-80ea234fc3bf</publicDeviceRecordKey>
    <publicVersionStatus>Update</publicVersionStatus>
    <deviceRecordStatus>Published</deviceRecordStatus>
    <!--Note: publicVersionNumber is system generated and assigned to all device records to track public release updates to a device record-->
    <publicVersionNumber>2</publicVersionNumber>
    <publicVersionDate>2019-05-07</publicVersionDate>
    <devicePublishDate>2018-11-14</devicePublishDate>
    <deviceCommDistributionEndDate xsi:nil="true" />
    <deviceCommDistributionStatus>In Commercial Distribution</deviceCommDistributionStatus>
    <identifiers>
      <identifier>
        <deviceId>B098VMEXPACK1</deviceId>
        <deviceIdType>Package</deviceIdType>
        <deviceIdIssuingAgency>HIBCC</deviceIdIssuingAgency>
        <containsDINumber>B098VMEXPACK0</containsDINumber>
        <pkgQuantity>20</pkgQuantity>
        <pkgDiscontinueDate xsi:nil="true" />
        <pkgStatus>In Commercial Distribution</pkgStatus>
        <pkgType>case</pkgType>
      </identifier>
      <identifier>
        <deviceId>B098VMEXPACK0</deviceId>
        <deviceIdType>Primary</deviceIdType>
        <deviceIdIssuingAgency>HIBCC</deviceIdIssuingAgency>
        <containsDINumber xsi:nil="true" />
        <pkgQuantity xsi:nil="true" />
        <pkgDiscontinueDate xsi:nil="true" />
        <pkgStatus xsi:nil="true" />
        <pkgType xsi:nil="true" />
      </identifier>
    </identifiers>
    <brandName>Aligned Medical Solutions</brandName>
    <versionModelNumber>VMEXPACK</versionModelNumber>
    <catalogNumber>VMEXPACK</catalogNumber>
    <dunsNumber>106580145</dunsNumber>
    <companyName>Aligned Medical Solutions</companyName>
    <deviceCount>1</deviceCount>
    <deviceDescription>Dental Extraction Pack</deviceDescription>
    <DMExempt>false</DMExempt>
    <premarketExempt>true</premarketExempt>
    <deviceHCTP>false</deviceHCTP>
    <deviceKit>true</deviceKit>
    <deviceCombinationProduct>false</deviceCombinationProduct>
    <singleUse>true</singleUse>
    <lotBatch>true</lotBatch>
    <serialNumber>false</serialNumber>
    <manufacturingDate>true</manufacturingDate>
    <expirationDate>true</expirationDate>
    <donationIdNumber>false</donationIdNumber>
    <labeledContainsNRL>false</labeledContainsNRL>
    <labeledNoNRL>false</labeledNoNRL>
    <MRISafetyStatus>Labeling does not contain MRI Safety Information</MRISafetyStatus>
    <rx>true</rx>
    <otc>false</otc>
    <contacts>
      <customerContact>
        <phone>+1(888)637-7056</phone>
        <phoneExtension xsi:nil="true" />
        <email>customerservice@alignedmedicalsolutions.com</email>
      </customerContact>
    </contacts>
    <gmdnTerms>
      <gmdn>
        <gmdnCode>45148</gmdnCode>
        <gmdnPTName>Dental/maxillofacial surgical procedure kit, non-medicated, single-use</gmdnPTName>
        <gmdnPTDefinition>A collection of various sterile dental/surgical instruments, dressings and the necessary materials intended to be used to perform a dental or oral/maxillofacial surgical procedure. It does not contain any pharmaceuticals. This is a single-use device.</gmdnPTDefinition>
        <implantable>false</implantable>
        <gmdnCodeStatus>Active</gmdnCodeStatus>
      </gmdn>
    </gmdnTerms>
    <productCodes>
      <fdaProductCode>
        <productCode>OFX</productCode>
        <productCodeName>General purpose dental tray</productCodeName>
      </fdaProductCode>
    </productCodes>
    <deviceSizes />
    <environmentalConditions>
      <storageHandling>
        <storageHandlingType>Storage Environment Temperature</storageHandlingType>
        <storageHandlingHigh value="30" unit="Degrees Celsius" />
        <storageHandlingLow value="15" unit="Degrees Celsius" />
        <storageHandlingSpecialConditionText xsi:nil="true" />
      </storageHandling>
    </environmentalConditions>
    <sterilization>
      <deviceSterile>true</deviceSterile>
      <sterilizationPriorToUse>false</sterilizationPriorToUse>
      <methodTypes />
    </sterilization>
  </device>
  <device xmlns:xsi="http://www.w3.org/2001/XMLSchema-instance" xmlns="http://www.fda.gov/cdrh/gudid">
    <publicDeviceRecordKey>14e9d281-d82a-461f-ab42-d45d7d4e19e1</publicDeviceRecordKey>
    <publicVersionStatus>New</publicVersionStatus>
    <deviceRecordStatus>Published</deviceRecordStatus>
    <!--Note: publicVersionNumber is system generated and assigned to all device records to track public release updates to a device record-->
    <publicVersionNumber>1</publicVersionNumber>
    <publicVersionDate>2023-08-08</publicVersionDate>
    <devicePublishDate>2023-07-31</devicePublishDate>
    <deviceCommDistributionEndDate xsi:nil="true" />
    <deviceCommDistributionStatus>In Commercial Distribution</deviceCommDistributionStatus>
    <identifiers>
      <identifier>
        <deviceId>B098VMBASICIMPACKA1</deviceId>
        <deviceIdType>Package</deviceIdType>
        <deviceIdIssuingAgency>HIBCC</deviceIdIssuingAgency>
        <containsDINumber>B098VMBASICIMPACKA0</containsDINumber>
        <pkgQuantity>10</pkgQuantity>
        <pkgDiscontinueDate xsi:nil="true" />
        <pkgStatus>In Commercial Distribution</pkgStatus>
        <pkgType>CASE</pkgType>
      </identifier>
      <identifier>
        <deviceId>B098VMBASICIMPACKA0</deviceId>
        <deviceIdType>Primary</deviceIdType>
        <deviceIdIssuingAgency>HIBCC</deviceIdIssuingAgency>
        <containsDINumber xsi:nil="true" />
        <pkgQuantity xsi:nil="true" />
        <pkgDiscontinueDate xsi:nil="true" />
        <pkgStatus xsi:nil="true" />
        <pkgType xsi:nil="true" />
      </identifier>
    </identifiers>
    <brandName>Aligned Medical Solutions</brandName>
    <versionModelNumber>VMBASICIMPACKA</versionModelNumber>
    <catalogNumber>VMBASICIMPACKA</catalogNumber>
    <dunsNumber>106580145</dunsNumber>
    <companyName>Aligned Medical Solutions</companyName>
    <deviceCount>1</deviceCount>
    <deviceDescription>BASIC IMPLANT PACK 
</deviceDescription>
    <DMExempt>false</DMExempt>
    <premarketExempt>true</premarketExempt>
    <deviceHCTP>false</deviceHCTP>
    <deviceKit>true</deviceKit>
    <deviceCombinationProduct>false</deviceCombinationProduct>
    <singleUse>true</singleUse>
    <lotBatch>true</lotBatch>
    <serialNumber>false</serialNumber>
    <manufacturingDate>true</manufacturingDate>
    <expirationDate>true</expirationDate>
    <donationIdNumber>false</donationIdNumber>
    <labeledContainsNRL>false</labeledContainsNRL>
    <labeledNoNRL>false</labeledNoNRL>
    <MRISafetyStatus>Labeling does not contain MRI Safety Information</MRISafetyStatus>
    <rx>true</rx>
    <otc>false</otc>
    <contacts>
      <customerContact>
        <phone>+1(800)637-7056</phone>
        <phoneExtension xsi:nil="true" />
        <email>customerservice@alignedmedicalsolutions.com</email>
      </customerContact>
    </contacts>
    <gmdnTerms>
      <gmdn>
        <gmdnCode>45148</gmdnCode>
        <gmdnPTName>Dental/maxillofacial surgical procedure kit, non-medicated, single-use</gmdnPTName>
        <gmdnPTDefinition>A collection of various sterile dental/surgical instruments, dressings and the necessary materials intended to be used to perform a dental or oral/maxillofacial surgical procedure. It does not contain any pharmaceuticals. This is a single-use device.</gmdnPTDefinition>
        <implantable>false</implantable>
        <gmdnCodeStatus>Active</gmdnCodeStatus>
      </gmdn>
    </gmdnTerms>
    <productCodes>
      <fdaProductCode>
        <productCode>OFX</productCode>
        <productCodeName>General Purpose Dental Tray</productCodeName>
      </fdaProductCode>
    </productCodes>
    <deviceSizes />
    <environmentalConditions>
      <storageHandling>
        <storageHandlingType>Storage Environment Temperature</storageHandlingType>
        <storageHandlingHigh value="30" unit="Degrees Celsius" />
        <storageHandlingLow value="15" unit="Degrees Celsius" />
        <storageHandlingSpecialConditionText xsi:nil="true" />
      </storageHandling>
    </environmentalConditions>
    <sterilization>
      <deviceSterile>true</deviceSterile>
      <sterilizationPriorToUse>false</sterilizationPriorToUse>
      <methodTypes />
    </sterilization>
  </device>
  <device xmlns:xsi="http://www.w3.org/2001/XMLSchema-instance" xmlns="http://www.fda.gov/cdrh/gudid">
    <publicDeviceRecordKey>abe42ceb-6750-4eb0-9df7-e8b52218415a</publicDeviceRecordKey>
    <publicVersionStatus>Update</publicVersionStatus>
    <deviceRecordStatus>Published</deviceRecordStatus>
    <!--Note: publicVersionNumber is system generated and assigned to all device records to track public release updates to a device record-->
    <publicVersionNumber>2</publicVersionNumber>
    <publicVersionDate>2019-05-07</publicVersionDate>
    <devicePublishDate>2018-11-14</devicePublishDate>
    <deviceCommDistributionEndDate xsi:nil="true" />
    <deviceCommDistributionStatus>In Commercial Distribution</deviceCommDistributionStatus>
    <identifiers>
      <identifier>
        <deviceId>B098VMBASICIMPACK1</deviceId>
        <deviceIdType>Package</deviceIdType>
        <deviceIdIssuingAgency>HIBCC</deviceIdIssuingAgency>
        <containsDINumber>B098VMBASICIMPACK0</containsDINumber>
        <pkgQuantity>15</pkgQuantity>
        <pkgDiscontinueDate xsi:nil="true" />
        <pkgStatus>In Commercial Distribution</pkgStatus>
        <pkgType>case</pkgType>
      </identifier>
      <identifier>
        <deviceId>B098VMBASICIMPACK0</deviceId>
        <deviceIdType>Primary</deviceIdType>
        <deviceIdIssuingAgency>HIBCC</deviceIdIssuingAgency>
        <containsDINumber xsi:nil="true" />
        <pkgQuantity xsi:nil="true" />
        <pkgDiscontinueDate xsi:nil="true" />
        <pkgStatus xsi:nil="true" />
        <pkgType xsi:nil="true" />
      </identifier>
    </identifiers>
    <brandName>Aligned Medical Solutions</brandName>
    <versionModelNumber>VMBASICIMPACK</versionModelNumber>
    <catalogNumber>VMBASICIMPACK</catalogNumber>
    <dunsNumber>106580145</dunsNumber>
    <companyName>Aligned Medical Solutions</companyName>
    <deviceCount>1</deviceCount>
    <deviceDescription>Basic Implant Pack</deviceDescription>
    <DMExempt>false</DMExempt>
    <premarketExempt>true</premarketExempt>
    <deviceHCTP>false</deviceHCTP>
    <deviceKit>true</deviceKit>
    <deviceCombinationProduct>false</deviceCombinationProduct>
    <singleUse>true</singleUse>
    <lotBatch>true</lotBatch>
    <serialNumber>false</serialNumber>
    <manufacturingDate>true</manufacturingDate>
    <expirationDate>true</expirationDate>
    <donationIdNumber>false</donationIdNumber>
    <labeledContainsNRL>false</labeledContainsNRL>
    <labeledNoNRL>false</labeledNoNRL>
    <MRISafetyStatus>Labeling does not contain MRI Safety Information</MRISafetyStatus>
    <rx>true</rx>
    <otc>false</otc>
    <contacts>
      <customerContact>
        <phone>+1(888)637-7056</phone>
        <phoneExtension xsi:nil="true" />
        <email>customerservice@alignedmedicalsolutions.com</email>
      </customerContact>
    </contacts>
    <gmdnTerms>
      <gmdn>
        <gmdnCode>45148</gmdnCode>
        <gmdnPTName>Dental/maxillofacial surgical procedure kit, non-medicated, single-use</gmdnPTName>
        <gmdnPTDefinition>A collection of various sterile dental/surgical instruments, dressings and the necessary materials intended to be used to perform a dental or oral/maxillofacial surgical procedure. It does not contain any pharmaceuticals. This is a single-use device.</gmdnPTDefinition>
        <implantable>false</implantable>
        <gmdnCodeStatus>Active</gmdnCodeStatus>
      </gmdn>
    </gmdnTerms>
    <productCodes>
      <fdaProductCode>
        <productCode>OFX</productCode>
        <productCodeName>General purpose dental tray</productCodeName>
      </fdaProductCode>
    </productCodes>
    <deviceSizes />
    <environmentalConditions>
      <storageHandling>
        <storageHandlingType>Storage Environment Temperature</storageHandlingType>
        <storageHandlingHigh value="30" unit="Degrees Celsius" />
        <storageHandlingLow value="15" unit="Degrees Celsius" />
        <storageHandlingSpecialConditionText xsi:nil="true" />
      </storageHandling>
    </environmentalConditions>
    <sterilization>
      <deviceSterile>true</deviceSterile>
      <sterilizationPriorToUse>false</sterilizationPriorToUse>
      <methodTypes />
    </sterilization>
  </device>
  <device xmlns:xsi="http://www.w3.org/2001/XMLSchema-instance" xmlns="http://www.fda.gov/cdrh/gudid">
    <publicDeviceRecordKey>49430516-cc87-49ce-b76b-5283618ff059</publicDeviceRecordKey>
    <publicVersionStatus>New</publicVersionStatus>
    <deviceRecordStatus>Published</deviceRecordStatus>
    <!--Note: publicVersionNumber is system generated and assigned to all device records to track public release updates to a device record-->
    <publicVersionNumber>1</publicVersionNumber>
    <publicVersionDate>2023-07-18</publicVersionDate>
    <devicePublishDate>2023-07-10</devicePublishDate>
    <deviceCommDistributionEndDate xsi:nil="true" />
    <deviceCommDistributionStatus>In Commercial Distribution</deviceCommDistributionStatus>
    <identifiers>
      <identifier>
        <deviceId>B098PSS2457C1</deviceId>
        <deviceIdType>Package</deviceIdType>
        <deviceIdIssuingAgency>HIBCC</deviceIdIssuingAgency>
        <containsDINumber>B098PSS2457C0</containsDINumber>
        <pkgQuantity>8</pkgQuantity>
        <pkgDiscontinueDate xsi:nil="true" />
        <pkgStatus>In Commercial Distribution</pkgStatus>
        <pkgType>CASE</pkgType>
      </identifier>
      <identifier>
        <deviceId>B098PSS2457C0</deviceId>
        <deviceIdType>Primary</deviceIdType>
        <deviceIdIssuingAgency>HIBCC</deviceIdIssuingAgency>
        <containsDINumber xsi:nil="true" />
        <pkgQuantity xsi:nil="true" />
        <pkgDiscontinueDate xsi:nil="true" />
        <pkgStatus xsi:nil="true" />
        <pkgType xsi:nil="true" />
      </identifier>
    </identifiers>
    <brandName>Aligned Medical Solutions</brandName>
    <versionModelNumber>PSS2457C</versionModelNumber>
    <catalogNumber>PSS2457C</catalogNumber>
    <dunsNumber>106580145</dunsNumber>
    <companyName>Aligned Medical Solutions</companyName>
    <deviceCount>1</deviceCount>
    <deviceDescription>IMPLANT PACK</deviceDescription>
    <DMExempt>false</DMExempt>
    <premarketExempt>true</premarketExempt>
    <deviceHCTP>false</deviceHCTP>
    <deviceKit>true</deviceKit>
    <deviceCombinationProduct>false</deviceCombinationProduct>
    <singleUse>true</singleUse>
    <lotBatch>true</lotBatch>
    <serialNumber>false</serialNumber>
    <manufacturingDate>true</manufacturingDate>
    <expirationDate>true</expirationDate>
    <donationIdNumber>false</donationIdNumber>
    <labeledContainsNRL>false</labeledContainsNRL>
    <labeledNoNRL>false</labeledNoNRL>
    <MRISafetyStatus>Labeling does not contain MRI Safety Information</MRISafetyStatus>
    <rx>true</rx>
    <otc>false</otc>
    <contacts>
      <customerContact>
        <phone>18006377056</phone>
        <phoneExtension xsi:nil="true" />
        <email>CUSTOMESERVICE@ALIGNEDMEDICALSOLUTIONS.COM</email>
      </customerContact>
    </contacts>
    <gmdnTerms>
      <gmdn>
        <gmdnCode>45148</gmdnCode>
        <gmdnPTName>Dental/maxillofacial surgical procedure kit, non-medicated, single-use</gmdnPTName>
        <gmdnPTDefinition>A collection of various sterile dental/surgical instruments, dressings and the necessary materials intended to be used to perform a dental or oral/maxillofacial surgical procedure. It does not contain any pharmaceuticals. This is a single-use device.</gmdnPTDefinition>
        <implantable>false</implantable>
        <gmdnCodeStatus>Active</gmdnCodeStatus>
      </gmdn>
    </gmdnTerms>
    <productCodes>
      <fdaProductCode>
        <productCode>OFX</productCode>
        <productCodeName>General Purpose Dental Tray</productCodeName>
      </fdaProductCode>
    </productCodes>
    <deviceSizes />
    <environmentalConditions>
      <storageHandling>
        <storageHandlingType>Storage Environment Temperature</storageHandlingType>
        <storageHandlingHigh value="30" unit="Degrees Celsius" />
        <storageHandlingLow value="15" unit="Degrees Celsius" />
        <storageHandlingSpecialConditionText xsi:nil="true" />
      </storageHandling>
    </environmentalConditions>
    <sterilization>
      <deviceSterile>true</deviceSterile>
      <sterilizationPriorToUse>false</sterilizationPriorToUse>
      <methodTypes />
    </sterilization>
  </device>
  <device xmlns:xsi="http://www.w3.org/2001/XMLSchema-instance" xmlns="http://www.fda.gov/cdrh/gudid">
    <publicDeviceRecordKey>d51f596f-73c1-445f-b8f7-a12fbd185603</publicDeviceRecordKey>
    <publicVersionStatus>Update</publicVersionStatus>
    <deviceRecordStatus>Published</deviceRecordStatus>
    <!--Note: publicVersionNumber is system generated and assigned to all device records to track public release updates to a device record-->
    <publicVersionNumber>2</publicVersionNumber>
    <publicVersionDate>2019-05-07</publicVersionDate>
    <devicePublishDate>2018-11-14</devicePublishDate>
    <deviceCommDistributionEndDate xsi:nil="true" />
    <deviceCommDistributionStatus>In Commercial Distribution</deviceCommDistributionStatus>
    <identifiers>
      <identifier>
        <deviceId>B098PSS2457B1</deviceId>
        <deviceIdType>Package</deviceIdType>
        <deviceIdIssuingAgency>HIBCC</deviceIdIssuingAgency>
        <containsDINumber>B098PSS2457B0</containsDINumber>
        <pkgQuantity>8</pkgQuantity>
        <pkgDiscontinueDate xsi:nil="true" />
        <pkgStatus>In Commercial Distribution</pkgStatus>
        <pkgType>case</pkgType>
      </identifier>
      <identifier>
        <deviceId>B098PSS2457B0</deviceId>
        <deviceIdType>Primary</deviceIdType>
        <deviceIdIssuingAgency>HIBCC</deviceIdIssuingAgency>
        <containsDINumber xsi:nil="true" />
        <pkgQuantity xsi:nil="true" />
        <pkgDiscontinueDate xsi:nil="true" />
        <pkgStatus xsi:nil="true" />
        <pkgType xsi:nil="true" />
      </identifier>
    </identifiers>
    <brandName>Aligned Medical Solutions</brandName>
    <versionModelNumber>PSS2457B</versionModelNumber>
    <catalogNumber>PSS2457B</catalogNumber>
    <dunsNumber>106580145</dunsNumber>
    <companyName>Aligned Medical Solutions</companyName>
    <deviceCount>1</deviceCount>
    <deviceDescription>Implant Pack</deviceDescription>
    <DMExempt>false</DMExempt>
    <premarketExempt>true</premarketExempt>
    <deviceHCTP>false</deviceHCTP>
    <deviceKit>true</deviceKit>
    <deviceCombinationProduct>false</deviceCombinationProduct>
    <singleUse>true</singleUse>
    <lotBatch>true</lotBatch>
    <serialNumber>false</serialNumber>
    <manufacturingDate>true</manufacturingDate>
    <expirationDate>true</expirationDate>
    <donationIdNumber>false</donationIdNumber>
    <labeledContainsNRL>false</labeledContainsNRL>
    <labeledNoNRL>false</labeledNoNRL>
    <MRISafetyStatus>Labeling does not contain MRI Safety Information</MRISafetyStatus>
    <rx>true</rx>
    <otc>false</otc>
    <contacts>
      <customerContact>
        <phone>+1(888)637-7056</phone>
        <phoneExtension xsi:nil="true" />
        <email>customerservice@alignedmedicalsolutions.com</email>
      </customerContact>
    </contacts>
    <gmdnTerms>
      <gmdn>
        <gmdnCode>45148</gmdnCode>
        <gmdnPTName>Dental/maxillofacial surgical procedure kit, non-medicated, single-use</gmdnPTName>
        <gmdnPTDefinition>A collection of various sterile dental/surgical instruments, dressings and the necessary materials intended to be used to perform a dental or oral/maxillofacial surgical procedure. It does not contain any pharmaceuticals. This is a single-use device.</gmdnPTDefinition>
        <implantable>false</implantable>
        <gmdnCodeStatus>Active</gmdnCodeStatus>
      </gmdn>
    </gmdnTerms>
    <productCodes>
      <fdaProductCode>
        <productCode>OFX</productCode>
        <productCodeName>General purpose dental tray</productCodeName>
      </fdaProductCode>
    </productCodes>
    <deviceSizes />
    <environmentalConditions>
      <storageHandling>
        <storageHandlingType>Storage Environment Temperature</storageHandlingType>
        <storageHandlingHigh value="30" unit="Degrees Celsius" />
        <storageHandlingLow value="15" unit="Degrees Celsius" />
        <storageHandlingSpecialConditionText xsi:nil="true" />
      </storageHandling>
    </environmentalConditions>
    <sterilization>
      <deviceSterile>true</deviceSterile>
      <sterilizationPriorToUse>false</sterilizationPriorToUse>
      <methodTypes />
    </sterilization>
  </device>
  <device xmlns:xsi="http://www.w3.org/2001/XMLSchema-instance" xmlns="http://www.fda.gov/cdrh/gudid">
    <publicDeviceRecordKey>5271724e-0b7d-4373-b5b9-9c9e473fc812</publicDeviceRecordKey>
    <publicVersionStatus>Update</publicVersionStatus>
    <deviceRecordStatus>Published</deviceRecordStatus>
    <!--Note: publicVersionNumber is system generated and assigned to all device records to track public release updates to a device record-->
    <publicVersionNumber>2</publicVersionNumber>
    <publicVersionDate>2019-05-07</publicVersionDate>
    <devicePublishDate>2018-11-14</devicePublishDate>
    <deviceCommDistributionEndDate xsi:nil="true" />
    <deviceCommDistributionStatus>In Commercial Distribution</deviceCommDistributionStatus>
    <identifiers>
      <identifier>
        <deviceId>B098PSS1788B1</deviceId>
        <deviceIdType>Package</deviceIdType>
        <deviceIdIssuingAgency>HIBCC</deviceIdIssuingAgency>
        <containsDINumber>B098PSS1788B0</containsDINumber>
        <pkgQuantity>12</pkgQuantity>
        <pkgDiscontinueDate xsi:nil="true" />
        <pkgStatus>In Commercial Distribution</pkgStatus>
        <pkgType>case</pkgType>
      </identifier>
      <identifier>
        <deviceId>B098PSS1788B0</deviceId>
        <deviceIdType>Primary</deviceIdType>
        <deviceIdIssuingAgency>HIBCC</deviceIdIssuingAgency>
        <containsDINumber xsi:nil="true" />
        <pkgQuantity xsi:nil="true" />
        <pkgDiscontinueDate xsi:nil="true" />
        <pkgStatus xsi:nil="true" />
        <pkgType xsi:nil="true" />
      </identifier>
    </identifiers>
    <brandName>Aligned Medical Solutions</brandName>
    <versionModelNumber>PSS1788B</versionModelNumber>
    <catalogNumber>PSS1788B</catalogNumber>
    <dunsNumber>106580145</dunsNumber>
    <companyName>Aligned Medical Solutions</companyName>
    <deviceCount>1</deviceCount>
    <deviceDescription>Implant Pack</deviceDescription>
    <DMExempt>false</DMExempt>
    <premarketExempt>true</premarketExempt>
    <deviceHCTP>false</deviceHCTP>
    <deviceKit>true</deviceKit>
    <deviceCombinationProduct>false</deviceCombinationProduct>
    <singleUse>true</singleUse>
    <lotBatch>true</lotBatch>
    <serialNumber>false</serialNumber>
    <manufacturingDate>true</manufacturingDate>
    <expirationDate>true</expirationDate>
    <donationIdNumber>false</donationIdNumber>
    <labeledContainsNRL>false</labeledContainsNRL>
    <labeledNoNRL>false</labeledNoNRL>
    <MRISafetyStatus>Labeling does not contain MRI Safety Information</MRISafetyStatus>
    <rx>true</rx>
    <otc>false</otc>
    <contacts>
      <customerContact>
        <phone>+1(888)637-7056</phone>
        <phoneExtension xsi:nil="true" />
        <email>customerservice@alignedmedicalsolutions.com</email>
      </customerContact>
    </contacts>
    <gmdnTerms>
      <gmdn>
        <gmdnCode>45148</gmdnCode>
        <gmdnPTName>Dental/maxillofacial surgical procedure kit, non-medicated, single-use</gmdnPTName>
        <gmdnPTDefinition>A collection of various sterile dental/surgical instruments, dressings and the necessary materials intended to be used to perform a dental or oral/maxillofacial surgical procedure. It does not contain any pharmaceuticals. This is a single-use device.</gmdnPTDefinition>
        <implantable>false</implantable>
        <gmdnCodeStatus>Active</gmdnCodeStatus>
      </gmdn>
    </gmdnTerms>
    <productCodes>
      <fdaProductCode>
        <productCode>OFX</productCode>
        <productCodeName>General purpose dental tray</productCodeName>
      </fdaProductCode>
    </productCodes>
    <deviceSizes />
    <environmentalConditions>
      <storageHandling>
        <storageHandlingType>Storage Environment Temperature</storageHandlingType>
        <storageHandlingHigh value="30" unit="Degrees Celsius" />
        <storageHandlingLow value="15" unit="Degrees Celsius" />
        <storageHandlingSpecialConditionText xsi:nil="true" />
      </storageHandling>
    </environmentalConditions>
    <sterilization>
      <deviceSterile>true</deviceSterile>
      <sterilizationPriorToUse>false</sterilizationPriorToUse>
      <methodTypes />
    </sterilization>
  </device>
  <device xmlns:xsi="http://www.w3.org/2001/XMLSchema-instance" xmlns="http://www.fda.gov/cdrh/gudid">
    <publicDeviceRecordKey>baef14a0-f48e-401d-8336-da8a505753ee</publicDeviceRecordKey>
    <publicVersionStatus>Update</publicVersionStatus>
    <deviceRecordStatus>Published</deviceRecordStatus>
    <!--Note: publicVersionNumber is system generated and assigned to all device records to track public release updates to a device record-->
    <publicVersionNumber>2</publicVersionNumber>
    <publicVersionDate>2019-05-07</publicVersionDate>
    <devicePublishDate>2018-11-14</devicePublishDate>
    <deviceCommDistributionEndDate xsi:nil="true" />
    <deviceCommDistributionStatus>In Commercial Distribution</deviceCommDistributionStatus>
    <identifiers>
      <identifier>
        <deviceId>B098CPA264041</deviceId>
        <deviceIdType>Package</deviceIdType>
        <deviceIdIssuingAgency>HIBCC</deviceIdIssuingAgency>
        <containsDINumber>B098CPA264040</containsDINumber>
        <pkgQuantity>8</pkgQuantity>
        <pkgDiscontinueDate xsi:nil="true" />
        <pkgStatus>In Commercial Distribution</pkgStatus>
        <pkgType>case</pkgType>
      </identifier>
      <identifier>
        <deviceId>B098CPA264040</deviceId>
        <deviceIdType>Primary</deviceIdType>
        <deviceIdIssuingAgency>HIBCC</deviceIdIssuingAgency>
        <containsDINumber xsi:nil="true" />
        <pkgQuantity xsi:nil="true" />
        <pkgDiscontinueDate xsi:nil="true" />
        <pkgStatus xsi:nil="true" />
        <pkgType xsi:nil="true" />
      </identifier>
    </identifiers>
    <brandName>Aligned Medical Solutions</brandName>
    <versionModelNumber>CPA26404</versionModelNumber>
    <catalogNumber>CPA26404</catalogNumber>
    <dunsNumber>106580145</dunsNumber>
    <companyName>Aligned Medical Solutions</companyName>
    <deviceCount>1</deviceCount>
    <deviceDescription>Dental Pack Dr Foster</deviceDescription>
    <DMExempt>false</DMExempt>
    <premarketExempt>true</premarketExempt>
    <deviceHCTP>false</deviceHCTP>
    <deviceKit>true</deviceKit>
    <deviceCombinationProduct>false</deviceCombinationProduct>
    <singleUse>true</singleUse>
    <lotBatch>true</lotBatch>
    <serialNumber>false</serialNumber>
    <manufacturingDate>true</manufacturingDate>
    <expirationDate>true</expirationDate>
    <donationIdNumber>false</donationIdNumber>
    <labeledContainsNRL>false</labeledContainsNRL>
    <labeledNoNRL>false</labeledNoNRL>
    <MRISafetyStatus>Labeling does not contain MRI Safety Information</MRISafetyStatus>
    <rx>true</rx>
    <otc>false</otc>
    <contacts>
      <customerContact>
        <phone>+1(888)637-7056</phone>
        <phoneExtension xsi:nil="true" />
        <email>customerservice@alignedmedicalsolutions.com</email>
      </customerContact>
    </contacts>
    <gmdnTerms>
      <gmdn>
        <gmdnCode>45148</gmdnCode>
        <gmdnPTName>Dental/maxillofacial surgical procedure kit, non-medicated, single-use</gmdnPTName>
        <gmdnPTDefinition>A collection of various sterile dental/surgical instruments, dressings and the necessary materials intended to be used to perform a dental or oral/maxillofacial surgical procedure. It does not contain any pharmaceuticals. This is a single-use device.</gmdnPTDefinition>
        <implantable>false</implantable>
        <gmdnCodeStatus>Active</gmdnCodeStatus>
      </gmdn>
    </gmdnTerms>
    <productCodes>
      <fdaProductCode>
        <productCode>OFX</productCode>
        <productCodeName>General purpose dental tray</productCodeName>
      </fdaProductCode>
    </productCodes>
    <deviceSizes />
    <environmentalConditions>
      <storageHandling>
        <storageHandlingType>Storage Environment Temperature</storageHandlingType>
        <storageHandlingHigh value="30" unit="Degrees Celsius" />
        <storageHandlingLow value="15" unit="Degrees Celsius" />
        <storageHandlingSpecialConditionText xsi:nil="true" />
      </storageHandling>
    </environmentalConditions>
    <sterilization>
      <deviceSterile>true</deviceSterile>
      <sterilizationPriorToUse>false</sterilizationPriorToUse>
      <methodTypes />
    </sterilization>
  </device>
  <device xmlns:xsi="http://www.w3.org/2001/XMLSchema-instance" xmlns="http://www.fda.gov/cdrh/gudid">
    <publicDeviceRecordKey>2b554728-65f7-4f9f-a865-bb242066f5fe</publicDeviceRecordKey>
    <publicVersionStatus>Update</publicVersionStatus>
    <deviceRecordStatus>Published</deviceRecordStatus>
    <!--Note: publicVersionNumber is system generated and assigned to all device records to track public release updates to a device record-->
    <publicVersionNumber>2</publicVersionNumber>
    <publicVersionDate>2019-05-07</publicVersionDate>
    <devicePublishDate>2018-11-14</devicePublishDate>
    <deviceCommDistributionEndDate xsi:nil="true" />
    <deviceCommDistributionStatus>In Commercial Distribution</deviceCommDistributionStatus>
    <identifiers>
      <identifier>
        <deviceId>B098CPA251451</deviceId>
        <deviceIdType>Package</deviceIdType>
        <deviceIdIssuingAgency>HIBCC</deviceIdIssuingAgency>
        <containsDINumber>B098CPA251450</containsDINumber>
        <pkgQuantity>6</pkgQuantity>
        <pkgDiscontinueDate xsi:nil="true" />
        <pkgStatus>In Commercial Distribution</pkgStatus>
        <pkgType>case</pkgType>
      </identifier>
      <identifier>
        <deviceId>B098CPA251450</deviceId>
        <deviceIdType>Primary</deviceIdType>
        <deviceIdIssuingAgency>HIBCC</deviceIdIssuingAgency>
        <containsDINumber xsi:nil="true" />
        <pkgQuantity xsi:nil="true" />
        <pkgDiscontinueDate xsi:nil="true" />
        <pkgStatus xsi:nil="true" />
        <pkgType xsi:nil="true" />
      </identifier>
    </identifiers>
    <brandName>Aligned Medical Solutions</brandName>
    <versionModelNumber>CPA25145</versionModelNumber>
    <catalogNumber>CPA25145</catalogNumber>
    <dunsNumber>106580145</dunsNumber>
    <companyName>Aligned Medical Solutions</companyName>
    <deviceCount>1</deviceCount>
    <deviceDescription>Dental Tray</deviceDescription>
    <DMExempt>false</DMExempt>
    <premarketExempt>true</premarketExempt>
    <deviceHCTP>false</deviceHCTP>
    <deviceKit>true</deviceKit>
    <deviceCombinationProduct>false</deviceCombinationProduct>
    <singleUse>true</singleUse>
    <lotBatch>true</lotBatch>
    <serialNumber>false</serialNumber>
    <manufacturingDate>true</manufacturingDate>
    <expirationDate>true</expirationDate>
    <donationIdNumber>false</donationIdNumber>
    <labeledContainsNRL>false</labeledContainsNRL>
    <labeledNoNRL>false</labeledNoNRL>
    <MRISafetyStatus>Labeling does not contain MRI Safety Information</MRISafetyStatus>
    <rx>true</rx>
    <otc>false</otc>
    <contacts>
      <customerContact>
        <phone>+1(888)637-7056</phone>
        <phoneExtension xsi:nil="true" />
        <email>customerservice@alignedmedicalsolutions.com</email>
      </customerContact>
    </contacts>
    <gmdnTerms>
      <gmdn>
        <gmdnCode>45148</gmdnCode>
        <gmdnPTName>Dental/maxillofacial surgical procedure kit, non-medicated, single-use</gmdnPTName>
        <gmdnPTDefinition>A collection of various sterile dental/surgical instruments, dressings and the necessary materials intended to be used to perform a dental or oral/maxillofacial surgical procedure. It does not contain any pharmaceuticals. This is a single-use device.</gmdnPTDefinition>
        <implantable>false</implantable>
        <gmdnCodeStatus>Active</gmdnCodeStatus>
      </gmdn>
    </gmdnTerms>
    <productCodes>
      <fdaProductCode>
        <productCode>OFX</productCode>
        <productCodeName>General purpose dental tray</productCodeName>
      </fdaProductCode>
    </productCodes>
    <deviceSizes />
    <environmentalConditions>
      <storageHandling>
        <storageHandlingType>Storage Environment Temperature</storageHandlingType>
        <storageHandlingHigh value="30" unit="Degrees Celsius" />
        <storageHandlingLow value="15" unit="Degrees Celsius" />
        <storageHandlingSpecialConditionText xsi:nil="true" />
      </storageHandling>
    </environmentalConditions>
    <sterilization>
      <deviceSterile>true</deviceSterile>
      <sterilizationPriorToUse>false</sterilizationPriorToUse>
      <methodTypes />
    </sterilization>
  </device>
  <device xmlns:xsi="http://www.w3.org/2001/XMLSchema-instance" xmlns="http://www.fda.gov/cdrh/gudid">
    <publicDeviceRecordKey>9665f780-63a8-4315-87de-3742705469a2</publicDeviceRecordKey>
    <publicVersionStatus>New</publicVersionStatus>
    <deviceRecordStatus>Published</deviceRecordStatus>
    <!--Note: publicVersionNumber is system generated and assigned to all device records to track public release updates to a device record-->
    <publicVersionNumber>1</publicVersionNumber>
    <publicVersionDate>2019-06-26</publicVersionDate>
    <devicePublishDate>2019-06-18</devicePublishDate>
    <deviceCommDistributionEndDate xsi:nil="true" />
    <deviceCommDistributionStatus>In Commercial Distribution</deviceCommDistributionStatus>
    <identifiers>
      <identifier>
        <deviceId>B098AMS95381</deviceId>
        <deviceIdType>Package</deviceIdType>
        <deviceIdIssuingAgency>HIBCC</deviceIdIssuingAgency>
        <containsDINumber>B098AMS95380</containsDINumber>
        <pkgQuantity>5</pkgQuantity>
        <pkgDiscontinueDate xsi:nil="true" />
        <pkgStatus>In Commercial Distribution</pkgStatus>
        <pkgType>case</pkgType>
      </identifier>
      <identifier>
        <deviceId>B098AMS95380</deviceId>
        <deviceIdType>Primary</deviceIdType>
        <deviceIdIssuingAgency>HIBCC</deviceIdIssuingAgency>
        <containsDINumber xsi:nil="true" />
        <pkgQuantity xsi:nil="true" />
        <pkgDiscontinueDate xsi:nil="true" />
        <pkgStatus xsi:nil="true" />
        <pkgType xsi:nil="true" />
      </identifier>
    </identifiers>
    <brandName>Aligned Medical Solutions</brandName>
    <versionModelNumber>AMS9538</versionModelNumber>
    <catalogNumber>AMS9538</catalogNumber>
    <dunsNumber>106580145</dunsNumber>
    <companyName>Aligned Medical Solutions</companyName>
    <deviceCount>1</deviceCount>
    <deviceDescription>Implant Pack</deviceDescription>
    <DMExempt>false</DMExempt>
    <premarketExempt>true</premarketExempt>
    <deviceHCTP>false</deviceHCTP>
    <deviceKit>true</deviceKit>
    <deviceCombinationProduct>false</deviceCombinationProduct>
    <singleUse>true</singleUse>
    <lotBatch>true</lotBatch>
    <serialNumber>false</serialNumber>
    <manufacturingDate>true</manufacturingDate>
    <expirationDate>true</expirationDate>
    <donationIdNumber>false</donationIdNumber>
    <labeledContainsNRL>false</labeledContainsNRL>
    <labeledNoNRL>false</labeledNoNRL>
    <MRISafetyStatus>Labeling does not contain MRI Safety Information</MRISafetyStatus>
    <rx>true</rx>
    <otc>false</otc>
    <contacts>
      <customerContact>
        <phone>+1(888)637-7056</phone>
        <phoneExtension xsi:nil="true" />
        <email>customerservice@alignedmedicalsolutions.com</email>
      </customerContact>
    </contacts>
    <gmdnTerms>
      <gmdn>
        <gmdnCode>45148</gmdnCode>
        <gmdnPTName>Dental/maxillofacial surgical procedure kit, non-medicated, single-use</gmdnPTName>
        <gmdnPTDefinition>A collection of various sterile dental/surgical instruments, dressings and the necessary materials intended to be used to perform a dental or oral/maxillofacial surgical procedure. It does not contain any pharmaceuticals. This is a single-use device.</gmdnPTDefinition>
        <implantable>false</implantable>
        <gmdnCodeStatus>Active</gmdnCodeStatus>
      </gmdn>
    </gmdnTerms>
    <productCodes>
      <fdaProductCode>
        <productCode>OFX</productCode>
        <productCodeName>General purpose dental tray</productCodeName>
      </fdaProductCode>
    </productCodes>
    <deviceSizes />
    <environmentalConditions>
      <storageHandling>
        <storageHandlingType>Storage Environment Temperature</storageHandlingType>
        <storageHandlingHigh value="30" unit="Degrees Celsius" />
        <storageHandlingLow value="15" unit="Degrees Celsius" />
        <storageHandlingSpecialConditionText xsi:nil="true" />
      </storageHandling>
    </environmentalConditions>
    <sterilization>
      <deviceSterile>true</deviceSterile>
      <sterilizationPriorToUse>false</sterilizationPriorToUse>
      <methodTypes />
    </sterilization>
  </device>
  <device xmlns:xsi="http://www.w3.org/2001/XMLSchema-instance" xmlns="http://www.fda.gov/cdrh/gudid">
    <publicDeviceRecordKey>83b5c620-dbab-4ab4-b340-cc4ba38f008c</publicDeviceRecordKey>
    <publicVersionStatus>Update</publicVersionStatus>
    <deviceRecordStatus>Published</deviceRecordStatus>
    <!--Note: publicVersionNumber is system generated and assigned to all device records to track public release updates to a device record-->
    <publicVersionNumber>2</publicVersionNumber>
    <publicVersionDate>2019-05-07</publicVersionDate>
    <devicePublishDate>2018-11-01</devicePublishDate>
    <deviceCommDistributionEndDate xsi:nil="true" />
    <deviceCommDistributionStatus>In Commercial Distribution</deviceCommDistributionStatus>
    <identifiers>
      <identifier>
        <deviceId>B098AMS59711</deviceId>
        <deviceIdType>Package</deviceIdType>
        <deviceIdIssuingAgency>HIBCC</deviceIdIssuingAgency>
        <containsDINumber>B098AMS59710</containsDINumber>
        <pkgQuantity>12</pkgQuantity>
        <pkgDiscontinueDate xsi:nil="true" />
        <pkgStatus>In Commercial Distribution</pkgStatus>
        <pkgType>case</pkgType>
      </identifier>
      <identifier>
        <deviceId>B098AMS59710</deviceId>
        <deviceIdType>Primary</deviceIdType>
        <deviceIdIssuingAgency>HIBCC</deviceIdIssuingAgency>
        <containsDINumber xsi:nil="true" />
        <pkgQuantity xsi:nil="true" />
        <pkgDiscontinueDate xsi:nil="true" />
        <pkgStatus xsi:nil="true" />
        <pkgType xsi:nil="true" />
      </identifier>
    </identifiers>
    <brandName>Aligned Medical Solutions</brandName>
    <versionModelNumber>AMS5971</versionModelNumber>
    <catalogNumber>AMS5971</catalogNumber>
    <dunsNumber>106580145</dunsNumber>
    <companyName>Aligned Medical Solutions</companyName>
    <deviceCount>1</deviceCount>
    <deviceDescription>Implant Pack - NS</deviceDescription>
    <DMExempt>false</DMExempt>
    <premarketExempt>true</premarketExempt>
    <deviceHCTP>false</deviceHCTP>
    <deviceKit>true</deviceKit>
    <deviceCombinationProduct>false</deviceCombinationProduct>
    <singleUse>true</singleUse>
    <lotBatch>true</lotBatch>
    <serialNumber>false</serialNumber>
    <manufacturingDate>true</manufacturingDate>
    <expirationDate>true</expirationDate>
    <donationIdNumber>false</donationIdNumber>
    <labeledContainsNRL>false</labeledContainsNRL>
    <labeledNoNRL>false</labeledNoNRL>
    <MRISafetyStatus>Labeling does not contain MRI Safety Information</MRISafetyStatus>
    <rx>true</rx>
    <otc>false</otc>
    <contacts>
      <customerContact>
        <phone>+1(888)637-7056</phone>
        <phoneExtension xsi:nil="true" />
        <email>customerservice@alignedmedicalsolutions.com</email>
      </customerContact>
    </contacts>
    <gmdnTerms>
      <gmdn>
        <gmdnCode>45148</gmdnCode>
        <gmdnPTName>Dental/maxillofacial surgical procedure kit, non-medicated, single-use</gmdnPTName>
        <gmdnPTDefinition>A collection of various sterile dental/surgical instruments, dressings and the necessary materials intended to be used to perform a dental or oral/maxillofacial surgical procedure. It does not contain any pharmaceuticals. This is a single-use device.</gmdnPTDefinition>
        <implantable>false</implantable>
        <gmdnCodeStatus>Active</gmdnCodeStatus>
      </gmdn>
    </gmdnTerms>
    <productCodes>
      <fdaProductCode>
        <productCode>OFX</productCode>
        <productCodeName>General purpose dental tray</productCodeName>
      </fdaProductCode>
    </productCodes>
    <deviceSizes />
    <environmentalConditions>
      <storageHandling>
        <storageHandlingType>Storage Environment Temperature</storageHandlingType>
        <storageHandlingHigh value="30" unit="Degrees Celsius" />
        <storageHandlingLow value="15" unit="Degrees Celsius" />
        <storageHandlingSpecialConditionText xsi:nil="true" />
      </storageHandling>
    </environmentalConditions>
    <sterilization>
      <deviceSterile>false</deviceSterile>
      <sterilizationPriorToUse>false</sterilizationPriorToUse>
      <methodTypes />
    </sterilization>
  </device>
  <device xmlns:xsi="http://www.w3.org/2001/XMLSchema-instance" xmlns="http://www.fda.gov/cdrh/gudid">
    <publicDeviceRecordKey>6854f6f0-2303-45de-be3c-b5ac9500d7a6</publicDeviceRecordKey>
    <publicVersionStatus>Update</publicVersionStatus>
    <deviceRecordStatus>Published</deviceRecordStatus>
    <!--Note: publicVersionNumber is system generated and assigned to all device records to track public release updates to a device record-->
    <publicVersionNumber>2</publicVersionNumber>
    <publicVersionDate>2019-05-07</publicVersionDate>
    <devicePublishDate>2018-11-01</devicePublishDate>
    <deviceCommDistributionEndDate xsi:nil="true" />
    <deviceCommDistributionStatus>In Commercial Distribution</deviceCommDistributionStatus>
    <identifiers>
      <identifier>
        <deviceId>B098AMS4814A1</deviceId>
        <deviceIdType>Package</deviceIdType>
        <deviceIdIssuingAgency>HIBCC</deviceIdIssuingAgency>
        <containsDINumber>B098AMS4814A0</containsDINumber>
        <pkgQuantity>8</pkgQuantity>
        <pkgDiscontinueDate xsi:nil="true" />
        <pkgStatus>In Commercial Distribution</pkgStatus>
        <pkgType>case</pkgType>
      </identifier>
      <identifier>
        <deviceId>B098AMS4814A0</deviceId>
        <deviceIdType>Primary</deviceIdType>
        <deviceIdIssuingAgency>HIBCC</deviceIdIssuingAgency>
        <containsDINumber xsi:nil="true" />
        <pkgQuantity xsi:nil="true" />
        <pkgDiscontinueDate xsi:nil="true" />
        <pkgStatus xsi:nil="true" />
        <pkgType xsi:nil="true" />
      </identifier>
    </identifiers>
    <brandName>Aligned Medical Solutions</brandName>
    <versionModelNumber>AMS4814A</versionModelNumber>
    <catalogNumber>AMS4814A</catalogNumber>
    <dunsNumber>106580145</dunsNumber>
    <companyName>Aligned Medical Solutions</companyName>
    <deviceCount>1</deviceCount>
    <deviceDescription>Dental Pack</deviceDescription>
    <DMExempt>false</DMExempt>
    <premarketExempt>true</premarketExempt>
    <deviceHCTP>false</deviceHCTP>
    <deviceKit>true</deviceKit>
    <deviceCombinationProduct>false</deviceCombinationProduct>
    <singleUse>true</singleUse>
    <lotBatch>true</lotBatch>
    <serialNumber>false</serialNumber>
    <manufacturingDate>true</manufacturingDate>
    <expirationDate>true</expirationDate>
    <donationIdNumber>false</donationIdNumber>
    <labeledContainsNRL>false</labeledContainsNRL>
    <labeledNoNRL>false</labeledNoNRL>
    <MRISafetyStatus>Labeling does not contain MRI Safety Information</MRISafetyStatus>
    <rx>true</rx>
    <otc>false</otc>
    <contacts>
      <customerContact>
        <phone>+1(888)637-7056</phone>
        <phoneExtension xsi:nil="true" />
        <email>customerservice@alignedmedicalsolutions.com</email>
      </customerContact>
    </contacts>
    <gmdnTerms>
      <gmdn>
        <gmdnCode>45148</gmdnCode>
        <gmdnPTName>Dental/maxillofacial surgical procedure kit, non-medicated, single-use</gmdnPTName>
        <gmdnPTDefinition>A collection of various sterile dental/surgical instruments, dressings and the necessary materials intended to be used to perform a dental or oral/maxillofacial surgical procedure. It does not contain any pharmaceuticals. This is a single-use device.</gmdnPTDefinition>
        <implantable>false</implantable>
        <gmdnCodeStatus>Active</gmdnCodeStatus>
      </gmdn>
    </gmdnTerms>
    <productCodes>
      <fdaProductCode>
        <productCode>OFX</productCode>
        <productCodeName>General purpose dental tray</productCodeName>
      </fdaProductCode>
    </productCodes>
    <deviceSizes />
    <environmentalConditions>
      <storageHandling>
        <storageHandlingType>Storage Environment Temperature</storageHandlingType>
        <storageHandlingHigh value="30" unit="Degrees Celsius" />
        <storageHandlingLow value="15" unit="Degrees Celsius" />
        <storageHandlingSpecialConditionText xsi:nil="true" />
      </storageHandling>
    </environmentalConditions>
    <sterilization>
      <deviceSterile>true</deviceSterile>
      <sterilizationPriorToUse>false</sterilizationPriorToUse>
      <methodTypes />
    </sterilization>
  </device>
  <device xmlns:xsi="http://www.w3.org/2001/XMLSchema-instance" xmlns="http://www.fda.gov/cdrh/gudid">
    <publicDeviceRecordKey>d549b028-625f-45ff-a6a9-67a03c92880c</publicDeviceRecordKey>
    <publicVersionStatus>New</publicVersionStatus>
    <deviceRecordStatus>Published</deviceRecordStatus>
    <!--Note: publicVersionNumber is system generated and assigned to all device records to track public release updates to a device record-->
    <publicVersionNumber>1</publicVersionNumber>
    <publicVersionDate>2024-03-05</publicVersionDate>
    <devicePublishDate>2024-02-26</devicePublishDate>
    <deviceCommDistributionEndDate xsi:nil="true" />
    <deviceCommDistributionStatus>In Commercial Distribution</deviceCommDistributionStatus>
    <identifiers>
      <identifier>
        <deviceId>B098AMS153741</deviceId>
        <deviceIdType>Package</deviceIdType>
        <deviceIdIssuingAgency>HIBCC</deviceIdIssuingAgency>
        <containsDINumber>B098AMS153740</containsDINumber>
        <pkgQuantity>10</pkgQuantity>
        <pkgDiscontinueDate xsi:nil="true" />
        <pkgStatus>In Commercial Distribution</pkgStatus>
        <pkgType>CASE</pkgType>
      </identifier>
      <identifier>
        <deviceId>B098AMS153740</deviceId>
        <deviceIdType>Primary</deviceIdType>
        <deviceIdIssuingAgency>HIBCC</deviceIdIssuingAgency>
        <containsDINumber xsi:nil="true" />
        <pkgQuantity xsi:nil="true" />
        <pkgDiscontinueDate xsi:nil="true" />
        <pkgStatus xsi:nil="true" />
        <pkgType xsi:nil="true" />
      </identifier>
    </identifiers>
    <brandName>Aligned Medical Solutions</brandName>
    <versionModelNumber>AMS15374</versionModelNumber>
    <catalogNumber>AMS15374</catalogNumber>
    <dunsNumber>106580145</dunsNumber>
    <companyName>Aligned Medical Solutions</companyName>
    <deviceCount>1</deviceCount>
    <deviceDescription>DENTAL IMPLANT KIT</deviceDescription>
    <DMExempt>false</DMExempt>
    <premarketExempt>true</premarketExempt>
    <deviceHCTP>false</deviceHCTP>
    <deviceKit>true</deviceKit>
    <deviceCombinationProduct>false</deviceCombinationProduct>
    <singleUse>true</singleUse>
    <lotBatch>true</lotBatch>
    <serialNumber>false</serialNumber>
    <manufacturingDate>true</manufacturingDate>
    <expirationDate>true</expirationDate>
    <donationIdNumber>false</donationIdNumber>
    <labeledContainsNRL>false</labeledContainsNRL>
    <labeledNoNRL>false</labeledNoNRL>
    <MRISafetyStatus>Labeling does not contain MRI Safety Information</MRISafetyStatus>
    <rx>true</rx>
    <otc>false</otc>
    <contacts>
      <customerContact>
        <phone>18006377056</phone>
        <phoneExtension xsi:nil="true" />
        <email>CUSTOMERSERVICE@ALIGNEDMEDICALSOLUTIONS.COM</email>
      </customerContact>
    </contacts>
    <gmdnTerms>
      <gmdn>
        <gmdnCode>45148</gmdnCode>
        <gmdnPTName>Dental/maxillofacial surgical procedure kit, non-medicated, single-use</gmdnPTName>
        <gmdnPTDefinition>A collection of various sterile dental/surgical instruments, dressings and the necessary materials intended to be used to perform a dental or oral/maxillofacial surgical procedure. It does not contain any pharmaceuticals. This is a single-use device.</gmdnPTDefinition>
        <implantable>false</implantable>
        <gmdnCodeStatus>Active</gmdnCodeStatus>
      </gmdn>
    </gmdnTerms>
    <productCodes>
      <fdaProductCode>
        <productCode>OFX</productCode>
        <productCodeName>General Purpose Dental Tray</productCodeName>
      </fdaProductCode>
    </productCodes>
    <deviceSizes />
    <environmentalConditions>
      <storageHandling>
        <storageHandlingType>Storage Environment Temperature</storageHandlingType>
        <storageHandlingHigh value="30" unit="Degrees Celsius" />
        <storageHandlingLow value="15" unit="Degrees Celsius" />
        <storageHandlingSpecialConditionText xsi:nil="true" />
      </storageHandling>
    </environmentalConditions>
    <sterilization>
      <deviceSterile>true</deviceSterile>
      <sterilizationPriorToUse>false</sterilizationPriorToUse>
      <methodTypes />
    </sterilization>
  </device>
  <device xmlns:xsi="http://www.w3.org/2001/XMLSchema-instance" xmlns="http://www.fda.gov/cdrh/gudid">
    <publicDeviceRecordKey>5c54aa0d-b466-407f-9d5c-0c8f7e80fadc</publicDeviceRecordKey>
    <publicVersionStatus>Update</publicVersionStatus>
    <deviceRecordStatus>Published</deviceRecordStatus>
    <!--Note: publicVersionNumber is system generated and assigned to all device records to track public release updates to a device record-->
    <publicVersionNumber>2</publicVersionNumber>
    <publicVersionDate>2023-07-28</publicVersionDate>
    <devicePublishDate>2023-07-17</devicePublishDate>
    <deviceCommDistributionEndDate xsi:nil="true" />
    <deviceCommDistributionStatus>In Commercial Distribution</deviceCommDistributionStatus>
    <identifiers>
      <identifier>
        <deviceId>B098AMS140621</deviceId>
        <deviceIdType>Package</deviceIdType>
        <deviceIdIssuingAgency>HIBCC</deviceIdIssuingAgency>
        <containsDINumber>B098AMS140620</containsDINumber>
        <pkgQuantity>6</pkgQuantity>
        <pkgDiscontinueDate xsi:nil="true" />
        <pkgStatus>In Commercial Distribution</pkgStatus>
        <pkgType>CASE</pkgType>
      </identifier>
      <identifier>
        <deviceId>B098AMS140620</deviceId>
        <deviceIdType>Primary</deviceIdType>
        <deviceIdIssuingAgency>HIBCC</deviceIdIssuingAgency>
        <containsDINumber xsi:nil="true" />
        <pkgQuantity xsi:nil="true" />
        <pkgDiscontinueDate xsi:nil="true" />
        <pkgStatus xsi:nil="true" />
        <pkgType xsi:nil="true" />
      </identifier>
    </identifiers>
    <brandName>Aligned Medical Solutions</brandName>
    <versionModelNumber>AMS14062</versionModelNumber>
    <catalogNumber>AMS14062</catalogNumber>
    <dunsNumber>106580145</dunsNumber>
    <companyName>Aligned Medical Solutions</companyName>
    <deviceCount>1</deviceCount>
    <deviceDescription>ORAL SURGERY PACK</deviceDescription>
    <DMExempt>false</DMExempt>
    <premarketExempt>true</premarketExempt>
    <deviceHCTP>false</deviceHCTP>
    <deviceKit>true</deviceKit>
    <deviceCombinationProduct>false</deviceCombinationProduct>
    <singleUse>true</singleUse>
    <lotBatch>true</lotBatch>
    <serialNumber>false</serialNumber>
    <manufacturingDate>true</manufacturingDate>
    <expirationDate>true</expirationDate>
    <donationIdNumber>false</donationIdNumber>
    <labeledContainsNRL>false</labeledContainsNRL>
    <labeledNoNRL>false</labeledNoNRL>
    <MRISafetyStatus>Labeling does not contain MRI Safety Information</MRISafetyStatus>
    <rx>true</rx>
    <otc>false</otc>
    <contacts>
      <customerContact>
        <phone>18006377056</phone>
        <phoneExtension xsi:nil="true" />
        <email>CUSTOMERSERVICE@ALIGNEDMEDICALSOLUTIONS.COM</email>
      </customerContact>
    </contacts>
    <gmdnTerms>
      <gmdn>
        <gmdnCode>45148</gmdnCode>
        <gmdnPTName>Dental/maxillofacial surgical procedure kit, non-medicated, single-use</gmdnPTName>
        <gmdnPTDefinition>A collection of various sterile dental/surgical instruments, dressings and the necessary materials intended to be used to perform a dental or oral/maxillofacial surgical procedure. It does not contain any pharmaceuticals. This is a single-use device.</gmdnPTDefinition>
        <implantable>false</implantable>
        <gmdnCodeStatus>Active</gmdnCodeStatus>
      </gmdn>
    </gmdnTerms>
    <productCodes>
      <fdaProductCode>
        <productCode>OFX</productCode>
        <productCodeName>General Purpose Dental Tray</productCodeName>
      </fdaProductCode>
    </productCodes>
    <deviceSizes />
    <environmentalConditions>
      <storageHandling>
        <storageHandlingType>Storage Environment Temperature</storageHandlingType>
        <storageHandlingHigh value="30" unit="Degrees Celsius" />
        <storageHandlingLow value="15" unit="Degrees Celsius" />
        <storageHandlingSpecialConditionText xsi:nil="true" />
      </storageHandling>
    </environmentalConditions>
    <sterilization>
      <deviceSterile>true</deviceSterile>
      <sterilizationPriorToUse>false</sterilizationPriorToUse>
      <methodTypes />
    </sterilization>
  </device>
  <device xmlns:xsi="http://www.w3.org/2001/XMLSchema-instance" xmlns="http://www.fda.gov/cdrh/gudid">
    <publicDeviceRecordKey>bf17a776-6cd2-4672-bbc5-4986b73d005f</publicDeviceRecordKey>
    <publicVersionStatus>Update</publicVersionStatus>
    <deviceRecordStatus>Published</deviceRecordStatus>
    <!--Note: publicVersionNumber is system generated and assigned to all device records to track public release updates to a device record-->
    <publicVersionNumber>2</publicVersionNumber>
    <publicVersionDate>2019-05-07</publicVersionDate>
    <devicePublishDate>2018-10-31</devicePublishDate>
    <deviceCommDistributionEndDate xsi:nil="true" />
    <deviceCommDistributionStatus>In Commercial Distribution</deviceCommDistributionStatus>
    <identifiers>
      <identifier>
        <deviceId>B09800578321</deviceId>
        <deviceIdType>Package</deviceIdType>
        <deviceIdIssuingAgency>HIBCC</deviceIdIssuingAgency>
        <containsDINumber>B09800578320</containsDINumber>
        <pkgQuantity>18</pkgQuantity>
        <pkgDiscontinueDate xsi:nil="true" />
        <pkgStatus>In Commercial Distribution</pkgStatus>
        <pkgType>case</pkgType>
      </identifier>
      <identifier>
        <deviceId>B09800578320</deviceId>
        <deviceIdType>Primary</deviceIdType>
        <deviceIdIssuingAgency>HIBCC</deviceIdIssuingAgency>
        <containsDINumber xsi:nil="true" />
        <pkgQuantity xsi:nil="true" />
        <pkgDiscontinueDate xsi:nil="true" />
        <pkgStatus xsi:nil="true" />
        <pkgType xsi:nil="true" />
      </identifier>
    </identifiers>
    <brandName>Aligned Medical Solutions</brandName>
    <versionModelNumber>0057832</versionModelNumber>
    <catalogNumber>0057832</catalogNumber>
    <dunsNumber>106580145</dunsNumber>
    <companyName>Aligned Medical Solutions</companyName>
    <deviceCount>1</deviceCount>
    <deviceDescription>Dental Pack</deviceDescription>
    <DMExempt>false</DMExempt>
    <premarketExempt>true</premarketExempt>
    <deviceHCTP>false</deviceHCTP>
    <deviceKit>true</deviceKit>
    <deviceCombinationProduct>false</deviceCombinationProduct>
    <singleUse>true</singleUse>
    <lotBatch>true</lotBatch>
    <serialNumber>false</serialNumber>
    <manufacturingDate>true</manufacturingDate>
    <expirationDate>true</expirationDate>
    <donationIdNumber>false</donationIdNumber>
    <labeledContainsNRL>false</labeledContainsNRL>
    <labeledNoNRL>false</labeledNoNRL>
    <MRISafetyStatus>Labeling does not contain MRI Safety Information</MRISafetyStatus>
    <rx>true</rx>
    <otc>false</otc>
    <contacts>
      <customerContact>
        <phone>+1(888)637-7056</phone>
        <phoneExtension xsi:nil="true" />
        <email>customerservice@alignedmedicalsolutions.com</email>
      </customerContact>
    </contacts>
    <gmdnTerms>
      <gmdn>
        <gmdnCode>45148</gmdnCode>
        <gmdnPTName>Dental/maxillofacial surgical procedure kit, non-medicated, single-use</gmdnPTName>
        <gmdnPTDefinition>A collection of various sterile dental/surgical instruments, dressings and the necessary materials intended to be used to perform a dental or oral/maxillofacial surgical procedure. It does not contain any pharmaceuticals. This is a single-use device.</gmdnPTDefinition>
        <implantable>false</implantable>
        <gmdnCodeStatus>Active</gmdnCodeStatus>
      </gmdn>
    </gmdnTerms>
    <productCodes>
      <fdaProductCode>
        <productCode>OFX</productCode>
        <productCodeName>General purpose dental tray</productCodeName>
      </fdaProductCode>
    </productCodes>
    <deviceSizes />
    <environmentalConditions>
      <storageHandling>
        <storageHandlingType>Storage Environment Temperature</storageHandlingType>
        <storageHandlingHigh value="30" unit="Degrees Celsius" />
        <storageHandlingLow value="15" unit="Degrees Celsius" />
        <storageHandlingSpecialConditionText xsi:nil="true" />
      </storageHandling>
    </environmentalConditions>
    <sterilization>
      <deviceSterile>true</deviceSterile>
      <sterilizationPriorToUse>false</sterilizationPriorToUse>
      <methodTypes />
    </sterilization>
  </device>
</devices>